{
  "id": 1108800853,
  "type": "Feature",
  "properties": {
    "edtf:cessation":"uuuu",
    "edtf:deprecated":"",
    "edtf:inception":"uuuu",
    "geom:area":0.003353,
    "geom:area_square_m":34839650.751178,
    "geom:bbox":"-117.234878571,32.7699950409,-117.152716,32.8476440168",
    "geom:latitude":32.816404,
    "geom:longitude":-117.194539,
    "iso:country":"US",
    "lbl:latitude":32.819827,
    "lbl:longitude":-117.193919,
    "mps:latitude":32.819827,
    "mps:longitude":-117.193919,
    "mz:hierarchy_label":1,
    "mz:is_current":0,
    "mz:is_funky":0,
    "mz:is_hard_boundary":0,
    "mz:is_landuse_aoi":0,
    "mz:is_official":0,
    "mz:max_zoom":16.0,
    "mz:min_zoom":12.0,
    "mz:note":"",
    "mz:tier_metro":1,
    "name:eng_x_variant":[
        "Clairemont Mesa"
    ],
    "reversegeo:latitude":32.819827,
    "reversegeo:longitude":-117.193919,
    "src:geom":"mz",
    "src:geom_alt":[],
    "src:lbl:centroid":"mz",
    "wof:belongsto":[
        85688637,
        102191575,
        85633793,
        85922227,
        102083569
    ],
    "wof:breaches":[],
    "wof:concordances":{},
    "wof:country":"US",
    "wof:geomhash":"05f075d02e9ab67827ab4320deb3968b",
    "wof:hierarchy":[
        {
            "continent_id":102191575,
            "country_id":85633793,
            "county_id":102083569,
            "locality_id":85922227,
            "macrohood_id":1108800853,
            "region_id":85688637
        }
    ],
    "wof:id":1108800853,
    "wof:lastmodified":1511300774,
    "wof:name":"Clairemont",
    "wof:parent_id":85922227,
    "wof:placetype":"macrohood",
    "wof:repo":"whosonfirst-data-admin-us",
    "wof:superseded_by":[],
    "wof:supersedes":[
        85811115
    ],
    "wof:tags":[]
},
  "bbox": [
    -117.23487857138007,
    32.76999504090122,
    -117.15271600013838,
    32.84764401683198
],
  "geometry": {"coordinates":[[[[-117.17387603367548,32.80212699139138],[-117.17400199896142,32.80205600192441],[-117.17402199797881,32.80199000043479],[-117.17433713844294,32.80184641542076],[-117.17435999956867,32.80183599913931],[-117.17447799823994,32.8016990005786],[-117.17447799761139,32.80156100011069],[-117.17422999897448,32.8013299995858],[-117.1741980006008,32.80120399958779],[-117.17424999899357,32.80106600012355],[-117.17439299863891,32.80091800178038],[-117.17479000042044,32.80098399982691],[-117.17486899886833,32.80081899975442],[-117.17483599904311,32.80068199959353],[-117.17449099792766,32.80035200168527],[-117.17493979146177,32.799987135301],[-117.17499899980879,32.79993899934396],[-117.17522699811531,32.79980200033611],[-117.17561699943049,32.79958200134108],[-117.17600800012173,32.79949899912867],[-117.17627499860647,32.79922399921411],[-117.17660099900704,32.79906000014654],[-117.17716700042831,32.79893900155876],[-117.17736199844177,32.79897700014103],[-117.17745971043067,32.79903529470064],[-117.17753800078825,32.79908200167216],[-117.17776436502155,32.79908678031766],[-117.17805899881289,32.79909299953496],[-117.1782479981737,32.79908699951049],[-117.17847599996146,32.79892200072969],[-117.17848899908419,32.79865300135382],[-117.17844719576188,32.79858623190662],[-117.17841699912977,32.79853800051252],[-117.17834600090761,32.79842199988123],[-117.1784239992779,32.79809200024543],[-117.17861899870462,32.79793800159416],[-117.17925700070165,32.79788300167115],[-117.17950100120213,32.7979470000537],[-117.17963500084862,32.79798199941617],[-117.1798950014837,32.79795400169167],[-117.18010400035054,32.79785600079717],[-117.18031899864995,32.79791100028299],[-117.1806119993137,32.79781699945525],[-117.18093700063423,32.79762499992319],[-117.18108699979099,32.79771800005275],[-117.18117089330327,32.79781996341838],[-117.18128199915419,32.79795499917645],[-117.18151700092392,32.79803200151517],[-117.18154199860894,32.79802599976008],[-117.18173799940105,32.79799300052462],[-117.18193300039871,32.79787200083815],[-117.18212900082962,32.79748700046365],[-117.18229100111833,32.79727799981881],[-117.18234850038691,32.7971331520078],[-117.18242199848279,32.79694800130228],[-117.18255199887278,32.79678300122875],[-117.18269738876664,32.79674596520364],[-117.18302699937426,32.79666200062515],[-117.18326800115746,32.79671699906755],[-117.18376422333368,32.79662029702977],[-117.18397100052162,32.79658000058053],[-117.18439399910785,32.79637100112018],[-117.18449200073115,32.79626099999603],[-117.18450814772761,32.79622592754302],[-117.18470699921288,32.79579400058434],[-117.18491500019059,32.79551899963413],[-117.18506499960003,32.79517800038746],[-117.18567000004198,32.79439099953351],[-117.18598300043938,32.79420400010886],[-117.18623699884665,32.79413300080844],[-117.18662799882738,32.79392399987812],[-117.18693999999262,32.79382999912591],[-117.18723271038209,32.79362220674958],[-117.18723300025077,32.79362200115799],[-117.18754600037556,32.79340100123774],[-117.18809899820869,32.79320900156371],[-117.18858800005631,32.79293500005532],[-117.18870247036227,32.79287123377541],[-117.18870474529139,32.79286996658448],[-117.18873699863957,32.79285199951475],[-117.1889450006807,32.79282400147128],[-117.18900999930882,32.79253300180147],[-117.18903599908359,32.79226900068446],[-117.18899699766055,32.7920649995824],[-117.18873699810457,32.7914880005407],[-117.18845699874754,32.79110299999669],[-117.18827499923073,32.79065200125628],[-117.18809899893864,32.7895360008205],[-117.18800100017391,32.78933199978156],[-117.18785100142108,32.78920600108476],[-117.1876429992667,32.78914000058768],[-117.18701799856328,32.78911200073293],[-117.18690799857714,32.78903000071008],[-117.18684200071964,32.78886499929436],[-117.1869530012693,32.78833700097177],[-117.18687499998529,32.78789699922581],[-117.18695300008608,32.7877049999995],[-117.18716800075448,32.78750099950877],[-117.18718099890155,32.78722599899578],[-117.18706999933173,32.78710000011496],[-117.18674500091905,32.78706100001913],[-117.18638699972067,32.7868249989167],[-117.18618499887273,32.78653899991346],[-117.18611999931477,32.78613700189905],[-117.18578099891937,32.78597200049682],[-117.18563200083307,32.78561500020744],[-117.18545600001448,32.78536699918843],[-117.18537099838464,32.78506500075019],[-117.18537099781997,32.78492800062362],[-117.18555399870704,32.78455900146394],[-117.18555299864943,32.78443300025523],[-117.185312999187,32.78424600110754],[-117.18514899964715,32.78398400121063],[-117.18507800116794,32.7838720008342],[-117.18487589965109,32.78367264772418],[-117.18487420527519,32.78367264887657],[-117.18464488584567,32.78367284984859],[-117.18464319146977,32.78367285099782],[-117.18451636405744,32.78367295996253],[-117.18451466968153,32.78367296111004],[-117.18446593146318,32.78367300372669],[-117.18445635884954,32.78408546456142],[-117.1844547669247,32.78415407974283],[-117.18445315466502,32.78415055116444],[-117.18438432059696,32.7839998987105],[-117.18378522380618,32.78268868729842],[-117.1837792284467,32.7826759135467],[-117.18377326873114,32.78266312578244],[-117.1837673414644,32.78265032952689],[-117.18376144984163,32.78263751925876],[-117.18375559389187,32.78262469772638],[-117.18374977361522,32.78261186492979],[-117.18374398578727,32.78259902364189],[-117.18373823685671,32.78258616831683],[-117.18373252034566,32.78257330175221],[-117.18372683953679,32.78256042667167],[-117.18372363190146,32.78255310963367],[-117.18372119111828,32.78254753760324],[-117.18371558165538,32.78253463999431],[-117.18371000458279,32.78252172839743],[-117.1837044664658,32.78250880826012],[-117.18369896076827,32.78249587688322],[-117.18369349074369,32.78248293424212],[-117.18368805316771,32.78246998310978],[-117.18368265451807,32.78245702068866],[-117.18367729154127,32.78244404700334],[-117.18367196098393,32.78243106207848],[-117.18366666938199,32.78241806861319],[-117.18366141019953,32.78240506390832],[-117.18365618671896,32.78239205068763],[-117.18365099888207,32.78237902345448],[-117.18364585002972,32.78236599042919],[-117.1836407335967,32.78235294616438],[-117.18363565283641,32.78233989063543],[-117.1836317487215,32.78232979186164],[-117.18363101380837,32.78232791330851],[-117.18362664524817,32.78231674200123],[-117.18362159049039,32.78230368352651],[-117.1836165680937,32.7822906083157],[-117.18361159118827,32.78227752726354],[-117.18360665971589,32.78226443487342],[-117.18360177036477,32.78225132567342],[-117.18359691996889,32.78223820793298],[-117.18359211500598,32.7822250788546],[-117.18358735225168,32.78221194121127],[-117.18358263164775,32.78219878950631],[-117.18357795322332,32.78218562648802],[-117.18357331700743,32.78217245490476],[-117.18356872622442,32.78215927198359],[-117.18356417436736,32.78214607777377],[-117.18356152494276,32.78213831674601],[-117.18355966797232,32.78213287497437],[-117.18355520375661,32.78211966086165],[-117.18355078172027,32.78210643543568],[-117.18354640189249,32.78209320144478],[-117.18354206749737,32.78207995611596],[-117.18353777528158,32.78206669947389],[-117.18353352527424,32.78205343426691],[-117.18352931747528,32.78204016049499],[-117.18352515188472,32.78202687815802],[-117.18352103172687,32.78201358448334],[-117.18351695374817,32.78200027949537],[-117.18351291797784,32.78198696594246],[-117.18350892769838,32.78197364654829],[-117.18350497956894,32.78196031309265],[-117.18350107367691,32.78194697382036],[-117.18350078667883,32.78194598927144],[-117.18349691648835,32.78193264148345],[-117.18349308525264,32.78191928515515],[-117.18348928974748,32.78190592305949],[-117.18348553319711,32.78189255242354],[-117.18348181560148,32.78187917324725],[-117.18347813698978,32.78186578827902],[-117.18347449407943,32.78185239479511],[-117.18347089015285,32.78183899551917],[-117.18346732192761,32.78182558772761],[-117.18346379265709,32.78181217139575],[-117.18346030237035,32.78179874927196],[-117.18345685106736,32.78178532135612],[-117.18345343546565,32.78177188492472],[-117.18345005884768,32.78175844270129],[-117.18344672443777,32.78174499191304],[-117.18344342250469,32.78173153538204],[-117.18344015955533,32.78171807305906],[-117.18343693558968,32.78170460494416],[-117.18343375057856,32.781691128289],[-117.18343060455112,32.78167764584189],[-117.18342749425388,32.78166415762746],[-117.18342676051775,32.78166093091404],[-117.18342442291109,32.78165066087281],[-117.18342139058107,32.78163716107451],[-117.18341839720553,32.78162365273597],[-117.18341543958925,32.78161014137842],[-117.18341252092739,32.78159662148063],[-117.18340964124907,32.78158309579092],[-117.18340680055427,32.78156956430932],[-117.18340399887208,32.78155602978409],[-117.18340123289083,32.78154248674324],[-117.18339850589307,32.78152893791048],[-117.18339581790791,32.78151538603413],[-117.18339316562361,32.78150182564217],[-117.18339055888779,32.7814882649057],[-117.18338798782369,32.78147469290532],[-117.18338545254784,32.78146112063426],[-117.18338295619708,32.78144753707471],[-117.18338049891707,32.78143395596816],[-117.18337808059123,32.7814203663214],[-117.18337695136394,32.781413899342],[-117.18337570124875,32.7814067708828],[-117.18337336091859,32.78139317240059],[-117.18337105634753,32.78137957089941],[-117.18336879398392,32.78136596083341],[-117.18336656737932,32.78135234774845],[-117.18336437978706,32.78133873161993],[-117.18336223117795,32.78132510969952],[-117.18336011832784,32.78131148476014],[-117.18335805096764,32.78129785397968],[-117.18335601611292,32.78128422020484],[-117.18335402349473,32.78127058061359],[-117.18335206663541,32.78125693800335],[-117.18335014878828,32.78124329234952],[-117.18334827317766,32.78122964087924],[-117.18334643335488,32.7812159891383],[-117.18334463251526,32.7812023316055],[-117.18334287062943,32.78118866553253],[-117.18334114784317,32.78117500466096],[-117.18333946075738,32.78116133527381],[-117.18333781596614,32.78114766556682],[-117.18333620690454,32.78113399009256],[-117.18333536785111,32.78112665788243],[-117.18333464010836,32.78112031155019],[-117.18333310907083,32.78110662998881],[-117.1833316202987,32.78109294535935],[-117.18333016731435,32.78107926045923],[-117.18332875331284,32.78106556976726],[-117.18332737832328,32.78105187603176],[-117.18332604234571,32.78103817925268],[-117.18332474540918,32.7810244821784],[-117.18332348423118,32.78101078208515],[-117.18332226857186,32.78099707889923],[-117.18332108867104,32.78098337269434],[-117.18331994778202,32.78096966344589],[-117.18331884593401,32.78095595390224],[-117.1833182774389,32.78094866911952],[-117.18331777984447,32.78094224133966],[-117.18331675602013,32.78092852570894],[-117.18331576801239,32.7809148125559],[-117.18331482224067,32.78090109358646],[-117.18331391219826,32.78088736884977],[-117.18331304447918,32.78087364654154],[-117.18331221254756,32.78085992396268],[-117.18331142288103,32.78084619831573],[-117.18331066897278,32.78083246964983],[-117.18330995410533,32.78081874068872],[-117.18330927827866,32.78080501143241],[-117.183308644717,32.78079127910794],[-117.18330804694268,32.78077754651287],[-117.18330748820907,32.78076381362259],[-117.18330696848705,32.78075007768878],[-117.18330648780568,32.78073634145972],[-117.18330604616497,32.78072260493548],[-117.18330564356491,32.78070886811605],[-117.18330527997634,32.78069512825306],[-117.18330495542837,32.78068138809486],[-117.18330466995013,32.78066765038977],[-117.18330442348329,32.78065390964114],[-117.18330421280369,32.78064016862191],[-117.18330404441795,32.78062642728285],[-117.18330391507273,32.7806126856486],[-117.18330382476803,32.7805989437191],[-117.18330376699701,32.78058520154359],[-117.18330375802663,32.78057145899911],[-117.18330378487242,32.78055771893229],[-117.18330381121523,32.78055222168815],[-117.18330384747611,32.78054397584656],[-117.18330395237356,32.78053023244099],[-117.18330409311631,32.78051649426145],[-117.18330427609456,32.78050275026547],[-117.18330449488886,32.78048900874713],[-117.18330466405503,32.78048010225514],[-117.18330475600601,32.78047526965734],[-117.18330505291013,32.78046153029693],[-117.18330538885452,32.78044779064131],[-117.18330577034592,32.78043405064121],[-117.18330618114662,32.78042031316807],[-117.18330663426997,32.78040657812336],[-117.18330712643362,32.7803928427835],[-117.1833076608908,32.78037910712376],[-117.18330823116392,32.78036537394175],[-117.18330884047727,32.78035164046449],[-117.18330948885985,32.78033790944033],[-117.18331017631165,32.78032418086924],[-117.18331089955025,32.78031045202752],[-117.18331166836471,32.78029672558971],[-117.18331246971262,32.78028299890588],[-117.18331305227042,32.780273495607],[-117.18331331341213,32.78026927739882],[-117.18331419615174,32.78025555559653],[-117.1833151179313,32.78024183349903],[-117.18331607555578,32.78022811662748],[-117.1833170754736,32.78021439943614],[-117.18331811120716,32.78020068472247],[-117.18331918929222,32.78018697518556],[-117.18332030316394,32.78017326537803],[-117.18332145610466,32.7801595580236],[-117.18332264811437,32.78014585312216],[-117.18332388241731,32.78013214790096],[-117.18332515253593,32.78011844515742],[-117.18332646175259,32.78010474761525],[-117.1833278068431,32.78009105804733],[-117.18332919419764,32.78007736541128],[-117.18333062062108,32.7800636752283],[-117.18333208614253,32.78004999024667],[-117.18333358745039,32.78003630499443],[-117.18333513110956,32.78002262491891],[-117.18333671061336,32.78000895006936],[-117.18333832915683,32.77999527492459],[-117.18333998679827,32.77998160498119],[-117.18334168350847,32.77996793749082],[-117.18334269545792,32.77995996187166],[-117.18334341928747,32.77995427245348],[-117.18334519416425,32.77994061261754],[-117.18334700813892,32.7799269579829],[-117.18334886118235,32.77991330580134],[-117.18335074678775,32.77989965612203],[-117.18335267799763,32.77988601159484],[-117.18335464827619,32.77987236952074],[-117.18335665439915,32.77985873267257],[-117.18335869633742,32.77984509830202],[-117.18336078385093,32.77983146633526],[-117.18336290404287,32.779817847864],[-117.18336506324509,32.77980422634918],[-117.18336726154502,32.77979061003568],[-117.18336950219597,32.77977699889887],[-117.18337177869122,32.77976339298805],[-117.18337409425492,32.77974978953022],[-117.18337644566289,32.77973619129833],[-117.18337883942181,32.77972259824315],[-117.18338126905408,32.77970901316219],[-117.18338373447232,32.77969542781052],[-117.18338624877725,32.7796818503347],[-117.18338879241963,32.77966827813401],[-117.18339137841289,32.77965471110998],[-117.1833940002503,32.7796411493119],[-117.18339666440936,32.77962758994219],[-117.18339936444164,32.77961403854674],[-117.18340210031806,32.77960049237716],[-117.183404875321,32.77958695415717],[-117.1834076893922,32.77957341839016],[-117.18341002816706,32.77956231316301],[-117.18341054258994,32.77955989057278],[-117.18341343485589,32.77954636520836],[-117.18341636624834,32.77953284779355],[-117.18341933351388,32.77951933835293],[-117.1834223398476,32.77950583136527],[-117.18342538530776,32.7794923323272],[-117.18342846664096,32.77947884126331],[-117.18343158704232,32.77946535265242],[-117.18343474659919,32.77945187473937],[-117.1834379452241,32.7794383992793],[-117.1834411764396,32.77942492906968],[-117.18344445657053,32.77941146948415],[-117.18344776603858,32.77939801517365],[-117.18345111788631,32.77938456878817],[-117.18345450557787,32.77937112762847],[-117.18345793239568,32.77935769441835],[-117.18346139505722,32.77934426643408],[-117.18346489684502,32.77933084639938],[-117.18346843775899,32.77931743431418],[-117.18347202105248,32.77930403015393],[-117.18347563368302,32.77929063126874],[-117.18347928869302,32.77927724030846],[-117.18348297957587,32.77926385732231],[-117.18348670958484,32.77925048228568],[-117.18349047869079,32.77923711245028],[-117.18349428369859,32.77922375333732],[-117.18349627322162,32.77921684224671],[-117.18349812780335,32.77921039942554],[-117.18350200778083,32.77919705348789],[-117.18350593016679,32.77918371822344],[-117.18350988514302,32.77917038820939],[-117.18351387924523,32.77915706614488],[-117.18351791250259,32.77914375477813],[-117.18352198485677,32.7791304486126],[-117.1835260931127,32.77911715316947],[-117.18353023721212,32.77910386295211],[-117.18353442046663,32.7790905834325],[-117.18353864284703,32.7790773118624],[-117.1835429011,32.77906404826639],[-117.1835471952546,32.77905079539276],[-117.18355152853512,32.77903755046859],[-117.1835559009415,32.77902431349385],[-117.18356030922037,32.7790110844932],[-117.18356146680276,32.77900764283265],[-117.18356475665415,32.77899786619033],[-117.18356923996043,32.77898465586146],[-117.18357376242162,32.77897145623036],[-117.18357831750197,32.77895826459793],[-117.1835829149905,32.77894508363858],[-117.18358754835141,32.77893191065336],[-117.18359221758475,32.77891874564209],[-117.18359692597291,32.77890559132858],[-117.18360167026259,32.77889244773743],[-117.18360645367792,32.77887931209563],[-117.18360941992552,32.77887123648684],[-117.18361127299478,32.77886618717622],[-117.18361612821306,32.77885307297908],[-117.18362102255698,32.77883996673136],[-117.18362595280233,32.77882687120594],[-117.18363091894911,32.77881378640279],[-117.18363592422145,32.77880070954906],[-117.18364096864845,32.77878764339303],[-117.1836460457527,32.77877459073218],[-117.18365116198244,32.77876154602074],[-117.18365631408442,32.77874850928324],[-117.1836615053702,32.77873548599172],[-117.18366673255721,32.77872247342245],[-117.18367199564562,32.77870947157545],[-117.18367531587943,32.77870133556814],[-117.1836772978594,32.77869647767782],[-117.1836826327503,32.77868349727539],[-117.18368800679582,32.77867052757054],[-117.18369341996672,32.7786575658151],[-117.18369684430216,32.77864942901961],[-117.18369886584384,32.77864462030306],[-117.18370434756388,32.77863168001669],[-117.18370986846753,32.7786187531762],[-117.18371542530153,32.77860583980628],[-117.18372102126091,32.77859293438568],[-117.18372664989722,32.77858004246016],[-117.18373231768801,32.77856716123231],[-117.18373802137992,32.7785542907266],[-117.18374376100209,32.77854143369141],[-117.18374953652538,32.77852858737845],[-117.18375535120303,32.77851575176307],[-117.18376119855763,32.77850292964276],[-117.18376708506661,32.77849011822008],[-117.18377300747659,32.77847731751952],[-117.18377896256349,32.77846453031405],[-117.18378495683383,32.77845175655446],[-117.18379098700518,32.77843899351702],[-117.18379705310667,32.77842624395006],[-117.18380315833329,32.77841350233231],[-117.18380929623675,32.77840077420968],[-117.18381547012856,32.77838806505404],[-117.18381731711773,32.7783842856036],[-117.18382167989219,32.77837536387223],[-117.18382792881003,32.77836267338799],[-117.1838342104338,32.77834999914705],[-117.18384052795847,32.77833733562825],[-117.18384432917431,32.77832976492105],[-117.18384688141316,32.77832468557987],[-117.18385327405116,32.77831204897728],[-117.18385969930762,32.77829942037309],[-117.18386616055233,32.77828681073593],[-117.18387265772704,32.77827421456912],[-117.18387919405585,32.77826162909982],[-117.18388575980806,32.77824905715011],[-117.1838923647435,32.77823649864616],[-117.18389900235557,32.77822395363722],[-117.1839056791509,32.77821142207404],[-117.18391238862283,32.77819890400582],[-117.18391913727793,32.77818639938332],[-117.18392286147179,32.77817954387233],[-117.18392592186289,32.7781739082312],[-117.18393273261793,32.77816143062328],[-117.18393958580936,32.77814896643643],[-117.18394647495975,32.77813651846821],[-117.1839533967576,32.77812408124663],[-117.18396035451443,32.77811166024371],[-117.18396734820105,32.77809925271105],[-117.18397437784664,32.77808686139705],[-117.18398144013956,32.77807448082964],[-117.18398853839143,32.77806211648083],[-117.18399567257303,32.77804976560229],[-117.18400284271357,32.77803743094234],[-117.1840100455306,32.77802510977732],[-117.1840172842482,32.77801279933421],[-117.18402455572961,32.77800051063097],[-117.18403186311166,32.77798823264958],[-117.18403920645255,32.77797597088681],[-117.18404658572312,32.77796372259433],[-117.18405399769922,32.77795149054492],[-117.18406144563414,32.77793927471411],[-117.18406892624546,32.7779270723781],[-117.18407644278639,32.77791488351233],[-117.18407976955893,32.77790951795493],[-117.18408399203287,32.77790271088972],[-117.18409157723811,32.77789055448557],[-117.18409919514882,32.77787841432458],[-117.18410684576503,32.7778662904067],[-117.18411453878822,32.77785417716147],[-117.18412226129274,32.77784208293224],[-117.18413001650269,32.77783000494613],[-117.18413780764223,32.77781794043017],[-117.18414563474046,32.77780589213271],[-117.18415349129084,32.77779386010292],[-117.18416138705318,32.77778184426696],[-117.18416931229676,32.77776984744702],[-117.18417727344075,32.77775786134887],[-117.18418527057248,32.77774589421749],[-117.18419329712719,32.77773394060549],[-117.18420135966973,32.77772200596016],[-117.18420945817083,32.77771008753326],[-117.18421758937731,32.77769818534941],[-117.18422575328914,32.77768629940855],[-117.18422754765704,32.77768369671774],[-117.18422991558467,32.77768026238002],[-117.1842382855564,32.7776684793224],[-117.18424668495106,32.77765670978408],[-117.1842551105444,32.77764495653803],[-117.18426356553152,32.7776332140629],[-117.18427204671734,32.77762148788002],[-117.18428055735518,32.77760977796478],[-117.18428909090932,32.777598081618],[-117.18429766039283,32.77758639874127],[-117.1843062527926,32.77757472943308],[-117.18431487467355,32.77756307914074],[-117.18432352591897,32.77755143687104],[-117.18433220016813,32.77753981641474],[-117.18434090703504,32.77752820395649],[-117.18434963687655,32.77751661056332],[-117.1843583993941,32.77750503066476],[-117.18436718485705,32.77749346708296],[-117.1843759997428,32.77748191702043],[-117.18438484408043,32.77747038322536],[-117.18439371133429,32.77745886299878],[-117.18440260804009,32.77744735903971],[-117.18441153419779,32.77743587134811],[-117.18441428828663,32.77743234338184],[-117.18442048652498,32.77742439720034],[-117.18442946502159,32.77741293659641],[-117.1844384729993,32.77740149500826],[-117.18444750714643,32.77739006696387],[-117.18445656746302,32.77737865246328],[-117.18446565400737,32.77736725700314],[-117.18447476997444,32.77735587506207],[-117.18448391211095,32.77734450666482],[-117.18449308372843,32.77733315728335],[-117.18450227826213,32.77732182147022],[-117.18451150224763,32.77731050192457],[-117.18452075243175,32.77729919867094],[-117.18453003206766,32.77728791168474],[-117.18453933461971,32.77727663826691],[-117.18454866662361,32.77726538111645],[-117.18455802485519,32.77725414300641],[-117.1845674092562,32.77724291844003],[-117.1845765403226,32.77723204210514],[-117.18457681985569,32.77723171016567],[-117.18458625987786,32.77722051541038],[-117.18459299947881,32.77721299938717],[-117.18459999954058,32.77670999970766],[-117.18460600082494,32.77636400045987],[-117.18565399950964,32.77638900087469],[-117.18594899878357,32.77573500132124],[-117.18676499840205,32.77591100173286],[-117.1873589994735,32.77589700104389],[-117.18791099810792,32.77565200096664],[-117.18811199836411,32.77556299878385],[-117.18855200068163,32.77539899950948],[-117.18918599783315,32.77517799959506],[-117.18966099768794,32.77505099998734],[-117.19047500066395,32.7746660008313],[-117.19116500049735,32.77460199936427],[-117.19132128268187,32.77458232912851],[-117.1913167996187,32.77470198459363],[-117.19152826487741,32.77471230561198],[-117.1917368348272,32.77473451099247],[-117.19195521073728,32.77477132379605],[-117.193308451836,32.77505211164826],[-117.1954180343957,32.77548980311222],[-117.19558766625012,32.77552499571976],[-117.19601802502113,32.77561428174104],[-117.19653661015097,32.77573398647131],[-117.19704528939596,32.77584002516753],[-117.1968717512586,32.77573725629139],[-117.19638755290055,32.7756385876085],[-117.19641631036441,32.77556926640732],[-117.19645572818598,32.77547349684257],[-117.19677112000784,32.77553701214273],[-117.19727085516365,32.77563765169781],[-117.19742085635873,32.77566948259769],[-117.1974302759174,32.77567137273448],[-117.19744611486277,32.77567450264891],[-117.19746196945441,32.77567757472215],[-117.19747783969224,32.77568058895422],[-117.19749372557625,32.77568354534505],[-117.19750962710641,32.77568644389475],[-117.19752554102952,32.7756892846282],[-117.19754147056913,32.77569206477215],[-117.19755741578439,32.77569478982317],[-117.1975733733629,32.77569745430964],[-117.19758934333426,32.77570006097989],[-117.19760533220472,32.77570260978391],[-117.19761149480155,32.77570356842716],[-117.19761180441603,32.77570361827188],[-117.19762132696162,32.77570510082163],[-117.19763733733483,32.77570753126979],[-117.19765336010074,32.77570990390173],[-117.19766939200612,32.77571221874233],[-117.1976854395573,32.7757144757417],[-117.19770149621837,32.77571667220145],[-117.19771756527196,32.77571881084491],[-117.19773364343536,32.77572088894883],[-117.19774973402079,32.77572291198464],[-117.19776583046279,32.77572487450591],[-117.19778194252086,32.77572677643755],[-117.19778802745903,32.77572747180994],[-117.19778846720114,32.77572752065493],[-117.19779806371815,32.77572862057785],[-117.19781419077181,32.77573040420355],[-117.19783033024743,32.77573213276121],[-117.19784647554987,32.77573379805595],[-117.19786263005057,32.7757354110559],[-117.19787879360156,32.7757369580196],[-117.19789496306799,32.77573844996527],[-117.19791114164384,32.77573988137129],[-117.1979273260759,32.77574125226264],[-117.19794351964691,32.77574256536263],[-117.19794958589608,32.77574303549155],[-117.19795007106471,32.77574307299291],[-117.19795971910359,32.77574382069628],[-117.19797592441643,32.77574501551524],[-117.19799213233213,32.77574614984448],[-117.19800834938668,32.77574722638241],[-117.19802457232679,32.77574824515391],[-117.19804080109327,32.77574920066246],[-117.19805703252172,32.7757501011779],[-117.19807326652328,32.77575093845537],[-117.1980895064103,32.77575171796642],[-117.19810575218274,32.77575243971108],[-117.19812200055786,32.77575310096605],[-117.19812823014755,32.77575333070956],[-117.1981285784162,32.7757533445252],[-117.19813825153554,32.77575370173131],[-117.19815450514533,32.77575424475517],[-117.19817076135767,32.77575472728934],[-117.19818702342567,32.77575514930881],[-117.1982032815898,32.77575551088856],[-117.1982195424155,32.77575581747521],[-117.19823580906724,32.77575606079881],[-117.19825207187407,32.77575624917937],[-117.19826833728325,32.77575637707016],[-117.19828460526514,32.77575644172295],[-117.19830086940209,32.77575645143263],[-117.19830718413598,32.77575643039705],[-117.19830745415062,32.77575642832234],[-117.19831713939445,32.77575640062764],[-117.19833340545306,32.7757562866346],[-117.19834967089022,32.77575611492511],[-117.19836593570592,32.77575588549929],[-117.19838219661732,32.77575559563371],[-117.19839845687758,32.7757552453034],[-117.1984147165163,32.77575483725671],[-117.19843097550381,32.77575436874532],[-117.19844723061655,32.7757538425425],[-117.19846348182479,32.77575325589997],[-117.19847972912861,32.7757526088177],[-117.19848630778253,32.77575232188618],[-117.19848672078936,32.77575230496954],[-117.19849597581063,32.77575190401908],[-117.19851221530537,32.77575113605744],[-117.19852845423748,32.77575031587598],[-117.1985446859526,32.77574942978325],[-117.19856091382228,32.77574848874738],[-117.19857713778731,32.77574748727185],[-117.19859335784759,32.77574642535659],[-117.19860956749676,32.77574530305171],[-117.19862577652395,32.77574412303036],[-117.19864197516955,32.77574288536766],[-117.19865816991035,32.77574158726527],[-117.19866472294888,32.77574103666266],[-117.19866504152446,32.77574101222564],[-117.198674357493,32.77574022874821],[-117.19869053794721,32.77573881256475],[-117.19870670799014,32.77573733599164],[-117.19872287415764,32.77573580172717],[-117.1987390299138,32.77573420707297],[-117.19875517854133,32.77573255475249],[-117.19877132001064,32.77573084201732],[-117.19878745109804,32.77572907164078],[-117.19880357177392,32.77572724087459],[-117.19881968532111,32.77572535244209],[-117.19883578197991,32.77572340641825],[-117.19884230292482,32.77572259494293],[-117.19884270581667,32.77572254512051],[-117.19885187798667,32.77572139992974],[-117.19886796032866,32.77571933307661],[-117.19888403231813,32.77571721133044],[-117.19890009061315,32.77571502647138],[-117.19891614180885,32.77571278669429],[-117.19893217608642,32.77571048657764],[-117.19894820323498,32.77570812879462],[-117.19896421671851,32.77570571064704],[-117.19898021656661,32.77570323488316],[-117.19899620277928,32.77570070150297],[-117.19900266909396,32.77569965131749],[-117.19900295815371,32.77569960511835],[-117.19901217860965,32.77569811048152],[-117.19902814077483,32.77569545909554],[-117.19904408605136,32.77569275011827],[-117.19906002094541,32.77568998349968],[-117.19907593892111,32.77568715654162],[-117.19909184326116,32.77568427196728],[-117.19910773399509,32.775681332525],[-117.19912360781055,32.77567833274322],[-117.19913946799032,32.77567527534519],[-117.19915530799828,32.77567215763266],[-117.19917113765328,32.7756689850272],[-117.19918694716611,32.77566575485557],[-117.19920273978985,32.77566246709276],[-117.19921851874814,32.77565911896541],[-117.19923427756414,32.77565571327195],[-117.19925001952062,32.7756522527356],[-117.19925638095188,32.77565082954388],[-117.1992566178716,32.77565077549964],[-117.19926574455835,32.7756487318598],[-117.19928144948331,32.77564515616612],[-117.19929713748948,32.77564152013304],[-117.19931280538282,32.77563782928213],[-117.1993284531337,32.77563408086508],[-117.19934408399533,32.77563027485694],[-117.19935969471446,32.77562641128269],[-117.19937528532063,32.77562249289066],[-117.19939085575467,32.77561851418423],[-117.1994064060757,32.77561448066005],[-117.19942193631339,32.77561039506637],[-117.19943744306636,32.77560624368675],[-117.19945293298909,32.77560204021266],[-117.19946839626279,32.7755977792226],[-117.19948383942334,32.77559346341481],[-117.19949925918802,32.77558909006602],[-117.19950549299028,32.77558729679225],[-117.19950574599777,32.77558722613258],[-117.19951466206307,32.77558465912616],[-117.19953003506539,32.77558017344367],[-117.19954538795456,32.7755756329435],[-117.19956071419448,32.77557103492742],[-117.19957602032115,32.7755663820936],[-117.19959130305172,32.77556167171883],[-117.199606559133,32.77555690382819],[-117.19962179187739,32.7755520838932],[-117.19963700122564,32.77554720641732],[-117.19965218070094,32.77554227419882],[-117.19966734006292,32.77553728716273],[-117.19968246952222,32.77553224263583],[-117.19969757564454,32.7755271460646],[-117.19971265508772,32.77552198922928],[-117.19972770797038,32.77551678312296],[-117.19974273420348,32.77551151950085],[-117.1997488046779,32.77550936466613],[-117.19974907046057,32.77550927191946],[-117.19975773381671,32.77550620111126],[-117.19977270355682,32.77550082797915],[-117.19978764995975,32.77549540280285],[-117.19980256317714,32.77548991741249],[-117.19981745305732,32.77548437997798],[-117.19983231306429,32.77547878780102],[-117.19984714322773,32.7754731436299],[-117.19986194348822,32.77546744196814],[-117.19987671715829,32.77546168828722],[-117.19989145773155,32.77545588263721],[-117.19990617165507,32.77545001947153],[-117.19992085248165,32.77544410433685],[-117.19993550671776,32.77543813718304],[-117.19995012782729,32.77543211531193],[-117.19996471581031,32.77542603872351],[-117.1999792772027,32.77541991011608],[-117.19998515846956,32.77541740766323],[-117.19998550173516,32.77541725934908],[-117.19999380221532,32.77541372681636],[-117.20000830063729,32.77540749149762],[-117.20002276270912,32.77540120423502],[-117.2000371949371,32.77539486497841],[-117.20005159403837,32.77538847100458],[-117.20006596004256,32.77538202506185],[-117.20008029292005,32.77537552440189],[-117.20009459595369,32.77536897174804],[-117.20010885618989,32.77536237269698],[-117.20012308977606,32.77535571613042],[-117.20013728704157,32.77534901036829],[-117.20015021079263,32.77534066529321],[-117.20015629238233,32.77533803485767],[-117.2001631641583,32.77533506576658],[-117.20017039804164,32.77533098073413],[-117.20018389519129,32.77532331287549],[-117.20019736921063,32.77531561221107],[-117.20021081684649,32.77530787876599],[-117.20022423484562,32.7753001125653],[-117.20023762643166,32.77529231083566],[-117.20025099163414,32.77528447632539],[-117.20026433045311,32.77527660903448],[-117.20027763638214,32.77526870901306],[-117.20029091918083,32.7752607761859],[-117.20030417234278,32.77525281060324],[-117.20031032347947,32.77524908845953],[-117.20031045274631,32.7752490077569],[-117.20031739909155,32.77524480949167],[-117.20033060273951,32.77523677832276],[-117.20034377024442,32.77522871444842],[-117.20035691133609,32.77522061504515],[-117.20037002607383,32.77521248560969],[-117.20038311117482,32.77520432341868],[-117.20039616660934,32.77519612572387],[-117.20040919571959,32.77518790074514],[-117.20042219513373,32.77517963751432],[-117.20043516822356,32.77517134699956],[-117.20044810839374,32.77516302100614],[-117.20046102220999,32.77515466498046],[-117.20047390635972,32.77514627345106],[-117.20048676418516,32.77513785463779],[-117.20049958583775,32.77512940037086],[-117.20051238113632,32.77512091607181],[-117.20052514679813,32.77511239901735],[-117.20053043634073,32.77510903256123],[-117.200543244824,32.77510056464852],[-117.20055578674378,32.77509181568934],[-117.20056362385094,32.7750860493863],[-117.20056805239979,32.77508279125551],[-117.20058003534506,32.77507349689382],[-117.20058875728881,32.77506802336337],[-117.2005904601378,32.77506693832215],[-117.20060174019497,32.77505974100082],[-117.20061462762995,32.77505135492829],[-117.20062741634051,32.77504286517084],[-117.20064010626727,32.77503426623183],[-117.20065270078211,32.77502556907957],[-117.20066519331935,32.7750167682675],[-117.20067758716179,32.77500786651887],[-117.20068987583272,32.77499886663225],[-117.20070206252598,32.77498976308591],[-117.20071414730094,32.77498056137647],[-117.20072612368091,32.77497126430247],[-117.20073799488939,32.77496186909047],[-117.20074975770282,32.77495237851396],[-117.20076141209159,32.77494278982462],[-117.20077295486186,32.77493310854415],[-117.2007843892668,32.77492333464753],[-117.20079570880004,32.77491346818491],[-117.20080691668514,32.77490350638294],[-117.2008180130111,32.77489345748657],[-117.20082899124188,32.77488331879762],[-117.20083985134789,32.77487308756786],[-117.20085059664162,32.77486276926886],[-117.20086122392919,32.77485236942228],[-117.20087173312169,32.77484187978327],[-117.20088212099562,32.77483130312525],[-117.20089238761031,32.77482064494477],[-117.20090253296577,32.77480990524199],[-117.20091028860348,32.77480232276827],[-117.20092056168802,32.77479166178708],[-117.20093038597301,32.77478071566777],[-117.20093977130684,32.77476949258011],[-117.20094869828948,32.77475800366788],[-117.20095715408642,32.77474626552119],[-117.20127562450183,32.77441123946792],[-117.20231330545164,32.77320213048391],[-117.20279533210797,32.77264045903402],[-117.20343836068004,32.77193461850584],[-117.20345764096608,32.77191248133426],[-117.20388523965569,32.77144192741285],[-117.20389569875285,32.77143228994142],[-117.20390675167246,32.77142221086326],[-117.20391786687318,32.77141217527919],[-117.20392904444441,32.77140219143389],[-117.20394028110321,32.77139225660444],[-117.20395157681999,32.77138236804233],[-117.20396293490715,32.77137253121905],[-117.20397435533505,32.77136274338633],[-117.20398583162728,32.7713530073427],[-117.20399737026027,32.77134332028952],[-117.20400896472783,32.7713336822772],[-117.20402062156583,32.77132409600359],[-117.20403233426826,32.77131456151901],[-117.20403349854841,32.77131362351626],[-117.2040441028351,32.77130507882347],[-117.20405593374258,32.7712956451183],[-117.20406165617219,32.77129112902572],[-117.20406782054424,32.7712862659504],[-117.20407589522507,32.77127995887222],[-117.20407976321029,32.7712769385715],[-117.20409176493428,32.77126765745984],[-117.20410382261197,32.77125843638198],[-117.20411593615411,32.77124926709303],[-117.20412810553086,32.77124014684466],[-117.20414033083161,32.77123108388179],[-117.20415260871394,32.77122206998468],[-117.20416494902631,32.77121311332269],[-117.20417733544411,32.77120420852499],[-117.20418977778583,32.77119536101269],[-117.20420227599209,32.77118656528919],[-117.20420639608862,32.77118369420416],[-117.20421482683949,32.77117782412795],[-117.20421990957615,32.77117432168356],[-117.20422743358117,32.77116913750376],[-117.20424008974081,32.77116050821525],[-117.20425279851194,32.77115193074061],[-117.20426556648989,32.7711434132744],[-117.20427837735002,32.77113495044586],[-117.2042912408217,32.77112653943114],[-117.20430416024719,32.77111818845],[-117.20431712580792,32.77110989208123],[-117.2043301440397,32.77110165302287],[-117.20434321494261,32.77109347127491],[-117.20435633201056,32.77108534688758],[-117.20436950174961,32.7710772798106],[-117.20438271765376,32.77106927009424],[-117.20439598297601,32.77106131771338],[-117.20440929774614,32.77105342541623],[-117.20442265862188,32.77104558498309],[-117.20442897584945,32.77104192181374],[-117.20443606900508,32.77103781013022],[-117.20444079590425,32.77103509650744],[-117.20444952555347,32.77103009263797],[-117.20446303152004,32.77102243248108],[-117.20481247995991,32.77084657210232],[-117.20547905141318,32.77051433831666],[-117.20582204948053,32.77034402204508],[-117.20652096399942,32.76999504090122],[-117.20725418902052,32.77280384825592],[-117.20734214519666,32.77316322316222],[-117.20812237660776,32.77635095812281],[-117.20812694154365,32.77636414585368],[-117.20813147732164,32.77637734480485],[-117.20813597737543,32.77639054953026],[-117.20814044824147,32.77640376272767],[-117.20814488666636,32.7764169844224],[-117.20814928936709,32.77643021189138],[-117.20815366287992,32.7764434478324],[-117.20815801045812,32.77645669222021],[-117.20816231580564,32.77646994243281],[-117.20816659196521,32.77648320111741],[-117.20817083568367,32.77649646829937],[-117.20817505018421,32.77650974120508],[-117.20817922899046,32.77652302263336],[-117.20818337857875,32.77653630978539],[-117.20818749247267,32.77654960546005],[-117.20819157714872,32.77656290685843],[-117.2081956293835,32.77657621675414],[-117.20819964589398,32.77658953242413],[-117.20820363318646,32.77660285381799],[-117.20820758803771,32.77661618370912],[-117.20821151044767,32.77662952209759],[-117.20821540035649,32.77664286348679],[-117.20821925785394,32.77665621612169],[-117.20822308285025,32.77666957175732],[-117.20822687215203,32.77668293591557],[-117.20823063548899,32.77669630577237],[-117.20823435984821,32.77670968142873],[-117.20823805501934,32.7767230655572],[-117.20824171768922,32.77673645268646],[-117.2082453479177,32.77674984831307],[-117.208248945645,32.77676324694049],[-117.2082525109906,32.77677665956185],[-117.20825604380508,32.77679007243571],[-117.20825954417809,32.77680349380692],[-117.20826300879662,32.77681691820423],[-117.20826644422688,32.77683035107364],[-117.20826984718573,32.77684378969214],[-117.20827321441992,32.77685723408499],[-117.20827655243592,32.77687068420167],[-117.20827985798046,32.77688414006746],[-117.2082831278003,32.77689760170763],[-117.20828636511878,32.77691106634857],[-117.20828957324889,32.77692453946168],[-117.20829274565423,32.77693801834916],[-117.20829588555819,32.77695150023748],[-117.20829899302049,32.77696499062317],[-117.20830207123464,32.77697848398444],[-117.20830511047069,32.77699198314536],[-117.20830812048841,32.77700548803014],[-117.20831109803457,32.77701899866403],[-117.2083140431091,32.77703251504705],[-117.2083169524289,32.77704603445616],[-117.20831983253022,32.77705955958917],[-117.20832267690676,32.77707309049655],[-117.20832548878164,32.77708662440475],[-117.20832827143812,32.77710016403687],[-117.20833101836963,32.7771137094434],[-117.20833372954635,32.777127257876],[-117.20833641150456,32.77714081203252],[-117.20833906099107,32.77715437193816],[-117.20834167472263,32.77716793486992],[-117.20834425923569,32.7771815035256],[-117.20834680796388,32.77719507245905],[-117.20834932428012,32.77720865263826],[-117.20835180806476,32.77722223307006],[-117.20835425937751,32.777235819251],[-117.20835667493536,32.77724940845809],[-117.20835906124462,32.77726300064077],[-117.2083614118288,32.77727659859791],[-117.20836372991117,32.77729019955587],[-117.20836601552166,32.777303806263],[-117.20836826863034,32.77731741597102],[-117.20837048923713,32.77733102867995],[-117.20837267737203,32.77734464713801],[-117.2083748297518,32.77735826862223],[-117.20837694959982,32.77737189035903],[-117.20837903700571,32.77738552059333],[-117.2083810919396,32.77739915657679],[-117.20838311105854,32.7774127900898],[-117.20838510092878,32.77742642657847],[-117.20838705510359,32.77744007158986],[-117.20838897674656,32.77745371685384],[-117.20839086588757,32.77746736511872],[-117.20839272252653,32.77748101638453],[-117.20839454344015,32.77749467342472],[-117.20839633182186,32.77750833071757],[-117.20839809098464,32.77752199373433],[-117.20839981110899,32.77753565705422],[-117.2084015020144,32.77754932609803],[-117.20840315713455,32.77756299541974],[-117.2084047830358,32.7775766704654],[-117.20840637315173,32.77759034578893],[-117.2084079307655,32.77760402411332],[-117.20840945265385,32.77761770821224],[-117.20841094523344,32.77763138979018],[-117.20841239883423,32.77764507716782],[-117.20841382643934,32.77765876749589],[-117.20841521500583,32.77767245812709],[-117.20841657432332,32.77768615173397],[-117.20841789788533,32.77769984836701],[-117.20841918894511,32.77771354800097],[-117.20842045072594,32.77772724786225],[-117.20842167352788,32.77774095352333],[-117.20842286376772,32.77775465668868],[-117.20842402478837,32.77776836557802],[-117.2084251467703,32.77778207477049],[-117.2084262394732,32.77779578419037],[-117.2084272964205,32.77780949663639],[-117.20842832086542,32.77782321208336],[-117.20842931280794,32.77783693053124],[-117.20843026896486,32.777850649257],[-117.20843119906607,32.77786436543656],[-117.20843209021814,32.77787809016422],[-117.20843294880798,32.77789181239621],[-117.20843377161208,32.77790553490604],[-117.20843456516701,32.77791926039158],[-117.2084353229662,32.7779329889033],[-117.20843604823294,32.77794671766767],[-117.20843674096724,32.77796044668462],[-117.20843740119902,32.77797417870256],[-117.20843802561511,32.7779879082501],[-117.20843861752869,32.77800164079856],[-117.20843917693955,32.77801537634796],[-117.20843970056475,32.77802911217523],[-117.2084401916274,32.77804284550689],[-117.20844065021744,32.77805658458777],[-117.2084408656503,32.77806352569757],[-117.20844107624492,32.77807032117296],[-117.20844146973984,32.7780840580108],[-117.20844182747881,32.77809779787485],[-117.20844215268518,32.77811153799154],[-117.20844244532898,32.77812527561256],[-117.20844270221679,32.77813901625979],[-117.20844292982525,32.77815275713441],[-117.2084431216477,32.77816649828693],[-117.20844327765434,32.77818023696903],[-117.20844340444135,32.77819398137512],[-117.20844349541245,32.77820772331083],[-117.20844355385081,32.77822146549916],[-117.20844357975643,32.77823520794014],[-117.20844356990595,32.77824895340731],[-117.20844353068622,32.778262690857],[-117.20844345574022,32.77827643408114],[-117.20844334175484,32.77829017760849],[-117.20844320493669,32.77830391581608],[-117.20844302585576,32.77831765710043],[-117.20844282074853,32.77833139858684],[-117.20844257985513,32.77834514035118],[-117.20844230314567,32.77835887964513],[-117.20844199390329,32.77837261919169],[-117.20844165209814,32.77838635624268],[-117.2084412777899,32.77840009629452],[-117.20844087091882,32.7784138338507],[-117.20844042826151,32.77842757168485],[-117.20843995304131,32.77844130702329],[-117.20843944528806,32.77845504261438],[-117.20843890174854,32.77846877848333],[-117.2084383256461,32.77848251185668],[-117.20843771698073,32.77849624273436],[-117.20843707578227,32.77850997386469],[-117.20843640205078,32.77852370524766],[-117.20843569250292,32.77853743416021],[-117.20843495039213,32.77855116057708],[-117.20843417574817,32.7785648872466],[-117.20843336857109,32.77857861416876],[-117.20843252557772,32.77859233862051],[-117.20843164999133,32.77860605782832],[-117.20843074190164,32.77861978003702],[-117.20842980121893,32.77863349700181],[-117.20842882477969,32.77864721699272],[-117.20842781574737,32.77866093173974],[-117.20842677418182,32.77867464673936],[-117.20842570002316,32.778688356495],[-117.20842459333124,32.77870206650329],[-117.20842345085275,32.77871577678943],[-117.20842227578117,32.77872948183164],[-117.20842106817621,32.77874318712644],[-117.20841982797812,32.77875688717732],[-117.20841855199342,32.77877058750605],[-117.20841724344542,32.77878428533911],[-117.20841590233412,32.77879798067649],[-117.20841452865956,32.77881167351822],[-117.20841312242166,32.77882536386425],[-117.20841285692829,32.77882787533238],[-117.20841164278406,32.77884157792931],[-117.20841042216271,32.77885528332514],[-117.20840919500455,32.77886898602312],[-117.20840795805614,32.77888268604863],[-117.20840671788399,32.77889638884763],[-117.20840546795149,32.77891009172247],[-117.20840421473544,32.77892379187421],[-117.20840295501239,32.77893749207651],[-117.20840168878232,32.77895119232928],[-117.20840041604525,32.7789648926326],[-117.2083991335479,32.77897859301171],[-117.20839784776693,32.77899229066774],[-117.20839655547897,32.77900598837429],[-117.20839525668397,32.77901968613136],[-117.20839395138196,32.77903338393893],[-117.20839264285614,32.77904708452008],[-117.20839132454007,32.7790607824287],[-117.2083899996572,32.77907447489122],[-117.2083886683271,32.77908817290085],[-117.20838733046006,32.77910186821266],[-117.20838598933925,32.77911556354978],[-117.20838463845817,32.77912925896266],[-117.20838328429343,32.77914295165247],[-117.20838192039822,32.77915664716638],[-117.20838055321937,32.77917033995723],[-117.20837917628018,32.77918403282386],[-117.20837779608722,32.7791977257157],[-117.20837640610401,32.77921141593504],[-117.20837501289697,32.77922510892794],[-117.20837361315292,32.77923879922302],[-117.20837220690184,32.77925248956863],[-117.20837079414372,32.77926617996476],[-117.20836937162517,32.77927987043668],[-117.20836794907629,32.77929355816025],[-117.2083665135436,32.77930724873317],[-117.20836507472727,32.77932093658301],[-117.20836362940381,32.77933462448336],[-117.20836218079673,32.7793483096607],[-117.20836072245912,32.77936199766207],[-117.20835925758453,32.77937568296569],[-117.20835778620281,32.77938936831979],[-117.20835630831401,32.77940305372439],[-117.2083548271715,32.77941673915427],[-117.2083542533526,32.77942201253889],[-117.20810881611007,32.7807871881635],[-117.20750516514263,32.78415607130972],[-117.20736953057691,32.7849129687106],[-117.20700138899274,32.78696622567431],[-117.20691464922967,32.78766777285618],[-117.20687244395087,32.78827552478259],[-117.20687393925719,32.78901211875836],[-117.2068878521706,32.7896936459102],[-117.20699570415266,32.79064549366626],[-117.20699582624785,32.79064654815454],[-117.20711347244007,32.79129154290741],[-117.20726004585957,32.79190332540139],[-117.20743892035429,32.7924928717273],[-117.20758755651563,32.79299469947921],[-117.20772592473897,32.79344988174628],[-117.20851644307419,32.79514233668231],[-117.20907172328045,32.79630889708415],[-117.21055763957678,32.79887821270873],[-117.21249567610178,32.80247194193986],[-117.2127466108829,32.80293723055208],[-117.21315071629107,32.80358273157452],[-117.21315927975246,32.80359441747932],[-117.2131678431861,32.80360610063525],[-117.21317641313044,32.80361778373981],[-117.21318498304697,32.80362946409546],[-117.21319355299586,32.80364114719882],[-117.21320212939533,32.80365282475424],[-117.21321070579705,32.80366450230903],[-117.21321928545524,32.80367617983787],[-117.21322786511573,32.80368785736606],[-117.2132364479726,32.80369952937173],[-117.213245034116,32.80371120409968],[-117.21325362348587,32.80372287605336],[-117.21326221285794,32.8037345480064],[-117.21327080545649,32.8037462171852],[-117.21327940131158,32.803757886338],[-117.21328799713881,32.80376955274192],[-117.21329659625265,32.80378122186811],[-117.21330519856282,32.80379288547176],[-117.21331380087526,32.80380454907476],[-117.21332240966839,32.80381620987813],[-117.21333101523965,32.80382787345458],[-117.21333962729152,32.80383953423132],[-117.21334823931564,32.80385119225918],[-117.21335685459624,32.80386285026106],[-117.21336547313335,32.80387450823692],[-117.21337409164266,32.80388616346391],[-117.21338271337844,32.80389781591659],[-117.21339133840077,32.80390947109156],[-117.21339996339535,32.80392112351767],[-117.21340859161636,32.80393277316944],[-117.21341722309381,32.80394442279522],[-117.21342585782786,32.803956072395],[-117.21343449253406,32.80396771924592],[-117.21344313046674,32.80397936332251],[-117.21345177168597,32.80399101012141],[-117.21346041287742,32.80400265417142],[-117.21346905729531,32.80401429544711],[-117.21347770171549,32.80402593672223],[-117.21348635264644,32.80403757794589],[-117.2134950035496,32.80404921642068],[-117.21350365767921,32.80406085212121],[-117.21351231184113,32.8040724905694],[-117.21352096922952,32.80408412624329],[-117.21352962984434,32.80409575914286],[-117.21353829371573,32.80410739201645],[-117.21354695758939,32.80411902488943],[-117.21355562468946,32.80413065498806],[-117.21356429504607,32.80414228506072],[-117.21357296537492,32.80415391238446],[-117.21358163570603,32.80416553970764],[-117.21359031577209,32.80417716420565],[-117.21359899258614,32.80418878872852],[-117.21360767265678,32.80420041322534],[-117.21361635595382,32.80421203494785],[-117.21362504250747,32.80422365664435],[-117.21363372903326,32.80423527559195],[-117.21364241881558,32.80424689451357],[-117.21365110857013,32.80425851068625],[-117.21365980483547,32.80427012680749],[-117.2136685011031,32.80428174292814],[-117.21367720062725,32.80429335902279],[-117.21368590009354,32.80430496962021],[-117.21369460281635,32.80431658019165],[-117.21370330554149,32.80432819076248],[-117.21371201800152,32.80433979850817],[-117.2137207239554,32.80435140630404],[-117.21372943642004,32.80436301404848],[-117.21373814885689,32.80437461904405],[-117.21374686780455,32.80438622398817],[-117.2137555867244,32.80439782618341],[-117.21376430564656,32.804409428378],[-117.21377303104943,32.80442102777288],[-117.21378175645461,32.80443262716718],[-117.21379048186203,32.8044442265608],[-117.21379921375022,32.80445582315474],[-117.21380794561055,32.80446741699974],[-117.2138166775033,32.80447901359246],[-117.21382541587681,32.80449060738542],[-117.21383415422251,32.80450219842947],[-117.21384289582471,32.8045137894475],[-117.21385164065343,32.8045253776912],[-117.21386038551451,32.80453696868259],[-117.21386913354186,32.80454855140309],[-117.21387788163172,32.80456013961953],[-117.21388663620226,32.80457172503621],[-117.21389539077515,32.80458331045234],[-117.21390414529013,32.8045948903712],[-117.21391290634607,32.80460647298695],[-117.21392166737415,32.8046180528538],[-117.21393043165881,32.80462963269458],[-117.21393919591567,32.80464120978646],[-117.21394796342912,32.80465278685231],[-117.21395673416905,32.80466436114382],[-117.21396550816546,32.80467593540931],[-117.21397428213416,32.80468750692589],[-117.21398305935936,32.80469907841641],[-117.21399183658694,32.80471064990632],[-117.21400062026511,32.80472221584817],[-117.21400940400576,32.80473378728601],[-117.21401818768862,32.80474535322662],[-117.21402697462796,32.80475691914123],[-117.21403576804806,32.80476848225607],[-117.21404456147042,32.80478004537031],[-117.21405335489516,32.8047916084839],[-117.21406215154634,32.80480316882317],[-117.21407095145408,32.80481472913637],[-117.21407975458834,32.80482628667526],[-117.21408855772486,32.80483784421351],[-117.21409736408789,32.80484939897742],[-117.21410617045322,32.80486095374071],[-117.21411498329928,32.80487250570425],[-117.21412379614767,32.80488405766717],[-117.21413260574408,32.80489560965489],[-117.2141414283298,32.80490715879198],[-117.21415024766351,32.80491870795392],[-117.21415907022377,32.80493025434148],[-117.21416789278631,32.8049418007284],[-117.2141767186054,32.80495334708927],[-117.214185547651,32.80496489067585],[-117.21419437666884,32.80497643151345],[-117.21420321219752,32.80498797229961],[-117.21421204769837,32.80499951033681],[-117.21422088323168,32.80501105112175],[-117.21422972199144,32.8050225891323],[-117.21423856400781,32.80503412711678],[-117.21424740925063,32.80504566232692],[-117.21425625446572,32.80505719478816],[-117.21426510293739,32.80506872722334],[-117.21427395141134,32.80508025965788],[-117.21428280962031,32.80509178926721],[-117.21429166457735,32.80510331890136],[-117.21430051950665,32.80511484578658],[-117.21430938094677,32.80512637262034],[-117.21431824235911,32.80513789670513],[-117.214327107028,32.80514942076384],[-117.21433597169926,32.805160944822],[-117.21434484285128,32.80517246608031],[-117.2143537140056,32.80518398733803],[-117.21436258513218,32.80519550584678],[-117.21437145951529,32.80520702432953],[-117.21438033712498,32.8052185400379],[-117.21438921799118,32.80523005572017],[-117.21439810211402,32.80524157137643],[-117.21440698620907,32.80525308428372],[-117.21441587027634,32.8052645944421],[-117.2144247608545,32.80527610454899],[-117.21443364818069,32.80528761468067],[-117.21444254524192,32.80529912198714],[-117.21445143905123,32.80531062931838],[-117.21446033611709,32.80532213662359],[-117.21446923640951,32.80533364115442],[-117.21447813992839,32.80534514291087],[-117.21448704344961,32.80535664466673],[-117.2144959502274,32.80536814639647],[-117.21450486023173,32.80537964535191],[-117.21451377023838,32.80539114430663],[-117.21452268347154,32.80540264048705],[-117.21453159996125,32.80541413664138],[-117.21454051645335,32.80542563279509],[-117.21454943617194,32.80543712617437],[-117.21455835911701,32.80544861677933],[-117.21456727881012,32.80546010740908],[-117.21457620826845,32.80547159796189],[-117.21458513769899,32.80548308576575],[-117.21459407038614,32.80549457354359],[-117.2146030030455,32.80550605857244],[-117.21461193896147,32.80551754357523],[-117.21462087813403,32.80552902855191],[-117.21462981727886,32.80554051077974],[-117.21463875314161,32.80555199028397],[-117.21464770205392,32.80556347243419],[-117.21465664765411,32.80557494911255],[-117.21466559651088,32.80558642576487],[-117.21467454862427,32.80559790239112],[-117.21468350073999,32.80560937901669],[-117.21469245608225,32.80562085286788],[-117.21470141465097,32.80563232394473],[-117.21471037322208,32.80564379502092],[-117.21471933504981,32.80565526607102],[-117.21472830010399,32.80566673434676],[-117.21473726841486,32.80567820259642],[-117.21474623669789,32.8056896680971],[-117.21475520823762,32.80570113357173],[-117.21476417974949,32.80571259629743],[-117.21477315451804,32.80572405899702],[-117.21478213254322,32.80573552167055],[-117.2147911170492,32.80574698154423],[-117.21479522317567,32.80575222388566],[-117.21506774810999,32.80608541458006],[-117.21564631374021,32.80679276002974],[-117.21564679206811,32.80679334447402],[-117.21784010785431,32.80947463918091],[-117.2178405106042,32.80947515549607],[-117.2200356404185,32.81230213890252],[-117.22144405538691,32.81428375114232],[-117.22217090222595,32.81525925624308],[-117.22253015109295,32.81566320988673],[-117.22343882826664,32.81659604741636],[-117.2238332241169,32.81701071439119],[-117.2240612586945,32.81725047046668],[-117.22446633416142,32.81767636142723],[-117.22983072985328,32.82295232215797],[-117.23016981509669,32.82329319780291],[-117.23017868817273,32.82330103215453],[-117.23018992200957,32.82331097787994],[-117.23020113321739,32.8233209375267],[-117.23021232511236,32.82333091656546],[-117.23022349115401,32.82334091229968],[-117.23023464110702,32.82335092465181],[-117.23024576843108,32.82336095092529],[-117.23025687644228,32.8233709965908],[-117.23026796185499,32.82338105892595],[-117.23027902463876,32.82339113518243],[-117.23029006810958,32.82340123083099],[-117.23030109217574,32.8234113376268],[-117.23031209373526,32.82342146933711],[-117.23032307263516,32.82343161222047],[-117.23033403219159,32.82344177174766],[-117.23034496914958,32.82345194794448],[-117.23035588350918,32.823462140811],[-117.23036677852521,32.82347235032135],[-117.23037765419781,32.82348257647554],[-117.23038850398639,32.82349281657697],[-117.23039933446208,32.82350307607052],[-117.23041014556374,32.82351334945962],[-117.23042093081195,32.82352363954428],[-117.23043169671666,32.82353394627283],[-117.2304424432473,32.82354426689693],[-117.23045316392448,32.82355460421658],[-117.23046386525823,32.82356495818015],[-117.23047454402413,32.82357533156169],[-117.23048520338527,32.8235857160906],[-117.23049583689306,32.82359611731503],[-117.23050645105731,32.82360653518344],[-117.2305170458781,32.82361696969568],[-117.23052761481482,32.82362741815529],[-117.23053816440803,32.82363788325878],[-117.23054869462713,32.8236483622579],[-117.23055919579907,32.82365886347513],[-117.23056967753567,32.82366937309134],[-117.23058013992878,32.82367989935153],[-117.23059057646844,32.8236904423074],[-117.23060099366455,32.82370100190717],[-117.23061138823162,32.82371157542847],[-117.23062176020022,32.82372216561959],[-117.23063210957028,32.82373277248053],[-117.2306424363113,32.82374339326294],[-117.23065274367814,32.82375402794107],[-117.23066302522211,32.82376468206319],[-117.23067328736141,32.82377534733271],[-117.23068352690215,32.82378602927204],[-117.23069374058946,32.82379672790712],[-117.23070393490259,32.82380744043788],[-117.23071410658663,32.8238181668902],[-117.23072425567214,32.82382891001245],[-117.23073438215918,32.82383966980449],[-117.23074448601704,32.82385044351817],[-117.23075456724584,32.8238612311534],[-117.23076462587606,32.82387203545857],[-117.23077466187713,32.82388285368531],[-117.23078467850409,32.82389368580782],[-117.23079466602258,32.82390453465191],[-117.23080463416684,32.82391539739179],[-117.23081457971263,32.82392627680156],[-117.23082449934367,32.82393716741057],[-117.23083440291666,32.82394807738604],[-117.23084428057494,32.82395899856076],[-117.23085413237973,32.82396993643121],[-117.23086396481028,32.82398088819753],[-117.23087377135673,32.82399185391129],[-117.23088355855958,32.82400283626919],[-117.23089331984765,32.82401382982629],[-117.23090305853717,32.82402484005343],[-117.23091277462812,32.82403586695045],[-117.2309224680593,32.8240469050209],[-117.23093213889186,32.82405795976134],[-117.23094178380963,32.82406902570104],[-117.23095140612882,32.82408010831072],[-117.23096100907378,32.82409120481626],[-117.23097058616518,32.82410231801762],[-117.23098013734176,32.82411344241831],[-117.23098966914412,32.82412458071487],[-117.23099917509289,32.8241357357073],[-117.23100865841245,32.82414690462142],[-117.23101811907215,32.82415808470903],[-117.23102755713323,32.82416928146669],[-117.23103696931011,32.8241804921719],[-117.23104636211272,32.82419171677304],[-117.23105572577613,32.82420295534763],[-117.23106507006526,32.82421420781816],[-117.23107438847016,32.82422547423632],[-117.2310836842458,32.82423675457623],[-117.23109295739212,32.82424804883792],[-117.23110220462362,32.82425935429897],[-117.23111142603211,32.82427067920425],[-117.23112063126004,32.82428201248306],[-117.23112981063433,32.8242933624578],[-117.23113896409372,32.8243047236319],[-117.23114809169945,32.82431610150196],[-117.23115719990025,32.8243274905197],[-117.23116628221673,32.82433889348511],[-117.23117533864898,32.82435031039824],[-117.23118437245186,32.8243617412332],[-117.23119338362547,32.82437318598996],[-117.23120236888413,32.82438464194619],[-117.23121133154409,32.82439611457249],[-117.2312202715441,32.82440759837244],[-117.23122918565977,32.82441909612002],[-117.23123807389112,32.82443060781538],[-117.23124694268684,32.82444212791017],[-117.2312557824045,32.8244536674751],[-117.23126460271718,32.82446521818778],[-117.23127339389048,32.82447678287406],[-117.23128216565877,32.82448835870809],[-117.23129090828775,32.82449994851574],[-117.2312996315423,32.82451155221945],[-117.23130832562686,32.82452316714847],[-117.23131700033704,32.82453479597353],[-117.23132564593845,32.82454644152053],[-117.23133427207357,32.82455809271871],[-117.23134286909992,32.82456976063884],[-117.23135144346628,32.8245814397326],[-117.23135999520316,32.82459313274831],[-117.23136852105561,32.82460483971187],[-117.23137702099305,32.82461655787485],[-117.23138549823979,32.82462828446327],[-117.23139394969398,32.82464003324437],[-117.23140237842681,32.82465178770252],[-117.23141078127523,32.82466355610856],[-117.23141915823913,32.82467533846238],[-117.23142751254301,32.82468713198995],[-117.23143584096236,32.82469893946531],[-117.23144414997664,32.82471075808853],[-117.23145242656577,32.82472258796302],[-117.23146068052546,32.8247344317595],[-117.23146890534564,32.82474628952976],[-117.23147711398505,32.82475815567368],[-117.23148529348492,32.82477003579135],[-117.2314934503553,32.82478192983101],[-117.23150158131052,32.82479383507032],[-117.23150968635062,32.82480575150918],[-117.2315177687305,32.82481767912174],[-117.23152582197086,32.82482962070816],[-117.23153385255104,32.82484157346829],[-117.231541857216,32.82485353742806],[-117.23154983925141,32.82486551530986],[-117.23155779211669,32.82487750441716],[-117.23156572232166,32.82488950469821],[-117.23157362986646,32.82490151615303],[-117.2315815082717,32.82491354158168],[-117.23158936398599,32.82492557543583],[-117.23159719381569,32.82493762323786],[-117.2316049977302,32.82494968223963],[-117.23161277572945,32.82496175244101],[-117.23162052784402,32.82497383659037],[-117.23162825726773,32.82498592916524],[-117.2316359608068,32.8249980356881],[-117.23164363843057,32.82501015341063],[-117.23165129010842,32.82502227958454],[-117.23165891915662,32.82503441968057],[-117.23166651903448,32.8250465710022],[-117.23167409625202,32.82505873349763],[-117.23168164755425,32.82507090719279],[-117.23168917294116,32.82508309208765],[-117.23169667241274,32.82509528818224],[-117.2317041459996,32.82510749822485],[-117.23171159364048,32.82511971671885],[-117.23171901536595,32.82513194641262],[-117.23172641440047,32.82514418453197],[-117.23173378426461,32.82515643387691],[-117.23174113152963,32.82516869989229],[-117.23174845284858,32.82518097435916],[-117.23175574496655,32.82519325730335],[-117.23176301445471,32.82520555416974],[-117.23177025796615,32.82521785673926],[-117.23177747562347,32.82523017600521],[-117.23178466733469,32.82524250372258],[-117.23179183313052,32.82525484263971],[-117.23179897301085,32.82526719275669],[-117.23180608694513,32.8252795513251],[-117.2318131749945,32.82529192384165],[-117.23182023709781,32.82530430480969],[-117.23182727325498,32.82531669422921],[-117.23183428352731,32.82532909759688],[-117.23184126785348,32.82534150941601],[-117.23184822626412,32.82535393243494],[-117.23185515875926,32.82536636665374],[-117.23186206530821,32.82537880932406],[-117.23186894594166,32.82539126319419],[-117.23187580065952,32.82540372826416],[-117.23188262943118,32.82541620178566],[-117.23188942903229,32.82542868653292],[-117.23189620594219,32.82544117970581],[-117.23190295693651,32.82545368407859],[-117.2319096787909,32.82546620242538],[-117.23191637789272,32.82547872370127],[-117.23192304785458,32.82549125895117],[-117.23192968861512,32.8255038026785],[-117.2319363099701,32.82551635755404],[-117.23194290215447,32.82552892365523],[-117.23194946839249,32.82554149820803],[-117.23195600868425,32.82555408121248],[-117.23196252306035,32.82556667541674],[-117.2319690082351,32.82557927809855],[-117.23197547074921,32.82559189195436],[-117.23198190406191,32.82560451428766],[-117.23198831142827,32.82561714507253],[-117.23199469287893,32.82562978705732],[-117.23200104841393,32.82564244024202],[-117.2320073747168,32.82565509915599],[-117.23201367835901,32.82566776924393],[-117.23201995283044,32.8256804505577],[-117.23202620132479,32.82569313757483],[-117.23203242393406,32.82570583854017],[-117.23203861731126,32.82571854523476],[-117.232044787997,32.82573126035506],[-117.23205092951191,32.82574398670125],[-117.2320570450804,32.82575672149908],[-117.23206313473311,32.82576946749687],[-117.23206919515361,32.82578221922388],[-117.23207523616834,32.82579498209909],[-117.23208124147152,32.82580775350367],[-117.23208722411388,32.82582053608227],[-117.23209317749344,32.82583332164188],[-117.23209910498771,32.82584612114981],[-117.23210500650481,32.82585892636107],[-117.232110878851,32.82587174279819],[-117.2321167317607,32.82588456763528],[-117.23212255221378,32.8258974009758],[-117.23212834672032,32.82591024276803],[-117.23213411528025,32.82592309301198],[-117.23213985463852,32.82593595173357],[-117.2321455680196,32.82594881615852],[-117.23215125551535,32.82596169453176],[-117.23215691377882,32.82597457863439],[-117.23216254612623,32.82598747393695],[-117.23216815575147,32.82600037491713],[-117.23217373291995,32.82601328440079],[-117.23217928414175,32.82602620233614],[-117.23218480616185,32.82603912874919],[-117.23219030545968,32.82605206083978],[-117.23219577558639,32.82606500415627],[-117.23220121976644,32.82607795592453],[-117.23220663471407,32.82609091342214],[-117.23221202374565,32.8261038821198],[-117.2322173867998,32.82611685652095],[-117.23222272065216,32.82612983939971],[-117.23222802855778,32.82614283073024],[-117.23223330726162,32.82615583053847],[-117.23223856324303,32.82616883602426],[-117.23224378676758,32.82618185001363],[-117.23224898760039,32.82619487242889],[-117.23225415920068,32.8262079005735],[-117.23225929837471,32.82622093997001],[-117.23226441808134,32.82623398501825],[-117.23226950858614,32.82624703854416],[-117.23227456985829,32.82626009779945],[-117.23227960518365,32.82627316550654],[-117.23228461130707,32.82628624169133],[-117.23228959145297,32.82629932357965],[-117.23229454239689,32.82631241394564],[-117.23229947061834,32.8263255099893],[-117.23230436966846,32.82633861725895],[-117.23230923948597,32.82635173025801],[-117.23231408332583,32.82636484896062],[-117.23231889796372,32.82637797614092],[-117.23232368668533,32.82639111452136],[-117.23232844611294,32.82640425313466],[-117.23233317959352,32.82641740019982],[-117.23233788387213,32.82643055574265],[-117.232342562173,32.82644371698908],[-117.23234721127186,32.82645688671324],[-117.23235183439301,32.82647006214098],[-117.23235643156714,32.82648324602052],[-117.23236099950853,32.82649643562952],[-117.23236553824773,32.82650963371631],[-117.23237005097862,32.82652283475834],[-117.232374534538,32.82653604702648],[-117.23237899208897,32.82654926224984],[-117.23238342043777,32.82656248595101],[-117.23238782280879,32.82657571535574],[-117.23239219269192,32.82658895051583],[-117.23239654316869,32.82660219682432],[-117.23240086112686,32.8266154461399],[-117.23240514985217,32.82662870118496],[-117.23240941588536,32.826641964656],[-117.23241364614483,32.82665523116005],[-117.2324178569673,32.82666850606422],[-117.23242203858744,32.82668178944619],[-117.23242618768894,32.82669507583523],[-117.23243031409829,32.82670837065026],[-117.23243440798892,32.82672166847245],[-117.23243847267723,32.8267349747724],[-117.23244251789778,32.82674828672418],[-117.23244653063021,32.82676160443142],[-117.2324505141297,32.82677492786813],[-117.23245447168185,32.82678825975678],[-117.23245839997031,32.82680159462664],[-117.23246230228075,32.82681493520017],[-117.23246617538881,32.82682828425152],[-117.23247001923315,32.82684163628409],[-117.23247383709946,32.82685499402029],[-117.23247762576335,32.82686836023432],[-117.23248138841852,32.8268817294037],[-117.23248512184055,32.82689510430266],[-117.23248882606015,32.82690848767944],[-117.23249250427095,32.82692187401156],[-117.23249615327931,32.82693526882156],[-117.23249977299312,32.8269486638645],[-117.23250336675952,32.8269620673594],[-117.23250693126201,32.8269754738356],[-117.23251046981707,32.8269888887637],[-117.23251397585318,32.82700230669901],[-117.23251745591111,32.82701573033798],[-117.23252090996013,32.82702915693231],[-117.23252433483731,32.82704259475283],[-117.23252773045051,32.82705603555456],[-117.23253110005487,32.82706947931177],[-117.23253444042589,32.82708292879849],[-117.23253775156361,32.82709638401482],[-117.23254103343733,32.8271098422124],[-117.23254428933284,32.82712330611373],[-117.23254751599495,32.82713677574461],[-117.23255071667883,32.8271502510792],[-117.23255388809861,32.82716372939509],[-117.23255703354009,32.82717721341468],[-117.23256014320741,32.82719070046734],[-117.23256323018208,32.82720419594611],[-117.23256628786201,32.82721769165789],[-117.23256931956355,32.82723119307339],[-117.23257231877659,32.82724470024439],[-117.23257529198058,32.82725821037083],[-117.23257823920621,32.82727172620092],[-117.23258115391255,32.82728524503828],[-117.2325840426405,32.82729876957929],[-117.23258690210425,32.82731229710171],[-117.2325897388446,32.8273258303019],[-117.23259253655556,32.82733936656111],[-117.23259531151243,32.82735290574987],[-117.23259805723576,32.82736645066828],[-117.23260077698056,32.82738000129035],[-117.23260346746113,32.82739355489381],[-117.23260612867746,32.82740711147859],[-117.23260876388453,32.82742067101881],[-117.23261136660287,32.82743423631452],[-117.23261394334271,32.82744780731403],[-117.23261649078752,32.82746137854656],[-117.2326190089987,32.82747495550874],[-117.23262150120055,32.82748853542638],[-117.2326239641381,32.82750211832535],[-117.23262639784188,32.82751570695393],[-117.23262880553644,32.82752929853802],[-117.23263118071144,32.82754289312933],[-117.23263352987712,32.82755649067611],[-117.2326358497784,32.82757009120428],[-117.23263814370098,32.82758369743613],[-117.23264040832844,32.82759730390111],[-117.23264264049769,32.82761091886994],[-117.23264484662684,32.8276245340459],[-117.23264702674665,32.82763815217733],[-117.23264917434679,32.82765177331607],[-117.23265129593752,32.82766539741026],[-117.23265338829439,32.82767902723406],[-117.23265545135605,32.82769265729102],[-117.23265748515317,32.82770629032933],[-117.23265949297141,32.82771992907138],[-117.23266147152515,32.82773357079482],[-117.23266342078355,32.82774721275138],[-117.23266534077734,32.82776085768929],[-117.23266723479229,32.82777450833098],[-117.23266909951188,32.8277881592057],[-117.23267093496688,32.82780181306188],[-117.23267274115719,32.82781546989944],[-117.23267451808279,32.82782912971835],[-117.23267626899883,32.82784279249276],[-117.23267798739505,32.82785645827446],[-117.23267967975099,32.82787012426337],[-117.2326813461279,32.82788379595605],[-117.2326829799544,32.82789746790773],[-117.23268458777115,32.82791114281493],[-117.23268616306802,32.82792482072937],[-117.23268728256743,32.82793470379631],[-117.23268771232458,32.82793849885105],[-117.23268923237769,32.82795218545071],[-117.23269072632904,32.82796586676101],[-117.23269218776042,32.82797955107856],[-117.23269362321282,32.82799324109993],[-117.23269502936961,32.82800693135442],[-117.23269640626157,32.82802062459029],[-117.23269775382727,32.828034315311],[-117.23269907547522,32.82804801723209],[-117.23270036776627,32.82806171388966],[-117.23270163082303,32.828075416277],[-117.23270286132907,32.8280891189233],[-117.23270406579459,32.82810282177684],[-117.23270524425031,32.82811652758589],[-117.23270639344102,32.82813023637632],[-117.23270751008096,32.82814394542584],[-117.23270860068033,32.82815765468251],[-117.23270966204534,32.8281713696689],[-117.23271069736975,32.82818508486252],[-117.23271170014331,32.82819880031516],[-117.2327126768763,32.82821251597503],[-117.2327136243749,32.82822623736455],[-117.23271454254704,32.82823995623894],[-117.23271543145405,32.82825367809478],[-117.23271629106527,32.82826740018368],[-117.23271712466654,32.82828112522815],[-117.23271792571687,32.82829485053165],[-117.23271870069578,32.82830857329404],[-117.23271944647087,32.82832230453445],[-117.23272016291946,32.82833603325972],[-117.23272085332728,32.82834976219217],[-117.23272151121476,32.82836349413201],[-117.23272214306149,32.82837722627903],[-117.23272274235723,32.8283909586851],[-117.23272331886722,32.82840469127245],[-117.23272386285684,32.82841842686721],[-117.23272437751984,32.82843215994674],[-117.23272486291755,32.8284458960077],[-117.23272532227438,32.82845963227592],[-117.23272575236591,32.82847337152555],[-117.23272615313078,32.82848710826001],[-117.23272652137517,32.82850084800181],[-117.23272686354795,32.82851458520254],[-117.23272718296563,32.82852832533288],[-117.23272746657705,32.8285420657482],[-117.23272772414742,32.82855580637072],[-117.23272795242175,32.82856954722637],[-117.23272815140001,32.82858328831517],[-117.2327283243373,32.8285970296112],[-117.23272846472327,32.82861077116628],[-117.23272857906825,32.82862451292857],[-117.23272866086195,32.82863825494989],[-117.2327287166146,32.82865199717848],[-117.23272874629551,32.82866573686599],[-117.23272874345577,32.82867947956082],[-117.23272871131984,32.82869322248879],[-117.23272865311216,32.82870696287576],[-117.23272856238376,32.82872070626998],[-117.23272844558359,32.82873444712316],[-117.23272829948712,32.82874818820948],[-117.23272812734952,32.82876192950302],[-117.2327279226605,32.82877567105562],[-117.23272769193031,32.82878941281542],[-117.23272742861796,32.82880315208602],[-117.23272713926445,32.82881689156381],[-117.23272682061456,32.82883063127473],[-117.23272646941318,32.82884437124469],[-117.23272609865018,32.82885810862182],[-117.23272569208052,32.82887184628384],[-117.23272525950026,32.82888558690139],[-117.23272479753159,32.82889931950724],[-117.23272430629713,32.8289130550945],[-117.23272378576623,32.82892679091487],[-117.23272323919402,32.82894052694247],[-117.23272266000887,32.82895425773255],[-117.232722054813,32.82896799147812],[-117.23272142029001,32.82898172270853],[-117.23272075647048,32.82899545417209],[-117.23272006657893,32.82900918309459],[-117.23271934413566,32.8290229122761],[-117.23271859236517,32.82903663894248],[-117.2327178145533,32.82905036581604],[-117.23271686602661,32.82909779108032],[-117.23267999818212,32.83091399991667],[-117.23265095750263,32.83239299951982],[-117.23265095554359,32.832393115661],[-117.23271157512735,32.832806276039],[-117.23271300057505,32.83281600069196],[-117.23271521356932,32.83282752074234],[-117.23271554343177,32.83282943728158],[-117.23275199963558,32.83301899944096],[-117.23280495777666,32.83328860157901],[-117.23280700037759,32.8332990002076],[-117.23280916501814,32.83330815552738],[-117.23290772909654,32.83372494287443],[-117.23291199944241,32.83374300111468],[-117.23291948582202,32.83377027020816],[-117.2329913336104,32.83403174362033],[-117.23299799854922,32.83405600135695],[-117.23312999881671,32.83448399958801],[-117.23326600105617,32.83484899964864],[-117.23347619284496,32.83544841398566],[-117.23366699937469,32.83586599916777],[-117.23443397098778,32.83754066364851],[-117.23477156653472,32.83832405317437],[-117.23487857138007,32.83857606511285],[-117.23467186999294,32.83844034974638],[-117.23467032018614,32.83843976292205],[-117.23465674458966,32.83843461595783],[-117.23464172502779,32.83842932108917],[-117.23462657816862,32.83842428834433],[-117.23461131055386,32.83841952041975],[-117.23459593194978,32.83841501723741],[-117.23458044564254,32.83841078151965],[-117.23456613165784,32.8384042386793],[-117.23455173444658,32.83839782293342],[-117.23453726058118,32.83839153972655],[-117.2345227067446,32.83838538358808],[-117.23450807625377,32.83837935998869],[-117.23449336907794,32.83837346617995],[-117.23448643988961,32.83837076738286],[-117.23447858850325,32.83836770488423],[-117.23447207540684,32.83836523914353],[-117.23446374107135,32.83836207879788],[-117.23444882024054,32.83835658522446],[-117.23443383255238,32.83835122686036],[-117.23441877472071,32.83834600098321],[-117.23440365328709,32.8383409102894],[-117.23438847153774,32.83833595750123],[-117.23437322618639,32.83833113989631],[-117.23436363441111,32.8383282067004],[-117.23435792051913,32.83832646019701],[-117.23435253718377,32.83832486772525],[-117.23434255776067,32.83832191562905],[-117.23432713797253,32.83831751168895],[-117.23431166112374,32.83831324562846],[-117.23429613698087,32.83830911736969],[-117.23428055906344,32.83830512971281],[-117.23426493388249,32.83830128260592],[-117.23424925821314,32.83829757882318],[-117.23423816035492,32.83829505615758],[-117.23423353844341,32.83829400731959],[-117.23422908022845,32.83829303963292],[-117.23421777472686,32.83829058183657],[-117.23420196703269,32.83828729962578],[-117.23418612181031,32.83828415513875],[-117.23417023592717,32.83828115939463],[-117.23415431248492,32.8382782986259],[-117.23413835489276,32.83827558654816],[-117.23413173048942,32.83827452068071],[-117.23412236628303,32.83827301214225],[-117.23411489790973,32.83827188153702],[-117.23410634026774,32.83827058645318],[-117.23409028980718,32.83826830388061],[-117.2340742116459,32.83826616445049],[-117.23405810252828,32.83826416818877],[-117.23404197550691,32.83826231773986],[-117.2340258240707,32.83826061315576],[-117.23400964843475,32.83825907367445],[-117.23400898990452,32.83825899646519],[-117.23399346091422,32.83825763598145],[-117.23397725247992,32.83825636611355],[-117.23396102939702,32.8382552420326],[-117.2339447916346,32.83825426099023],[-117.23392854247894,32.83825342570886],[-117.23391228521602,32.83825273891083],[-117.23389601981518,32.83825219784777],[-117.23388104893206,32.83825183337034],[-117.23388030317965,32.83825181732301],[-117.23387974953171,32.83825180249383],[-117.2338634743349,32.83825155010067],[-117.23384719428604,32.83825144616485],[-117.23383091912083,32.83825148786039],[-117.23381464232818,32.83825167523899],[-117.23379836716353,32.83825200827485],[-117.23378210016844,32.8382524896643],[-117.23376583802602,32.83825311393681],[-117.23374958730848,32.83825388653698],[-117.23373649754633,32.83825462296331],[-117.23373334469889,32.83825480199425],[-117.23373035806557,32.83825499619246],[-117.23371711351405,32.83825586577927],[-117.23370090020342,32.8382570723435],[-117.23368470157293,32.83825842720962],[-117.23366852081645,32.838259924855],[-117.23365235796471,32.838261568028],[-117.23363621952856,32.83826335667673],[-117.23362357800806,32.83826487285341],[-117.23362010222175,32.83826528807888],[-117.23361681863209,32.8382657127677],[-117.23360401261657,32.83826736767912],[-117.23358794739609,32.8382695900069],[-117.2335719130711,32.8382719550103],[-117.23355590964164,32.83827446268935],[-117.2335399371383,32.83827711579237],[-117.23352399878577,32.83827991154514],[-117.23350809783942,32.83828284992178],[-117.23349879672152,32.83828465556618],[-117.23349223429928,32.83828593092225],[-117.23347640816523,32.83828915454659],[-117.23346062594815,32.83829252074299],[-117.23344488761731,32.83829602676317],[-117.23342919317257,32.83829967260713],[-117.23342016956559,32.83830183884241],[-117.23341055354584,32.83830299764636],[-117.23164200116543,32.83863300086287],[-117.23119404068271,32.83871665006304],[-117.22988298821856,32.83896145860915],[-117.22969799787474,32.83899599996308],[-117.22921299827408,32.83908799994995],[-117.22920850868108,32.83908881956476],[-117.22761900002418,32.83937900184671],[-117.22630241747953,32.83962078299411],[-117.22481999855826,32.8398930003972],[-117.22438671978958,32.83996590783466],[-117.22283500001083,32.84022700044635],[-117.22241499999943,32.84029899927237],[-117.22214200099214,32.84034799985611],[-117.2221393296976,32.84034867503271],[-117.22161566473049,32.8404810738326],[-117.22161200153506,32.8404820000459],[-117.22160699612711,32.84048351744529],[-117.22125900047126,32.84058900084901],[-117.22125368691806,32.84059099340458],[-117.22057045688487,32.84084720495357],[-117.22055499925889,32.84085300145394],[-117.2205304794207,32.84086334652111],[-117.22012629301578,32.84103383948632],[-117.22012598276939,32.84103397591414],[-117.21782165622012,32.84209971579652],[-117.21782123024228,32.84209991359303],[-117.21782100831926,32.84210001427911],[-117.21691355004428,32.84251229223696],[-117.21377099949484,32.84394000166893],[-117.21321399828314,32.84421100077432],[-117.21293471442692,32.84433477063583],[-117.21243099863132,32.84455799907568],[-117.21010339641043,32.84559568693484],[-117.20992099822919,32.84567700090096],[-117.2089599993591,32.84611299978293],[-117.20895985351503,32.84611306206998],[-117.20865599900677,32.84624200081298],[-117.20828600790348,32.84638596278727],[-117.20820200076692,32.84641500062988],[-117.2079099993539,32.84651700138242],[-117.20754692123054,32.84663105712527],[-117.2075279996988,32.84663700114336],[-117.20750851801733,32.84664233726632],[-117.20714099845988,32.84674300174172],[-117.20674527153469,32.84683828692219],[-117.20673399834763,32.8468410011478],[-117.20672195625725,32.84684344784963],[-117.20635499945841,32.8469180007868],[-117.20596750695071,32.8469850088205],[-117.20595599874672,32.84698699918248],[-117.20594409912944,32.84698862701856],[-117.20555399961174,32.84704199924323],[-117.20512209804906,32.84708691193891],[-117.2051020004961,32.84708900162221],[-117.2050854769122,32.84709000342242],[-117.205022000374,32.84709400135488],[-117.20471200034896,32.84711499989209],[-117.20453100039097,32.84712099981608],[-117.20430856861839,32.84713019111313],[-117.20428899847509,32.84713099989833],[-117.2042654634084,32.84713100032474],[-117.20383400182519,32.84713098112429],[-117.20383360369638,32.84713097457892],[-117.20343918487958,32.84711793401411],[-117.20341099977198,32.84711700131616],[-117.20338554035793,32.84711519827832],[-117.20305799936943,32.8470920011885],[-117.20257432174101,32.84704551122901],[-117.20256900226819,32.84704500048651],[-117.20256891173321,32.84704498400644],[-117.20256879916938,32.84704496288635],[-117.2025231270634,32.84703656723107],[-117.20229699989727,32.84699499887937],[-117.20148200007226,32.84684500127127],[-117.2012110004267,32.84679599895402],[-117.199482000435,32.84648000115386],[-117.19919100318843,32.84640998930558],[-117.19895300092747,32.84635300030521],[-117.19886799834205,32.84633400137898],[-117.19873703727318,32.84630511303391],[-117.19832400049125,32.84621400087381],[-117.19771000089951,32.84610900060283],[-117.19749305162703,32.84606796324395],[-117.1968059989379,32.84593799949801],[-117.19602700104502,32.84583100132114],[-117.19560400084517,32.84580699980956],[-117.19535020463452,32.84579862047105],[-117.19518000125717,32.84579300088363],[-117.1949741148847,32.84579192802217],[-117.1947960008805,32.84579099969149],[-117.19441199884641,32.84579399963324],[-117.19429603810737,32.84580166683973],[-117.19408807466186,32.84581541743128],[-117.19308100130579,32.84588199940184],[-117.19274900055022,32.84590499940702],[-117.19211155284434,32.84599430539811],[-117.19104299996529,32.8461440008109],[-117.19068782622173,32.84619299075782],[-117.18991200098114,32.8462999993374],[-117.18651900069155,32.84677599953606],[-117.18538900038477,32.84693399934985],[-117.18517199832495,32.84696400176443],[-117.18364628607402,32.84717063392988],[-117.18278699838488,32.84728700107103],[-117.18277740818129,32.84728813579838],[-117.18218700052346,32.84735800097204],[-117.18172705316536,32.84741269828937],[-117.18038799848995,32.84757200087372],[-117.18031829423241,32.84758170733161],[-117.18030900114708,32.84758300179173],[-117.18007680165897,32.84759186293653],[-117.17978499868555,32.84760299871899],[-117.17978481639432,32.84760300352685],[-117.17951600091354,32.84761000089024],[-117.17871199875188,32.84763399927299],[-117.17850506334976,32.84764172201024],[-117.17844431687853,32.84764398922542],[-117.17844399953457,32.84764400123063],[-117.17831593688034,32.84764262271805],[-117.17825834198672,32.847642002884],[-117.17825799924317,32.8476419992756],[-117.17820479921578,32.84764260795939],[-117.17808296233871,32.84764401683198],[-117.17808265759827,32.8476435257623],[-117.17797864882594,32.84748034833573],[-117.17790000045294,32.84735700152137],[-117.17789241514294,32.84734462625809],[-117.17788115063939,32.84732624700447],[-117.17788099989095,32.84732600077002],[-117.17786937993874,32.8473044819393],[-117.17785973262622,32.8472866161899],[-117.17782700151554,32.84722600019357],[-117.17779202382732,32.8471609903754],[-117.17772800104321,32.84704199925374],[-117.17769516430273,32.84698130705846],[-117.17769499909528,32.84698100183925],[-117.17752614733131,32.84673520608352],[-117.17752599782605,32.84673500038001],[-117.17730500021696,32.84637300021998],[-117.17664300143022,32.8452910000733],[-117.17626999915234,32.84468100152302],[-117.17581199880706,32.84393300091494],[-117.17565999930382,32.84368400008012],[-117.17532700049262,32.84314000151223],[-117.17433000003192,32.84151000031396],[-117.17399799915982,32.84096799997227],[-117.17385356142488,32.84073159597096],[-117.17303999946758,32.83940000035085],[-117.17302723883495,32.83937916780153],[-117.17260999881883,32.83869800082817],[-117.17131999901703,32.83659199903591],[-117.17097147453785,32.83602168751094],[-117.17089099931664,32.83588999998897],[-117.17085289861404,32.83582686749406],[-117.17071899994191,32.83560499935869],[-117.17003499921211,32.83446600093483],[-117.16939625563781,32.83340242417021],[-117.16939600053544,32.83340200073602],[-117.16936649513011,32.8333546916227],[-117.16927999880377,32.83321600070435],[-117.16913161250399,32.83297922770613],[-117.16882000129964,32.83248199903723],[-117.1683779980644,32.83177700169328],[-117.16705499979825,32.82966200008678],[-117.16661635416168,32.82895916845215],[-117.16661500094169,32.82895700098258],[-117.16659241725451,32.82891916484148],[-117.16624399853568,32.82833499944253],[-117.16513300076224,32.82647199957907],[-117.16476299984252,32.82585100051587],[-117.16475968508566,32.82584543527181],[-117.16426799832628,32.82501999914654],[-117.16338125981804,32.82353008459702],[-117.16229210325525,32.82170012460123],[-117.16229202290714,32.82169998845609],[-117.1622918646877,32.82169971958317],[-117.16225508557739,32.82163563270201],[-117.16201099923812,32.82120999931397],[-117.16138461996378,32.82011812225486],[-117.16117000056006,32.81974400030142],[-117.16071100535656,32.8189449980347],[-117.16069472723363,32.81891663245925],[-117.16037266190285,32.81835512914652],[-117.16036799966803,32.81834700111106],[-117.16033382090365,32.81828756080071],[-117.16020699872411,32.81806700097392],[-117.15972499806971,32.81722700020813],[-117.15956536264751,32.81694763304267],[-117.15956500050332,32.8169470001158],[-117.15949599891033,32.81682699965735],[-117.15922426620368,32.8163529536259],[-117.15922212823746,32.81634922314046],[-117.1592220006184,32.81634900007609],[-117.15906905836989,32.81609472025438],[-117.15906859905591,32.8160939753523],[-117.15906199783147,32.81608300033869],[-117.15905718066166,32.81607544783623],[-117.15879599974916,32.81566599924821],[-117.15879149177061,32.81565907043462],[-117.15877600052175,32.81563500025239],[-117.1587639238014,32.81561740517984],[-117.15847399969063,32.8151950000211],[-117.15819200036387,32.81480900048412],[-117.15787430750176,32.81439926753917],[-117.15787099803762,32.81439499937733],[-117.15786755952932,32.814390842792],[-117.15752640319108,32.81397836738123],[-117.15751699990908,32.81396699991842],[-117.15750735383992,32.81395607675054],[-117.15733100139111,32.81375700045267],[-117.1571346074345,32.81353448750864],[-117.15712799945997,32.81352700099904],[-117.15711758310935,32.81351586083081],[-117.1568143899739,32.81319275157399],[-117.15679399903908,32.81317100115259],[-117.15677326573375,32.81315013826463],[-117.15642498238456,32.81280002521423],[-117.15641699952135,32.81279200043186],[-117.15640918981519,32.81278459210685],[-117.15602801688445,32.81242298598652],[-117.15602789612709,32.81242287487061],[-117.15556600163991,32.81192200141892],[-117.15541889531475,32.81176225015916],[-117.15528401670106,32.8116157764814],[-117.15418199931607,32.81041900130572],[-117.15372091264952,32.80991899127709],[-117.15372067066794,32.80991872231952],[-117.15324099974875,32.80938599905483],[-117.15320212561709,32.80934291392784],[-117.15312130264159,32.80925333598147],[-117.15312099894527,32.80925299944839],[-117.15307199875804,32.80918499953399],[-117.15302806949428,32.80912398703042],[-117.15292799818639,32.80898500156439],[-117.15291157817067,32.80896276590875],[-117.15288016149664,32.80892022119861],[-117.15287999894747,32.80892000113182],[-117.1528286047479,32.808856071317],[-117.15279799969453,32.80881800141911],[-117.15279724877088,32.80881705798504],[-117.15271600013838,32.80871500119586],[-117.15272313605348,32.80869484981305],[-117.15273299855889,32.80866700051537],[-117.15275945246835,32.80859811962136],[-117.15278599827681,32.80852900030273],[-117.15280400005439,32.80848300144007],[-117.15280409703131,32.80848277810117],[-117.15285499846405,32.80836600074736],[-117.15301000051284,32.80801399989022],[-117.15305167867011,32.8079218238487],[-117.15306201609278,32.80789896578968],[-117.15308352268103,32.80783724447517],[-117.15319199961425,32.80752599992059],[-117.15358598778565,32.80640999493913],[-117.15358606873232,32.80641003351303],[-117.15384100037356,32.8056830017638],[-117.15421699947215,32.80461600114325],[-117.15431157519824,32.8043495386098],[-117.15434300015963,32.80426100066381],[-117.15437471518136,32.80417742028168],[-117.15452400036672,32.80378400000036],[-117.15506999842077,32.80235700093362],[-117.15525199793551,32.80188299869634],[-117.15525210750928,32.8018829731562],[-117.15528354644047,32.80187566312859],[-117.15529499981032,32.80187300034537],[-117.15532162600626,32.80186732592365],[-117.15535600024589,32.80186000053612],[-117.15535611627851,32.80185997013866],[-117.1553793432446,32.80185382177714],[-117.15542399831564,32.80184200204609],[-117.15546655198908,32.80183146271604],[-117.15547444259688,32.80182943415628],[-117.15548998280556,32.80182535956322],[-117.15550548622788,32.80182118904001],[-117.15552094960954,32.80181692261045],[-117.1555363826848,32.80181255745465],[-117.15553733338464,32.80181228112663],[-117.15555177246519,32.80180809641639],[-117.15556110042718,32.80180532895102],[-117.15556712223311,32.80180354222021],[-117.15558243518613,32.80179888934554],[-117.15559770487248,32.80179414333679],[-117.15561292800962,32.80178930146953],[-117.15562811761414,32.80178436364832],[-117.15564325741525,32.80177932999248],[-117.15565835397774,32.80177420595101],[-117.15567340724505,32.80176898602714],[-117.15568841070881,32.80176367026876],[-117.15570337093376,32.80175826412472],[-117.15571848030788,32.80175312074219],[-117.15573338733194,32.80174760504416],[-117.15574808552564,32.80174171982669],[-117.15576257817138,32.80173546781442],[-117.15577683932047,32.80172885744327],[-117.15579086574694,32.80172189148552],[-117.15580756295917,32.80171482072599],[-117.15582205237035,32.80170857147891],[-117.15583649206241,32.80170223464239],[-117.15585087880939,32.80169581298865],[-117.15586520932882,32.80168930379327],[-117.15587948693145,32.80168271252902],[-117.15589370833477,32.80167603647154],[-117.15590787353875,32.80166927562071],[-117.15592198582577,32.80166243270109],[-117.15593603540512,32.80165550503602],[-117.15595003206748,32.80164849530215],[-117.15596396927623,32.80164140079899],[-117.15597784383381,32.80163422704704],[-117.15599166219185,32.80162696850191],[-117.15730882561886,32.80091092637699],[-117.15732003024036,32.80090427507368],[-117.15733348554832,32.80089654630012],[-117.15734709583691,32.80088901427919],[-117.15736085459793,32.8008816790587],[-117.15737476185973,32.8008745433869],[-117.15738880788831,32.80086761008378],[-117.15739837450218,32.80086306793108],[-117.15740299265539,32.80086087640103],[-117.15740838260011,32.8008584180889],[-117.15741730970949,32.80085434788304],[-117.157431759079,32.80084802727805],[-117.15744633102983,32.80084191740607],[-117.15746102553382,32.80083601551877],[-117.15747583611116,32.80083032441231],[-117.15748287473241,32.80082774128854],[-117.15749075956438,32.80082484960707],[-117.15749646665886,32.8008228507105],[-117.15750579261115,32.80081958837874],[-117.15752092877165,32.80081454352337],[-117.15753616159431,32.80080972058533],[-117.15755149102263,32.80080511406807],[-117.15756691385927,32.80080072949207],[-117.15758242034187,32.80079656692902],[-117.15759430689093,32.80079356336594],[-117.15759800721648,32.80079262640284],[-117.1575999745702,32.80079216118248],[-117.15761366803159,32.80078891345797],[-117.15762940926727,32.80078542529822],[-117.15764521790705,32.80078216201929],[-117.15766108749948,32.80077912916554],[-117.15767701473395,32.80077632126435],[-117.15769299641308,32.80077374383614],[-117.15770673844048,32.80077173532528],[-117.15770902931122,32.80077139965318],[-117.15771197377916,32.80077101245057],[-117.15772510686357,32.80076928326672],[-117.15774122261861,32.80076740022121],[-117.15775737657658,32.80076575051653],[-117.15777356217259,32.80076432870404],[-117.15778976972945,32.80076314310038],[-117.15780600247304,32.80076219093327],[-117.15782147641485,32.80076150270456],[-117.15782189280095,32.80076148590005],[-117.1578222505845,32.80076146677792],[-117.15783851092313,32.80076098165149],[-117.15785478017828,32.80076073008122],[-117.15787105184187,32.80076071211506],[-117.15788731937739,32.80076092505254],[-117.15790358284167,32.80076137439026],[-117.15791983244414,32.80076205745167],[-117.15793606815659,32.80076297148853],[-117.15794945665333,32.80076392020622],[-117.15795228352758,32.80076412204532],[-117.15795623780201,32.80076445851552],[-117.15796847199228,32.80076550367328],[-117.15798463029671,32.80076711639636],[-117.15800075524359,32.80076896573513],[-117.1580168402681,32.80077104624083],[-117.15812461986131,32.80080872993917],[-117.15897763444029,32.8011597593609],[-117.15962479264402,32.80142984438103],[-117.16345552985133,32.80302868206518],[-117.16364838345314,32.80310971051879],[-117.16364908610214,32.80310999391316],[-117.16366379548886,32.80311587957139],[-117.16366744900756,32.80311732848675],[-117.16367852066381,32.80312171838625],[-117.16369327467228,32.80312751300968],[-117.16370805428861,32.80313326621409],[-117.1637228562015,32.80313897252687],[-117.16373768691933,32.80314463189987],[-117.16375253348239,32.80315024992611],[-117.16376740559616,32.80315582103663],[-117.16378230328918,32.80316134797975],[-117.16379722656141,32.80316683075545],[-117.16381216884736,32.80317226391533],[-117.16382021468584,32.80317516451415],[-117.16382713676956,32.80317765840434],[-117.16384212695959,32.80318300325342],[-117.16385713950312,32.80318830670752],[-117.16387217431453,32.80319356052156],[-117.16388723470503,32.80319877016817],[-117.16390231088351,32.80320393297127],[-117.1639174094153,32.80320905437929],[-117.16393253346911,32.80321412612319],[-117.16394767659349,32.80321915374779],[-117.16396284532549,32.80322413995321],[-117.16397802650543,32.80322907109425],[-117.16399323329293,32.80323396081612],[-117.16400846240515,32.80323880639447],[-117.16402370730513,32.80324360512931],[-117.16403897775548,32.80324835694835],[-117.16405426399356,32.80325306192371],[-117.16406957252775,32.80325772000735],[-117.16408490016093,32.80326233671995],[-117.16410024677884,32.80326690106821],[-117.16411126101907,32.80327014522221],[-117.1641156124672,32.80327142129705],[-117.16412343053304,32.80327369690065],[-117.16413099719739,32.80327589465823],[-117.16414640096934,32.80328032115167],[-117.16416182381168,32.8032847035257],[-117.16417726566716,32.80328903628371],[-117.1641927298472,32.80329332489816],[-117.16420820327774,32.8032975639689],[-117.16422369903279,32.80330175889603],[-117.16423921057522,32.80330590697962],[-117.16425474438502,32.80331000542294],[-117.16427029075656,32.80331405979506],[-117.16427809304533,32.80331606889943],[-117.16428585614113,32.80331806455106],[-117.1642912826554,32.80331944534731],[-117.16430143734166,32.80332202521167],[-117.16431703430099,32.80332593628032],[-117.16433265030186,32.80332980048114],[-117.16434828208999,32.80333361783826],[-117.16436392963689,32.8033373856034],[-117.16437959302812,32.80334111202144],[-117.16439527217801,32.80334478884742],[-117.16441096383241,32.80334841610549],[-117.16442667127396,32.80335199651984],[-117.16444239775693,32.80335553006637],[-117.16445814002698,32.80335901676908],[-117.16447389154723,32.80336245392802],[-117.16447662814348,32.80336304107972],[-117.16448966210875,32.80336584421907],[-117.16450429383833,32.80336894335557],[-117.16450544520312,32.80336918769048],[-117.16452124083031,32.80337248434219],[-117.16453705221599,32.80337573140181],[-117.16455287610593,32.8033789288935],[-117.16456871581137,32.80338208228977],[-117.16458456476677,32.80338518614205],[-117.16460042950906,32.80338824315059],[-117.16461630675552,32.8033912505911],[-117.16463219653463,32.80339421121197],[-117.16464809881782,32.8033971222648],[-117.16465289836277,32.80339798547177],[-117.16466401363363,32.80339998649795],[-117.16467249407198,32.80340148482584],[-117.16467994098203,32.80340280391134],[-117.16469587755164,32.80340556903256],[-117.164711829908,32.80340828730994],[-117.16482793193688,32.80342657801825],[-117.16485586358182,32.80343097824097],[-117.16485599804685,32.80343099923267],[-117.16574199865775,32.80354399924639],[-117.1660579985783,32.80352900071373],[-117.16627299811549,32.80339099896796],[-117.16635259338634,32.80336503318401],[-117.1667420014908,32.80323800051686],[-117.16717200077471,32.80323800050746],[-117.16736699877028,32.80314400080064],[-117.16757600093425,32.80315500006601],[-117.16806399792215,32.80301800019738],[-117.16825899931852,32.80289700034169],[-117.16846099953788,32.80267700141285],[-117.16859100055234,32.80262200104109],[-117.16889800025338,32.80227600027597],[-117.1691249992422,32.80219300101204],[-117.16954900002546,32.80216600015861],[-117.17021899929846,32.80224800123641],[-117.17034999963904,32.80220999939036],[-117.17145269174469,32.80230107586006],[-117.17147599896848,32.80230300107661],[-117.17170399838434,32.80227600167476],[-117.17195229445082,32.8021684718701],[-117.17221199861478,32.80205600108172],[-117.17227484672304,32.80204609110488],[-117.172453000495,32.80201799978028],[-117.17274600057713,32.80202900026957],[-117.17299299903796,32.80213899938752],[-117.17320799809076,32.80205599984526],[-117.17335099924935,32.80191899955269],[-117.17346799880603,32.80191900119647],[-117.17364400031003,32.80208400025074],[-117.17381999821524,32.80211799910265],[-117.17387603367548,32.80212699139138]]]],"type":"MultiPolygon"}
}