{
  "id": 1108801245,
  "type": "Feature",
  "properties": {
    "edtf:cessation":"uuuu",
    "edtf:deprecated":"",
    "edtf:inception":"uuuu",
    "geom:area":0.000162,
    "geom:area_square_m":1687484.849135,
    "geom:bbox":"-117.282243276,32.8350664272,-117.265124417,32.851204813",
    "geom:latitude":32.843471,
    "geom:longitude":-117.273205,
    "iso:country":"US",
    "lbl:latitude":32.844198,
    "lbl:longitude":-117.273046,
    "mps:latitude":32.844198,
    "mps:longitude":-117.273046,
    "mz:hierarchy_label":1,
    "mz:is_current":0,
    "mz:is_funky":0,
    "mz:is_landuse_aoi":0,
    "mz:max_zoom":18.0,
    "mz:min_zoom":11.0,
    "mz:note":"",
    "name:eng_x_variant":[
        "Village",
        "Village of La Jolla",
        "Downtown La Jolla",
        "La Jolla Downtown"
    ],
    "reversegeo:latitude":32.844198,
    "reversegeo:longitude":-117.273046,
    "src:geom":"mz",
    "src:geom_alt":[],
    "wof:belongsto":[
        85828909,
        102191575,
        85633793,
        85922227,
        102083569,
        85688637
    ],
    "wof:breaches":[],
    "wof:concordances":{},
    "wof:country":"US",
    "wof:geomhash":"155626715bede95f05fc262746a6a7c8",
    "wof:hierarchy":[
        {
            "continent_id":102191575,
            "country_id":85633793,
            "county_id":102083569,
            "locality_id":85922227,
            "microhood_id":1108801245,
            "neighbourhood_id":85828909,
            "region_id":85688637
        }
    ],
    "wof:id":1108801245,
    "wof:lastmodified":1511300775,
    "wof:name":"The Village",
    "wof:parent_id":85828909,
    "wof:placetype":"microhood",
    "wof:repo":"whosonfirst-data-admin-us",
    "wof:superseded_by":[],
    "wof:supersedes":[],
    "wof:tags":[]
},
  "bbox": [
    -117.28224327625831,
    32.83506642717497,
    -117.26512441652508,
    32.85120481298191
],
  "geometry": {"coordinates":[[[[-117.26556647234561,32.84799145047094],[-117.26541687129954,32.84773172405318],[-117.26533782946861,32.84757678074358],[-117.26527459600386,32.84743290454408],[-117.26522190144991,32.84729456183754],[-117.26517974580676,32.84716175262393],[-117.26515208116592,32.84702783646314],[-117.26513890752743,32.84689281335515],[-117.26512968598048,32.84676443055177],[-117.26512441652508,32.84664268805298],[-117.26512705125279,32.8465209453872],[-117.26513759016356,32.8463992025544],[-117.26515866798515,32.84628631361348],[-117.26519028471752,32.84618227856443],[-117.26529172173389,32.84600851742066],[-117.26546297903427,32.84576503018219],[-117.26567507461394,32.84550604750033],[-117.26592800847288,32.84523156937506],[-117.26611507413942,32.84503235110267],[-117.26623627161351,32.84490839268317],[-117.26632848708293,32.84483534573916],[-117.26639172054767,32.84481321027067],[-117.26648261865324,32.84479328834504],[-117.26660118139965,32.8447755799623],[-117.26671315732679,32.84476783254505],[-117.26681854643471,32.84477004609327],[-117.26690812717642,32.84477779351091],[-117.26698189955195,32.84479107479797],[-117.26701878573972,32.8447977154415],[-117.26703064201436,32.84472245469846],[-117.26705435456365,32.84457193321239],[-117.26701746837588,32.84441255721916],[-117.26691998345109,32.84424432671877],[-117.26676058242538,32.84400526148877],[-117.26653926529875,32.84369536152915],[-117.26641411573311,32.84351440198239],[-117.26638513372848,32.84346238284847],[-117.26637064272614,32.84343637328152],[-117.26656692993961,32.84339210160808],[-117.26695950436657,32.8433035582612],[-117.26715579158004,32.84325928658777],[-117.26708399525026,32.84302353843923],[-117.26694040259073,32.84255204214216],[-117.26668219927635,32.84179442944186],[-117.26630938530714,32.84075070033836],[-117.26608214004321,32.84010265672497],[-117.2660004634846,32.83985029860171],[-117.26595962520528,32.83972411954008],[-117.26664926518015,32.83966601052042],[-117.26802854512985,32.83954979248112],[-117.26887626876659,32.839468439811],[-117.26919243609034,32.83942195251007],[-117.26936237602685,32.83939649517735],[-117.26938608857611,32.83939206781281],[-117.26939794485075,32.83938985413054],[-117.26938279516649,32.83937601861138],[-117.26935249579797,32.83934834757304],[-117.26933141797639,32.83931956968348],[-117.26931956170175,32.83928968494271],[-117.2693103401548,32.83925094544315],[-117.26930375333555,32.83920335118484],[-117.26930572938133,32.83913749395101],[-117.26931626829212,32.83905337374171],[-117.26933537006792,32.83896261236367],[-117.26936303470876,32.83886520981689],[-117.26940716639768,32.83873072763161],[-117.26946776513473,32.83855916580782],[-117.26951782496099,32.83843077102934],[-117.26955734587646,32.83834554329616],[-117.26960081888348,32.8382636360515],[-117.26964824398203,32.83818504929536],[-117.26969830380828,32.8381097830454],[-117.26975099836224,32.83803783730159],[-117.26981686655469,32.83796312434859],[-117.26989590838562,32.83788564418639],[-117.27000590826701,32.8377871335618],[-117.27014686619883,32.83766759247482],[-117.27024500980556,32.83757240227404],[-117.27030033908723,32.83750156295947],[-117.27033722527499,32.83743293732216],[-117.27035566836885,32.83736652536207],[-117.27036488991578,32.83733331938203],[-117.27034249473036,32.83730896829843],[-117.27029770435949,32.83726026613122],[-117.27025423135248,32.83720602959032],[-117.27021207570934,32.83714625867572],[-117.27019099788775,32.83711637321841],[-117.27018836316006,32.83708427397871],[-117.27018309370465,32.83702007549931],[-117.27018045897695,32.83698797625961],[-117.27022524934782,32.8369647319536],[-117.27031483008953,32.83691824334159],[-117.2703596204604,32.83689499903558],[-117.27037674619044,32.83686068596793],[-117.27041099765052,32.83679205983266],[-117.27044656647443,32.83672343364432],[-117.27048345266221,32.83665480740295],[-117.27050189575608,32.83662049428226],[-117.27054405139924,32.83659946363368],[-117.27062836268558,32.83655740233652],[-117.27074560806813,32.83650537911687],[-117.27089578754689,32.83644339397475],[-117.27102752393176,32.83639358446442],[-117.27114081722277,32.83635595058589],[-117.27123698478373,32.8363172098112],[-117.27131602661466,32.83627736214034],[-117.27138057744325,32.83622755251822],[-117.27143063726952,32.83616778094486],[-117.27147015818498,32.83608365788699],[-117.27149914018965,32.83597518334459],[-117.27152285273893,32.83587113621779],[-117.27154129583282,32.83577151650658],[-117.27154393056051,32.83568628624121],[-117.27153075692203,32.83561544542168],[-117.27152417010278,32.83558002501191],[-117.27149782282581,32.83556231478583],[-117.27144512827186,32.83552689433368],[-117.27141878099489,32.83550918410759],[-117.27139638580945,32.83539849487444],[-117.2713515954386,32.83517711640813],[-117.27132920025316,32.83506642717497],[-117.27137267326017,32.8350708547549],[-117.27145961927421,32.83507970991474],[-117.27153734374129,32.83508745817903],[-117.27160584666143,32.83509409954777],[-117.27168752322005,32.83509742023213],[-117.27178237341718,32.83509742023213],[-117.27187063679506,32.83509409954777],[-117.27195231335368,32.83508745817903],[-117.27200500790764,32.83508081680981],[-117.27202872045693,32.83507417544009],[-117.27204057673157,32.83507085475523],[-117.27208931919398,32.83522471263203],[-117.27218680411877,32.8355324283856],[-117.27223554658119,32.8356862862624],[-117.27253985763026,32.83561987292123],[-117.27314847972843,32.83548704623887],[-117.27345279077751,32.8354206328977],[-117.27357135352391,32.83579143817665],[-117.27380847901669,32.83653304873454],[-117.27392704176309,32.83690385401349],[-117.27431961619006,32.83681087655531],[-117.27510476504401,32.83662492163896],[-117.27549733947097,32.83653194418078],[-117.27557769866576,32.83678541752531],[-117.27573841705529,32.83729236421437],[-117.27583326725241,32.83759786011437],[-117.2758622492571,32.83770190522533],[-117.27588332707867,32.83778602674357],[-117.27589650071717,32.83785022466909],[-117.27590308753641,32.83791220883131],[-117.27590308753641,32.83797197923023],[-117.27589518335331,32.83803064273188],[-117.27587937498711,32.83808819933624],[-117.27583985407165,32.8381944574973],[-117.2757766206069,32.83834941721504],[-117.27574105178299,32.83844571357025],[-117.27573314759988,32.83848334656292],[-117.27573578232757,32.83852651379553],[-117.27574895596607,32.83857521526809],[-117.27583853670778,32.83886410182677],[-117.27600452455275,32.83939317347159],[-117.27608751847522,32.83965770929399],[-117.2764484761698,32.83957580314206],[-117.27717039155898,32.83941199083819],[-117.27805697742926,32.83921497282663],[-117.27910823378063,32.83898474910739],[-117.27967996969105,32.83886299616073],[-117.27977218516045,32.83884971398664],[-117.27983673598905,32.83884639344337],[-117.27987362217682,32.8388530345309],[-117.27991446045613,32.83887074409193],[-117.27995925082699,32.83889952212645],[-117.27998955019551,32.83892608645871],[-117.2800053585617,32.83895043708873],[-117.28001326274479,32.83896261240374],[-117.28046907063649,32.83887295765491],[-117.28166333534351,32.8386380527656],[-117.28166537839034,32.83864456031991],[-117.2816668788706,32.8386503554651],[-117.28166899760585,32.83865584310566],[-117.2816714342037,32.83866344996903],[-117.28167366574432,32.83867022848418],[-117.28167530810816,32.83867673981474],[-117.28168022509119,32.83869013363748],[-117.28168458410032,32.83870314457596],[-117.28168782717911,32.83871261371387],[-117.28168881675677,32.8387164863954],[-117.28169191254366,32.8387245000339],[-117.2816936809816,32.83872954533569],[-117.28169825685436,32.83874272487204],[-117.28170048166635,32.83874892899667],[-117.28170229189807,32.83875587319502],[-117.28170733463153,32.8387688839183],[-117.28171247818824,32.83878216315674],[-117.28171732681925,32.83879527994589],[-117.2817222438493,32.83880839891205],[-117.28172718950377,32.83882145991935],[-117.28173223314668,32.83883454759342],[-117.28173731234381,32.83884761298187],[-117.28174258352003,32.83886066852072],[-117.28174762620104,32.83887367374579],[-117.2817526724934,32.8388867091745],[-117.28175771517729,32.83889971439923],[-117.28176045121231,32.83890508968808],[-117.28176357402619,32.83891263034899],[-117.28176900676087,32.83892558009234],[-117.28177362450661,32.83893649722232],[-117.28177442328412,32.838938535468],[-117.28177946765118,32.83895140599896],[-117.28178298664376,32.83895830293831],[-117.28178563597244,32.83896433585367],[-117.28178894573936,32.83897199313965],[-117.28179123116637,32.83897725675339],[-117.28179620681823,32.83899009762377],[-117.28180281866595,32.83900308973741],[-117.28180789005292,32.83901576489475],[-117.28181456375884,32.83902875649099],[-117.28182041940283,32.83904139761032],[-117.28182630631338,32.83905420612953],[-117.28182777585118,32.83905708257479],[-117.28183245592257,32.83906692724877],[-117.2818347619216,32.83907172343691],[-117.28183795572158,32.83907976373853],[-117.2818447225913,32.83909236975831],[-117.28184659377743,32.83909618010219],[-117.28185098576191,32.83910505694538],[-117.28185721650814,32.8391177553972],[-117.28186068680975,32.83912466373543],[-117.28186296144477,32.83913039469096],[-117.28186965373536,32.83914302606948],[-117.28187627811322,32.83915569649474],[-117.2818829479735,32.83916835829394],[-117.28188955304769,32.83918104811965],[-117.28189605659217,32.8391934089676],[-117.28190272516932,32.83920596083467],[-117.28190946146965,32.83921845716461],[-117.28191623367911,32.83923096143984],[-117.28192210323832,32.83923728902647],[-117.2819320796209,32.83924816412626],[-117.28194195895279,32.83925909225854],[-117.28195177024367,32.83927004844404],[-117.28195636355537,32.83927526803431],[-117.28196077510466,32.83928109107484],[-117.28197068019796,32.83929199425273],[-117.28198056343852,32.83930325492347],[-117.28198158650306,32.83930442825013],[-117.2819832800712,32.83930641778962],[-117.28199008496536,32.83931448838188],[-117.28199309659172,32.839318096796],[-117.28199872815064,32.83932578414988],[-117.28200527061063,32.83933313131789],[-117.28200874129691,32.83933701624748],[-117.28200986492773,32.83933843610274],[-117.28201790601344,32.83934836262719],[-117.28202435922179,32.83935642791069],[-117.2820268125791,32.83935990631017],[-117.2820295908122,32.83936304667212],[-117.28203600953326,32.8393712249337],[-117.2820449876605,32.83938276252032],[-117.28204733136386,32.83938605218597],[-117.28205327342882,32.83939439659395],[-117.28205800051843,32.83939991740276],[-117.2820624720012,32.8394058526294],[-117.28207111942632,32.8394175084166],[-117.28207398188513,32.83942144515236],[-117.2820796698005,32.83942921723666],[-117.28208809031075,32.83944095737538],[-117.28209628064836,32.83945278189344],[-117.28210454418864,32.83946474047796],[-117.28211293182817,32.83947645340426],[-117.28212099324074,32.83948838894001],[-117.28212521885919,32.83949473575253],[-117.28212899341295,32.83950037720939],[-117.28213686046551,32.83951239682478],[-117.28214159217285,32.83951969865019],[-117.28214193151938,32.8395203169858],[-117.28214434137024,32.83952452686005],[-117.28214898147404,32.83953123576462],[-117.28215237155766,32.83953657534515],[-117.28215446549642,32.83953994405546],[-117.2821592674719,32.83954879547336],[-117.28216759417383,32.83956086346784],[-117.28216885873088,32.83956319466147],[-117.28217419351729,32.83957305858829],[-117.28217979999805,32.83958138105804],[-117.28218219467097,32.83958540690578],[-117.28218615792223,32.83959214620264],[-117.28218915309267,32.83959768148089],[-117.28219578954187,32.83960998623199],[-117.28220093409784,32.83961778758893],[-117.2822035647491,32.83962250134926],[-117.28221049226521,32.83963491635742],[-117.28221745585198,32.83964735305211],[-117.28222406423316,32.83966059529078],[-117.28222461483402,32.83966284724593],[-117.28222680237643,32.83967419695259],[-117.28222927553371,32.83968769088717],[-117.28222959889241,32.83969027731571],[-117.28223106764182,32.83970141314602],[-117.28223285681732,32.83971516291483],[-117.28223461214908,32.83972852542139],[-117.2822364042589,32.83974224768019],[-117.28223822989146,32.83975605211516],[-117.28223939984181,32.8397697493398],[-117.28224009983872,32.83977918749606],[-117.28224014660587,32.83978345284982],[-117.28224062577875,32.8397871099093],[-117.28224122282339,32.83979720857729],[-117.28224183965683,32.83981093791022],[-117.28224226770193,32.83982467156953],[-117.28224242882578,32.83983841020827],[-117.28223573474997,32.8398744968558],[-117.28223324238773,32.83988796082868],[-117.28223452483418,32.83989903499948],[-117.28223602327249,32.83991270199324],[-117.2822368779245,32.83992172382641],[-117.28223691998704,32.83992392231228],[-117.28223693281404,32.83992640414283],[-117.28223814454334,32.83993589024457],[-117.28223857485129,32.83994010017039],[-117.28223745384139,32.83995417385342],[-117.28224068815902,32.83996760645526],[-117.28224072242082,32.83997052787411],[-117.28224084928289,32.83998134509398],[-117.2822416260952,32.83998733867915],[-117.28224200882539,32.83999498743463],[-117.28224249579341,32.84000874808693],[-117.28224295410632,32.84002256394963],[-117.28224311516618,32.84003629709176],[-117.28224327625831,32.84005003298219],[-117.28224320524025,32.84006368835615],[-117.28224304074618,32.84007742421922],[-117.28224289356555,32.84008430781047],[-117.28224213856572,32.84009127893814],[-117.28224229965781,32.84010501482854],[-117.28224169763166,32.84011864440656],[-117.28224098133883,32.84013252505735],[-117.28223951140376,32.8401462745795],[-117.28223956577881,32.84014952290733],[-117.28223959307773,32.84015323871442],[-117.28223914932013,32.84015981969567],[-117.28223800461643,32.84017353901414],[-117.2822367645346,32.84018717667335],[-117.28223529456579,32.84020092344723],[-117.28223379110626,32.8402145907931],[-117.28223216071228,32.84022826194838],[-117.28223029582168,32.84024192681786],[-117.28222930251995,32.84024884496613],[-117.28222778346347,32.84025563008115],[-117.28222712190561,32.84026168516166],[-117.28222631123587,32.84026918447547],[-117.28222402905324,32.84028280335855],[-117.2822216443039,32.84029656052616],[-117.28222124657707,32.84029873795068],[-117.28221866965499,32.84030999004968],[-117.28221796161569,32.84031624616251],[-117.28221654634746,32.84032355263386],[-117.28221377157466,32.84033709042861],[-117.28221089884447,32.84035060430507],[-117.28220786004799,32.84036411682083],[-117.28220475910511,32.84037760511896],[-117.28220141660577,32.84039104046483],[-117.28219793082889,32.84040447425951],[-117.28219586863689,32.84041214344828],[-117.28219387958416,32.84041772038162],[-117.28219314189137,32.84042089287269],[-117.28219074704855,32.84043129139979],[-117.282190270608,32.84043258719855],[-117.28218604207973,32.84044459795599],[-117.2821828418525,32.8404579496559],[-117.28218201986982,32.84046059787887],[-117.28217823293623,32.84047111798171],[-117.28217473281764,32.84047833193421],[-117.28217256029312,32.8404821458335],[-117.28217134512977,32.84048430535243],[-117.28217114308869,32.84048651137541],[-117.2821701027772,32.8404977506315],[-117.28216565824621,32.84051105501031],[-117.28216092174559,32.84052417217927],[-117.2821564398927,32.84053318363962],[-117.28215458254279,32.84053694268223],[-117.2821524658677,32.84054579694916],[-117.28215222060327,32.84054681596113],[-117.28215121756359,32.84055012809674],[-117.28214992922575,32.8405543771225],[-117.28214827523298,32.84055909645695],[-117.28214674079381,32.84056346022973],[-117.28214630077436,32.84056536315277],[-117.2821453748349,32.84056941950016],[-117.28214314569905,32.84057673552054],[-117.28214016387955,32.84058650128907],[-117.28213889907236,32.84058998052497],[-117.28213093066883,32.84061680421848],[-117.28213002174925,32.8406198132272],[-117.28212635690309,32.84062991727749],[-117.28212461899879,32.84063747656156],[-117.28212282784838,32.84064327172363],[-117.28212037981096,32.84065135641743],[-117.28211851842515,32.8406564375442],[-117.28211767973959,32.84066016058807],[-117.28211469440112,32.84066990439697],[-117.28211071017651,32.84068331486883],[-117.28210244488794,32.84070981121571],[-117.28209983764583,32.84071820232817],[-117.28209813155831,32.84072292209721],[-117.28209380636139,32.84073779764473],[-117.28209016248579,32.84074969082249],[-117.28208890673061,32.84075366472061],[-117.28208558970609,32.84076288907659],[-117.28207775213791,32.84078976664395],[-117.28207304781031,32.84080285330641],[-117.28207109264292,32.84081132142563],[-117.28206958349743,32.84081617697587],[-117.2820671325822,32.84082401707191],[-117.28206520604529,32.84082937359691],[-117.2820644315012,32.84083273604476],[-117.28206131915077,32.84084275576825],[-117.28205730138775,32.8408560840621],[-117.28205607270691,32.84085959048065],[-117.28205266413079,32.84086933782458],[-117.28205154861719,32.84087416534841],[-117.28204890648861,32.84088263645908],[-117.28204482235371,32.84089585811375],[-117.28204434687524,32.84089723636028],[-117.28204008932686,32.84090927484029],[-117.28203862891073,32.84091550975337],[-117.28203642838152,32.84092249020992],[-117.28203224815474,32.84093584734591],[-117.28202754352256,32.84094890927209],[-117.28202580492673,32.84095641084097],[-117.28202395029535,32.84096234670776],[-117.28201973815354,32.84097575908091],[-117.28201500125159,32.84098884601315],[-117.28200715977481,32.84101539378265],[-117.28200242351244,32.84102881328317],[-117.28200068655731,32.84103617741061],[-117.28199883092357,32.84104202808042],[-117.2819946497187,32.84105530276682],[-117.28198987735192,32.84106842022837],[-117.2819882348399,32.84107550871181],[-117.28198622222587,32.84108185543146],[-117.28198197429344,32.8410952708508],[-117.28198131449969,32.8410973130369],[-117.28197730281332,32.8411083847203],[-117.28197603289168,32.84111392815569],[-117.28197357770536,32.84112168308044],[-117.28196949354805,32.84113490473261],[-117.28196813818116,32.84113871454888],[-117.28196476081909,32.84114834893897],[-117.28196382935394,32.84115221293276],[-117.28196087102739,32.84116148651044],[-117.28195665725526,32.84117476146752],[-117.28195414085394,32.84118257187426],[-117.28195221462454,32.84118795588029],[-117.28194748192234,32.84120140283421],[-117.28194561663588,32.84120920780051],[-117.28194391797396,32.84121456241945],[-117.28193967135094,32.84122781291352],[-117.28193489990105,32.84124101007296],[-117.28193362997483,32.84124655350787],[-117.28193114580303,32.84125433615937],[-117.2819244420479,32.84127517668003],[-117.28192235786865,32.84128097428719],[-117.28191762129026,32.84129409144669],[-117.28191585205576,32.84130175818267],[-117.2819140263889,32.84130738871701],[-117.28190981195839,32.8413206087069],[-117.28190507892033,32.84133402817645],[-117.28190411354014,32.84133805461735],[-117.28190118582367,32.84134716302492],[-117.28189687733166,32.84136041403426],[-117.28189253299463,32.84137366259435],[-117.28188779666334,32.84138707934213],[-117.28188664854602,32.84139190438816],[-117.28188397457254,32.84140016137441],[-117.28187965953197,32.84141340968925],[-117.28187531522191,32.84142666099703],[-117.28187395265867,32.84143041315281],[-117.28187051380685,32.84143980343317],[-117.28186920996326,32.84144550931499],[-117.28186669164543,32.84145315757159],[-117.28186234733155,32.84146640887891],[-117.28185800298412,32.84147965743777],[-117.28185320220797,32.84149285483879],[-117.28185208080873,32.84149773738071],[-117.28184934690569,32.8415061597796],[-117.28184496964394,32.84151937837896],[-117.28184058947978,32.84153262723638],[-117.2818359199207,32.84154590874542],[-117.28183121551675,32.8415589953985],[-117.28182946190293,32.84156660703164],[-117.28182755615617,32.84157235092405],[-117.28182333908869,32.84158562590373],[-117.28181877138211,32.84159898626899],[-117.28181390390287,32.8416120495468],[-117.28181259815219,32.84161759327966],[-117.28181004462506,32.84162529405152],[-117.28180566738375,32.8416385153977],[-117.28180135464096,32.84165168398254],[-117.28180047242397,32.84165419527861],[-117.28179662153634,32.84166510069957],[-117.28179188491859,32.84167821785421],[-117.28179042347338,32.84168436756773],[-117.28178806144616,32.84169146205905],[-117.28178368419823,32.84170468340444],[-117.28177933531511,32.8417178248049],[-117.28177839024004,32.84172052902417],[-117.28177460252576,32.84173126900383],[-117.28176989810277,32.84174435565463],[-117.28176578906206,32.84175823715853],[-117.28176156717772,32.84177082503954],[-117.2817572879444,32.84178407579918],[-117.28175457033879,32.84179166799857],[-117.2817478787301,32.8418104964713],[-117.28174314177508,32.84182358614127],[-117.28174155750958,32.84183036904583],[-117.28173938436758,32.84183691224894],[-117.28173490946919,32.84185013715675],[-117.2817305322054,32.84186335850031],[-117.28172598858215,32.84187655374788],[-117.28172112262023,32.84188974893932],[-117.28171638568915,32.84190284135651],[-117.28171483300979,32.84190954154045],[-117.28171259607252,32.8419161979664],[-117.28170812113379,32.84192942012493],[-117.28169913511854,32.84195583725798],[-117.28169436623661,32.84196898216351],[-117.28168963342081,32.8419824263592],[-117.28168492246054,32.84199551306108],[-117.28168328058511,32.84200238165096],[-117.28168113709131,32.84200867723617],[-117.2816766259771,32.84202186946165],[-117.2816721181816,32.84203506715635],[-117.28166761070686,32.84204829233365],[-117.28166290560675,32.8420613240147],[-117.28165816955773,32.84207477098464],[-117.2816534325429,32.84208785790283],[-117.28164869552674,32.84210094482086],[-117.28164702005536,32.84210828094374],[-117.28164497068147,32.84211427340199],[-117.28164039776409,32.84212747163937],[-117.28163585408151,32.84214066413531],[-117.28163128244999,32.84215397230345],[-117.28162677006455,32.84216705734427],[-117.28162197182762,32.84218019974347],[-117.28161723157831,32.84219328943572],[-117.28161249873862,32.84220673362841],[-117.28160776170998,32.84221982054486],[-117.28160620776048,32.84222641354459],[-117.28160393431864,32.84223301255379],[-117.28159933205619,32.84224620828608],[-117.28159475551517,32.84225937631793],[-117.28159018258278,32.84227257455346],[-117.28158570731767,32.84228577197301],[-117.28157639470061,32.84231210936787],[-117.28157156063637,32.84232525206421],[-117.28156682391732,32.84233836646184],[-117.28156212365057,32.84235181312889],[-117.28155738335096,32.84236490007057],[-117.28155264630554,32.84237798698484],[-117.28154790929091,32.84239107664722],[-117.2815463881801,32.84239769410879],[-117.28154405351665,32.84240434859908],[-117.28153941184662,32.84241751717266],[-117.28153477346302,32.84243068846713],[-117.2815301350459,32.84244385701312],[-117.28152549694944,32.84245705304175],[-117.28152116027964,32.84246929830421],[-117.2815197033767,32.84248306145012],[-117.2815182332897,32.84249681096334],[-117.28151676317002,32.84251055772825],[-117.28151528921697,32.84252397744818],[-117.28151382238423,32.84253772693418],[-117.28151358676719,32.84253984803134],[-117.28151196026674,32.84255136428249],[-117.28151110901545,32.84255679702267],[-117.2815092472368,32.84256490704103],[-117.28150813365123,32.8425754597657],[-117.2815076169444,32.8425786001726],[-117.28150697258643,32.84258223913252],[-117.28150548180309,32.84258866669052],[-117.28150467537442,32.8425920898688],[-117.28150403263636,32.84259836741984],[-117.28150261823838,32.84260575633112],[-117.28150063085809,32.84261565120501],[-117.28150060909935,32.8426157393402],[-117.28149987619447,32.84261932406867],[-117.28149700002456,32.84263283795539],[-117.28149393302738,32.84264646062898],[-117.28149082799482,32.84265989397051],[-117.28148736384284,32.84267324510616],[-117.28148383850902,32.84268665447206],[-117.28148077050048,32.84269769077155],[-117.28147992049816,32.84270017431063],[-117.28147901633126,32.8427038704111],[-117.28147629230487,32.84271341962258],[-117.28147356244816,32.84272247139578],[-117.28147207838538,32.84272669456291],[-117.28146878259155,32.84273607539079],[-117.28146734549486,32.84274013874996],[-117.28146538829371,32.84274844196275],[-117.28146381371111,32.84275327606305],[-117.2814594819407,32.84276649701618],[-117.28145479884959,32.84277974563999],[-117.2814500226667,32.84279283012829],[-117.28144940462631,32.84279454763409],[-117.28144499525047,32.84280586998916],[-117.28143992902267,32.84281893216225],[-117.2814368252568,32.84282664026933],[-117.28143424522244,32.84283180709426],[-117.28143130903655,32.84283992333513],[-117.28143099055507,32.84284080827821],[-117.28142927733722,32.84284492616516],[-117.28142756279867,32.84284893137266],[-117.2814244470847,32.84285534226525],[-117.28142313674249,32.84285799730949],[-117.28142262282007,32.8428594308454],[-117.2814205461149,32.84286503873128],[-117.28141803702079,32.84287070245036],[-117.28141218653204,32.84288352380232],[-117.28140568426839,32.84289629562593],[-117.28139934446313,32.84290903860703],[-117.28139296926258,32.84292181761448],[-117.28138659325792,32.84293425031142],[-117.28138025347934,32.84294699603983],[-117.28137387753551,32.84295943423272],[-117.28136704518722,32.84297182401401],[-117.28136346590648,32.84297813158265],[-117.28135952979501,32.84298427446952],[-117.28135614875055,32.84299082775181],[-117.28135282312492,32.84299655325873],[-117.28134888894121,32.8430031386451],[-117.28134651189197,32.84300673435306],[-117.28134514236977,32.84300878521045],[-117.2813428746507,32.84301309737602],[-117.28133801213934,32.84302104005013],[-117.28133128410919,32.84303177433333],[-117.28133039223903,32.8430331862878],[-117.28132264768801,32.84304525385801],[-117.28131479379837,32.84305716017641],[-117.28130668457788,32.84306922804203],[-117.28129867141463,32.84308115767768],[-117.28129020026807,32.8430929042357],[-117.28128696100401,32.8430973866767],[-117.2812820690435,32.8431033726293],[-117.28128114139506,32.84310451002752],[-117.28127315855974,32.84311624975853],[-117.28126439336708,32.84312791081643],[-117.2812565394497,32.84313814876357],[-117.28125642066503,32.84313829267978],[-117.28125552889246,32.84313943527532],[-117.28124587822494,32.84315083161907],[-117.28124110045418,32.84315767141459],[-117.28123740345816,32.84316227036642],[-117.28122810958757,32.84317355103924],[-117.28121872068884,32.84318478028239],[-117.281208964868,32.84319581744157],[-117.28119931677115,32.84320687843744],[-117.28118969152592,32.8432179447388],[-117.28117987580795,32.84322887245383],[-117.28117749273153,32.84323139902423],[-117.28116973258983,32.84323963798947],[-117.28116190411006,32.84324788027335],[-117.28115912803173,32.8432504898323],[-117.28115468444777,32.84325528466429],[-117.2811493081206,32.84326106026877],[-117.28114669647015,32.84326353102735],[-117.28113821198873,32.84327164135904],[-117.28113261091869,32.84327768819657],[-117.28112822674608,32.8432819960389],[-117.28111742616581,32.8432925141919],[-117.28111223251997,32.84329720809081],[-117.28110603379706,32.84330282289764],[-117.2811011699016,32.84330787135432],[-117.281095846056,32.84331284669124],[-117.28108481277454,32.84332295725054],[-117.28107374664411,32.84333304334606],[-117.2810623484698,32.84334285735788],[-117.28105098965062,32.84335269577696],[-117.28103945666908,32.84336239822157],[-117.2810334849076,32.84336737621583],[-117.28102704887755,32.84337219042403],[-117.28101739813498,32.84338052761799],[-117.28100610377123,32.84339058812708],[-117.28099483873807,32.84340065113881],[-117.2809835768614,32.84341070587755],[-117.28097819497211,32.84341628637399],[-117.28097312989631,32.84342083901791],[-117.28096189612445,32.84343079182381],[-117.28095063266275,32.84344071189388],[-117.28093930347357,32.84345058028921],[-117.28093387801282,32.8434552211445],[-117.28092715514599,32.84346028785933],[-117.28091588945546,32.8434700182951],[-117.28091341044195,32.84347213887617],[-117.28090458759591,32.84347971879767],[-117.28089339152486,32.8434895558436],[-117.2808883187425,32.84349372924892],[-117.28088175990442,32.8434991793886],[-117.28087010159234,32.84350874818434],[-117.28086292832758,32.84351455801374],[-117.28085785329363,32.84351826143513],[-117.28084655213429,32.84352774479129],[-117.28084286802353,32.84353066701021],[-117.28083472613389,32.8435371748073],[-117.28083100911157,32.84354006706654],[-117.28082234409207,32.84354638957918],[-117.28081088043153,32.84355589902523],[-117.28080106881971,32.84356301444138],[-117.28079813732715,32.84356514429344],[-117.28078996934865,32.84357192715993],[-117.2807867681129,32.84357437809432],[-117.28078327611972,32.84357702385343],[-117.28077396217994,32.843583541428],[-117.28077002012135,32.84358668018398],[-117.28076249432509,32.8435926935934],[-117.28074974734798,32.84360160906334],[-117.28074212481226,32.84360770298666],[-117.28073795392106,32.84361076394345],[-117.28072553576172,32.84361967666676],[-117.28071259830152,32.84362873114971],[-117.28070619936669,32.84363365772173],[-117.28070079710561,32.84363750129459],[-117.2806883125379,32.84364630462643],[-117.28067553950007,32.84365522030605],[-117.28067137163984,32.84365798439228],[-117.28066256106779,32.84366383535818],[-117.28065845625012,32.84366697821727],[-117.2806504971233,32.84367241254392],[-117.28063846751368,32.84368058540565],[-117.28063822836384,32.84368073857127],[-117.2806378178862,32.8436809976113],[-117.28062506995562,32.84368955576507],[-117.28061228556655,32.84369805925083],[-117.28059940576281,32.84370647832642],[-117.28058652566698,32.84371487266624],[-117.2805735797793,32.84372320983413],[-117.28056056458684,32.84373146787113],[-117.28054751976903,32.84373969866841],[-117.28053489525841,32.84374767583968],[-117.28052089209856,32.84375470252129],[-117.28052014422042,32.84375506607225],[-117.2805198672892,32.84375532949471],[-117.28051640599217,32.84375837352925],[-117.28050690144822,32.84376307588457],[-117.28050496476897,32.84376479889023],[-117.28050257229476,32.84376652569877],[-117.28049456093171,32.84377028108925],[-117.28049287376571,32.84377106750727],[-117.28049243320812,32.84377153843583],[-117.28048965511918,32.84377453554121],[-117.28048034530713,32.84377890644424],[-117.28047670116923,32.84378218562951],[-117.28046700618241,32.84378675214335],[-117.2804660384828,32.84378780741302],[-117.28046325979263,32.84379019709408],[-117.28045372372114,32.84379471005864],[-117.28045236956081,32.84379585100886],[-117.28044923181808,32.84379788637411],[-117.28044248659889,32.84380104850607],[-117.28043949743821,32.84380242572895],[-117.2804387000045,32.84380328443115],[-117.28043634197141,32.84380572832158],[-117.2804335868654,32.84380707335762],[-117.28042874691651,32.84380916690031],[-117.28042657961402,32.84381010299601],[-117.28042588194788,32.84381086191812],[-117.28042529020686,32.84381149077483],[-117.28042290062564,32.84381346492678],[-117.28041579627622,32.8438168224516],[-117.2804136914426,32.8438178102483],[-117.28041185446963,32.84381915037279],[-117.2804092620062,32.84382103826356],[-117.28040699110059,32.84382202469705],[-117.28039907350561,32.84382544672494],[-117.28039574771158,32.84382866278402],[-117.28038615241888,32.84383312401494],[-117.28038214496428,32.84383624131555],[-117.28037254052039,32.843840477241],[-117.28036989209151,32.84384259097859],[-117.28036836995923,32.84384356841635],[-117.28035863822059,32.84384777791716],[-117.2803576063706,32.84384891617752],[-117.28035521849824,32.8438507583837],[-117.28035476356548,32.84385111399274],[-117.28035346447228,32.84385167453919],[-117.2803451584752,32.84385529495048],[-117.28034198909796,32.8438576878879],[-117.28034098887758,32.84385846857325],[-117.28033949866418,32.84385911317031],[-117.28033855879579,32.84385948656736],[-117.28033115656997,32.84386243154167],[-117.28033005989543,32.84386359507946],[-117.28032860116456,32.84386470391806],[-117.28032718424276,32.84386576843113],[-117.28032390225979,32.84386716458518],[-117.28031757786265,32.84386983945561],[-117.28031434920624,32.84387217516735],[-117.28031334186284,32.84387290368951],[-117.28031119718644,32.84387382585172],[-117.28030364560912,32.84387708540449],[-117.28029878548267,32.84388023730058],[-117.28028908211117,32.84388408924821],[-117.28028578690522,32.84388713738777],[-117.28027589150513,32.84389127403642],[-117.28027152559723,32.84389436683798],[-117.28026188798002,32.84389827320585],[-117.28026062691141,32.843899300687],[-117.2802576210286,32.84390147512333],[-117.28024856521209,32.84390529418074],[-117.28024594579634,32.84390710533363],[-117.28024378424797,32.84390853336782],[-117.28023404652522,32.84391306723708],[-117.28023129627697,32.84391454965536],[-117.28022675689529,32.84391700898811],[-117.28022062808341,32.84391998181366],[-117.28020648846064,32.84392675947974],[-117.28020295949186,32.84392819617026],[-117.28019198431555,32.84393271562073],[-117.28019042894734,32.843933635614],[-117.2801870938837,32.84393578256019],[-117.27977112393181,32.84413619294831],[-117.27976619932525,32.84413856752226],[-117.27935846688209,32.84435359880272],[-117.27934489352275,32.84436119896202],[-117.27933848092631,32.84436496843809],[-117.27933096038551,32.84436893954545],[-117.27931840403467,32.84437719362575],[-117.27930510112022,32.8443856463246],[-117.27930106305683,32.84438837904821],[-117.27929219174791,32.84439434036297],[-117.27928627685485,32.84439890551548],[-117.27928042254344,32.84440308261794],[-117.27927450246506,32.84440748290036],[-117.27926797253185,32.84441207791426],[-117.27926568622304,32.84441397697213],[-117.2792608362503,32.84441800277978],[-117.27925631295925,32.84442156410921],[-117.27924465106041,32.84443113003029],[-117.27923909686086,32.84443591205851],[-117.27923250305339,32.84444089239918],[-117.27922718871702,32.84444641728399],[-117.2792221202678,32.84445097263142],[-117.27921128357754,32.84446121880934],[-117.27920564105531,32.84446680139882],[-117.27920028734546,32.84447174391882],[-117.27919523145925,32.84447737384188],[-117.27919043157141,32.84448234198059],[-117.279180451747,32.84449319119292],[-117.27917079674162,32.84450425208439],[-117.27916172811433,32.84451533832313],[-117.27915848136236,32.84451919410083],[-117.27915211319107,32.84452676443577],[-117.27914855332662,32.84453196686106],[-117.27914364152254,32.84453850260156],[-117.27914030284009,32.84454312873756],[-117.27913445072615,32.84455027974121],[-117.27912647069689,32.84456201655783],[-117.27912299207564,32.84456859807544],[-117.27911934003164,32.84457427126925],[-117.27911191928509,32.84458650091172],[-117.27911028910306,32.84458937847918],[-117.2791041074879,32.84459898118104],[-117.27910032534534,32.84460633756831],[-117.27909773081345,32.84461139452169],[-117.2790913974154,32.84462416756087],[-117.27908500844346,32.84463692182294],[-117.27908217018648,32.84464452596007],[-117.27907991463196,32.8446496130713],[-117.27907782183054,32.84465469607795],[-117.27907390507617,32.8446627929447],[-117.27906919594966,32.84467552496427],[-117.27906446258734,32.8446889690589],[-117.27906309636592,32.84469465069179],[-117.27906070272392,32.84470213018798],[-117.27905766308473,32.84471256150745],[-117.27905661956957,32.84471548915721],[-117.27905534522439,32.84472095288937],[-117.27905328583864,32.84472889410481],[-117.27905011882289,32.84474235538274],[-117.27904733859349,32.84475575846719],[-117.27904424051405,32.84476954624758],[-117.27904286574562,32.84478313002057],[-117.2790412021499,32.84479679590768],[-117.2790399230817,32.84481048882512],[-117.27903835779919,32.84482420886405],[-117.27903851839996,32.84483794475788],[-117.27903831761604,32.84485168366262],[-117.27903854368468,32.84486544924499],[-117.27903896032541,32.84487574182634],[-117.27903585477524,32.84488916960922],[-117.27903517964062,32.84489547764949],[-117.27903379758783,32.84490286900935],[-117.27903147199375,32.84491533380003],[-117.27903128199611,32.84491634959639],[-117.27902821292071,32.8449301123977],[-117.27902735918308,32.84493785391832],[-117.27902631623579,32.84494361531378],[-117.27902478424846,32.84495210734097],[-117.2790236401371,32.84495729238461],[-117.27902322810058,32.84496103933677],[-117.27902151555028,32.84497079719928],[-117.27901916405835,32.84498438910925],[-117.27901888709913,32.84498604329264],[-117.27901687471359,32.84499800523829],[-117.27901462121325,32.84501162381721],[-117.27901428496571,32.84501349837826],[-117.27901236739088,32.84502521491333],[-117.27901084828581,32.84503480899986],[-117.27900995107072,32.84503883210008],[-117.27900939170257,32.84504390233012],[-117.27900805601936,32.84505247517802],[-117.27900711624622,32.84505842811191],[-117.2790053782758,32.84506601208626],[-117.27900387780871,32.84507970684769],[-117.27900181671347,32.84509335130886],[-117.27900075891006,32.84510062727652],[-117.27899933492182,32.84510693880683],[-117.27899787355396,32.84512063599094],[-117.27899593617447,32.84513427942128],[-117.27899527295332,32.84513910039885],[-117.27899330155431,32.84514788468361],[-117.27899182142164,32.84516164798912],[-117.27899041404956,32.84517522928437],[-117.27898864954275,32.84518889875986],[-117.27898797189535,32.84519415687629],[-117.278986914337,32.84520256799117],[-117.27898521816739,32.84521623414871],[-117.27898435574765,32.84522323363391],[-117.27898286566719,32.84522974086131],[-117.27898139513802,32.8452434903439],[-117.27897992786413,32.8452572397994],[-117.27897845765534,32.84527101676469],[-117.27897698712479,32.84528476624727],[-117.2789755127059,32.8452981831881],[-117.27897404543015,32.8453119326435],[-117.27897257483403,32.84532567662943],[-117.27897113689109,32.84533942858891],[-117.27896965349598,32.84535319192124],[-117.27896974388001,32.8453600872696],[-117.2789691090484,32.84536677977009],[-117.27896786577382,32.84538047238833],[-117.27896669119065,32.84539419191977],[-117.27896551299796,32.84540788124726],[-117.27896519485857,32.84541074788228],[-117.27896394446958,32.8454216040605],[-117.27896395578254,32.84542674924394],[-117.27896329402722,32.84543531647687],[-117.27896223010562,32.84544903233779],[-117.27896115773383,32.84546286095949],[-117.27895969699674,32.84547661310867],[-117.27895975172599,32.84548101582303],[-117.27895978612753,32.84548423683208],[-117.27895939982261,32.84549018515475],[-117.27895848244029,32.84550390254338],[-117.27895692248752,32.8455175235889],[-117.2789570329534,32.84552780772682],[-117.2789568465643,32.84553136040066],[-117.2789565766725,32.84553612587886],[-117.27895605602414,32.84554088794889],[-117.27895560621988,32.84554502550889],[-117.27895565050852,32.84555187726449],[-117.27895530839174,32.84555882019254],[-117.278954913691,32.84556683549154],[-117.27895432879545,32.84557250786541],[-117.278954390904,32.84557782028696],[-117.27895396878654,32.84558627558163],[-117.27895360528295,32.84559445278492],[-117.27895301591045,32.84560002075136],[-117.27895308958595,32.845606322553],[-117.27895275615462,32.84561372991291],[-117.27895253331072,32.84561973459327],[-117.27895170918271,32.84562750335197],[-117.2789518697714,32.8456412392458],[-117.27895124859513,32.84565494866965],[-117.27895091318369,32.84566525026477],[-117.27895056010827,32.84566874935629],[-117.27895063735016,32.84567535621679],[-117.27895042345979,32.8456824052699],[-117.27895006306427,32.84569614000674],[-117.2789498531056,32.84570575342028],[-117.27894941425636,32.84570999258518],[-117.27894949590048,32.84571781151767],[-117.27894957487699,32.84572373122727],[-117.27894924285107,32.84573738601993],[-117.27894917408679,32.84574264456077],[-117.27894825847542,32.84575122215398],[-117.27894842580024,32.84576497723148],[-117.27894858635655,32.84577871037703],[-117.27894870671759,32.84578900542667],[-117.27895056291094,32.84580267222415],[-117.27895227656914,32.8458161230739],[-117.27895348339631,32.84582103566569],[-117.27895426866748,32.84582553948743],[-117.27895502280552,32.84582988690146],[-117.2789576278243,32.84584354746065],[-117.27895824923624,32.84584656843269],[-117.27896042558658,32.84585698378187],[-117.2789615627803,32.84586206736353],[-117.2789626727952,32.84587067480721],[-117.27896609144467,32.84588402349957],[-117.27896950400135,32.84589740797364],[-117.27897246721739,32.84590522214023],[-117.2789731336856,32.84590764080537],[-117.27897400024429,32.84591074219149],[-117.27897797305056,32.84592414398639],[-117.27898220403742,32.84593734848357],[-117.2789856826963,32.84594775298298],[-117.27898640217875,32.84595052851732],[-117.27899128431994,32.84596372758953],[-117.27899619805625,32.84597684394195],[-117.27900130946354,32.84598987893957],[-117.27900654781487,32.84600291013085],[-117.27901159066144,32.846015929208],[-117.27901652949183,32.84602534305945],[-117.2790180328868,32.84602860680101],[-117.27901957241656,32.84603189772699],[-117.27902330255768,32.84604125293428],[-117.27902994000381,32.84605391790613],[-117.27903660997737,32.84606657985805],[-117.27904327963145,32.84607921432688],[-117.27904657463431,32.84608504952311],[-117.27905480425069,32.84609687391646],[-117.27905486752408,32.84609699432532],[-117.27905990949365,32.84610965884544],[-117.2790633252327,32.84612303504495],[-117.27906422482204,32.84613007482133],[-117.27906440496743,32.84613406420892],[-117.27906453190454,32.84613684467964],[-117.27906415772101,32.84613937371069],[-117.27906344185749,32.84614414840178],[-117.27906201530803,32.84615052042199],[-117.27905727800915,32.84616363472274],[-117.27905294217774,32.84617209788765],[-117.27905134936263,32.8461748322183],[-117.27905070490469,32.84617596723984],[-117.27904811955226,32.84617902867098],[-117.27904802948332,32.84617912287194],[-117.27904127891966,32.84618713890161],[-117.27903744911393,32.846190425087],[-117.27902987979559,32.84619692249447],[-117.27902775287151,32.84619881197395],[-117.27901710232446,32.84620828973756],[-117.27900750808068,32.84621899554569],[-117.27899782005993,32.84622975710523],[-117.27898816487321,32.84624082073051],[-117.27897864377071,32.84625221306348],[-117.27896890181954,32.84626365396074],[-117.27896098098792,32.84627545623692],[-117.27895289920758,32.84628713891737],[-117.27894485419196,32.84629918135047],[-117.2789439277221,32.8463007035171],[-117.27893690813251,32.84631133290049],[-117.27893378468178,32.84631738648098],[-117.27893010741741,32.8463236947925],[-117.27892752231388,32.84632844932312],[-117.27892252692135,32.84633620060722],[-117.27891617361421,32.84634895456194],[-117.2789138418278,32.84635504552387],[-117.27891075610457,32.84636154130526],[-117.27890506812851,32.84637438866467],[-117.27889974346957,32.84638739791008],[-117.27889480724235,32.84640048912444],[-117.27889026621553,32.84641368423985],[-117.27888612010014,32.8464269585218],[-117.27888235948248,32.8464403422828],[-117.27888073882148,32.84644682311092],[-117.27887832521772,32.84645371458041],[-117.27887763525877,32.84646014917615],[-117.27887658974576,32.84646485789835],[-117.27887605486568,32.8464672893197],[-117.27887350793245,32.8464808801056],[-117.27887286700327,32.84648482411049],[-117.2788706670037,32.84649466848713],[-117.27886918932467,32.84650808820189],[-117.27886772517157,32.84652182938386],[-117.27886780343609,32.84652852418923],[-117.27886761159021,32.84653133205245],[-117.2788673290746,32.84653557541177],[-117.27886699908071,32.84654383479182],[-117.27886641524408,32.84654932025519],[-117.27886657582116,32.84656305614899],[-117.27886673668743,32.84657681677728],[-117.27886690048827,32.84659054989564],[-117.27886868895696,32.84660427222929],[-117.27886911666279,32.84660743499122],[-117.27887024855751,32.84661791401302],[-117.27887226526424,32.84663138432774],[-117.27887269425547,32.84663465702078],[-117.27887405699039,32.84664510663423],[-117.27887617891308,32.8466536506786],[-117.27887718230375,32.84665870789011],[-117.27888030633294,32.84667219921482],[-117.27888918028441,32.84668621708862],[-117.27889747340232,32.84669817839096],[-117.2788994739865,32.84670107793288],[-117.27890573396455,32.84671013996395],[-117.27891402379903,32.84672209854396],[-117.27892173056058,32.84673403724375],[-117.2789263817337,32.84674140308012],[-117.27892894602148,32.84674600752118],[-117.2789335914124,32.84675287866727],[-117.2789369503064,32.84675832853796],[-117.27893977631143,32.84676303799186],[-117.27894200240526,32.84676712302625],[-117.27894390916394,32.84677063077768],[-117.2789475607912,32.84677605347256],[-117.27895155464162,32.84678289706311],[-117.2789586446987,32.84679528066541],[-117.27896073673895,32.84679903973928],[-117.27896547300928,32.84680755650601],[-117.27897214303063,32.8468202184613],[-117.27897880947683,32.84683285296063],[-117.27898272094214,32.84684044758949],[-117.2789852864785,32.84684543681541],[-117.27899153325258,32.8468581022957],[-117.27899478021627,32.8468648394167],[-117.27899486398884,32.84686504211119],[-117.27899717206283,32.84687084705128],[-117.279001098268,32.84687830962661],[-117.27900357356577,32.8468836569149],[-117.27900588347137,32.84688878294877],[-117.27900887515851,32.84689652266679],[-117.27901194749995,32.84690252738041],[-117.27901492916264,32.84690940963556],[-117.27902036198651,32.84692235949861],[-117.27902560140265,32.84693519828232],[-117.27903074567467,32.84694853259676],[-117.27903562533932,32.84696151455306],[-117.27904037992525,32.84697465971544],[-117.27904496875617,32.84698783099552],[-117.27904841429547,32.84699818354697],[-117.27904916634644,32.84700095880971],[-117.27905047730349,32.84700447152332],[-117.2790513051479,32.84700704551071],[-117.27905362722963,32.84701432630217],[-117.27905759652073,32.84702770063868],[-117.27906101555087,32.84704107681099],[-117.27906333741799,32.84704722520317],[-117.27906534527402,32.84705436568796],[-117.27906889485971,32.84706776825782],[-117.27907227907548,32.84708122992475],[-117.27907368639602,32.84708713581864],[-117.27907468491313,32.84709455956717],[-117.27907809155781,32.84710826841623],[-117.27908149105936,32.84712164475071],[-117.2790817792342,32.84712373399303],[-117.2790832925634,32.84713536422436],[-117.27908673542058,32.8471488281509],[-117.27908716795719,32.84715240315371],[-117.27908849034853,32.84716246280765],[-117.27909028215133,32.84717618785913],[-117.27909212915034,32.8471834945965],[-117.27909304838225,32.84718970689676],[-117.27909483293558,32.84720336879204],[-117.27909646785093,32.84721704292824],[-117.27909737604632,32.84722537444919],[-117.27909743912875,32.84723076931885],[-117.27909923415797,32.84724449159484],[-117.27909894649859,32.84725302822597],[-117.27909877616931,32.84725823264219],[-117.27909792778291,32.847271724076],[-117.27909789814923,32.84727197444054],[-117.27909642109225,32.84728572397841],[-117.27909494429191,32.84729949550248],[-117.27909350557478,32.84731290390119],[-117.27909041053978,32.8473266806621],[-117.27908994532133,32.84733089256157],[-117.27908935207948,32.84733640833843],[-117.27908861116568,32.84734015528213],[-117.27908583347322,32.84735350337431],[-117.27908418060576,32.84736001470735],[-117.2790823719852,32.84736712926949],[-117.27908106119899,32.84737198587647],[-117.27907802696011,32.84738038047797],[-117.27907739716935,32.84738304906584],[-117.27907557456206,32.84739091684596],[-117.27907469703001,32.84739384036409],[-117.27907031618861,32.84740709187064],[-117.27906558075142,32.8474203710682],[-117.27906355492763,32.84742561842855],[-117.2790605806702,32.84743329515944],[-117.27905940557281,32.84743611121475],[-117.27905518730891,32.84744628024647],[-117.27905091919897,32.84745580653364],[-117.2790494341675,32.84745912815485],[-117.27904580484625,32.84746675537192],[-117.27904325455509,32.84747170476137],[-117.27903694727904,32.84748450231486],[-117.27903554527957,32.84748712786203],[-117.27903021353167,32.84749702856632],[-117.27902826349553,32.8475004035351],[-117.27902352430117,32.84750779262881],[-117.27902252976918,32.8475093428484],[-117.27901892886683,32.84751633766238],[-117.27901576085691,32.84752164675986],[-117.27901125841358,32.84752867656974],[-117.27900804196142,32.84753374145006],[-117.27900016063676,32.84754559012379],[-117.27899165483559,32.84755749897027],[-117.27898786890226,32.84756259333115],[-117.2789831175761,32.84756838836779],[-117.2789825301157,32.84756910788364],[-117.2789781844921,32.84757534755327],[-117.27897405527196,32.84758060144055],[-117.27896884575208,32.84758703245921],[-117.27896489448679,32.84759191106156],[-117.27896006534968,32.84759745662784],[-117.27895044611145,32.84760854468609],[-117.27894108575134,32.84761977351146],[-117.2789311712673,32.84763067437801],[-117.27892640627849,32.84763613695223],[-117.2789213354668,32.84764162131364],[-117.27891120458354,32.84765239479955],[-117.2789045028388,32.84765930549857],[-117.27890059829423,32.84766288914458],[-117.27889877582629,32.8476649217583],[-117.27889712054048,32.84766677157532],[-117.27889035174931,32.84767351791929],[-117.27887958202126,32.847683958653],[-117.27887635473947,32.84768698419908],[-117.27886841770426,32.84769407009853],[-117.27885711928552,32.84770413043771],[-117.27884585664614,32.84771418772925],[-117.27883455436687,32.84772391827299],[-117.27882328754582,32.84773361828633],[-117.27881705613844,32.84773898312875],[-117.27881188888288,32.84774318196952],[-117.27879999669243,32.84775258759809],[-117.27879091553314,32.84775957033176],[-117.27878777599332,32.84776174584404],[-117.27878393074111,32.84776483150569],[-117.27877575096247,32.84777092994451],[-117.27876359541808,32.84777981279078],[-117.27876142746382,32.84778126009115],[-117.2787506496803,32.84778850707046],[-117.27873773978621,32.84779720379878],[-117.27872479733126,32.8478059007969],[-117.27871188357717,32.84781426772916],[-117.27870728209119,32.84781672752118],[-117.27870059432401,32.84782010071424],[-117.27869814038011,32.84782131676896],[-117.27869713841835,32.84782223213373],[-117.27869442827851,32.84782465143652],[-117.27868438489426,32.84782926468404],[-117.27868118214656,32.84783271879364],[-117.27867164844818,32.84783720136219],[-117.27866770747322,32.84784045547866],[-117.27865814318595,32.84784482835905],[-117.27865613704456,32.84784646945673],[-117.27865367770048,32.84784805935772],[-117.27864394218119,32.84785226875034],[-117.27864068268021,32.84785532479243],[-117.27863101649562,32.84785961606297],[-117.2786261554469,32.84786271292754],[-117.27861690930659,32.84786672584433],[-117.27861561857036,32.84786772881817],[-117.27861254768382,32.8478699284911],[-117.2786065501915,32.84787218551824],[-117.27860283829442,32.84787358795371],[-117.27859821102132,32.84787662789949],[-117.27858888559668,32.84787942936583],[-117.27858599719922,32.84788080570328],[-117.27858242987482,32.84788231962462],[-117.27858131505478,32.84788472289137],[-117.27858112030351,32.8478850543386],[-117.27858051494083,32.84788591417736],[-117.27857113594931,32.84788998316795],[-117.27855599568669,32.84789479001822],[-117.27854027713566,32.84789747980493],[-117.27853540768207,32.84789874345595],[-117.27853390460045,32.84789912977438],[-117.27853266905484,32.84789928298719],[-117.2785240363541,32.84790034159946],[-117.27851859191833,32.84790060681856],[-117.27850793127595,32.84790116284108],[-117.27850278227746,32.84790079618249],[-117.27850143955828,32.8479006946727],[-117.27849961565056,32.847900654889],[-117.27849168774623,32.84790044604796],[-117.27848721204242,32.84789973845986],[-117.27848538102488,32.84789936890972],[-117.27847555602308,32.84789870861134],[-117.27847316762829,32.84789801112804],[-117.27847022352621,32.84789712862217],[-117.27846045172632,32.8478954481692],[-117.27845576572714,32.84789374186043],[-117.27845393420814,32.84789305073419],[-117.2784533169613,32.84789289370942],[-117.27844418661728,32.84789065545649],[-117.27844022646845,32.84788836865742],[-117.27843939377094,32.84788788634957],[-117.27843052301938,32.84788501376876],[-117.27842614575621,32.84788158429873],[-117.27842198019736,32.84788011003032],[-117.27841848191099,32.84787889406635],[-117.278415914026,32.84787676883275],[-117.27841509336876,32.84787592361648],[-117.27841466168458,32.84787548469487],[-117.27841363405501,32.84787503974098],[-117.2784047978078,32.84787121862281],[-117.2784015492595,32.84786768905226],[-117.27839332222631,32.84786055086366],[-117.27839031941016,32.84785854468963],[-117.27838060131268,32.84785198511499],[-117.27836842714864,32.84784283761837],[-117.27835719657975,32.84783335243911],[-117.27834566937968,32.8478238394945],[-117.27833416964701,32.84781361169827],[-117.27832935914672,32.8478093310341],[-117.27832615184472,32.8478062656224],[-117.27832315832327,32.8478033825834],[-117.27831653173138,32.8477966653357],[-117.27831276204485,32.84779284325857],[-117.2783030369761,32.84778178436697],[-117.27830223540622,32.84778090051145],[-117.27829358746692,32.84777062148436],[-117.27828610666342,32.84776102262518],[-117.27828470958528,32.84775905530315],[-117.27827645621437,32.84774743169995],[-117.27827145319529,32.84774060748318],[-117.27827089098378,32.84773958695605],[-117.27826478737926,32.84772830276633],[-117.27825524834242,32.84771755840512],[-117.27825489077314,32.84771705290088],[-117.27825310143074,32.84771551212003],[-117.27825291721012,32.84771535148943],[-117.27824376438025,32.84770700614101],[-117.27823343927589,32.84769976996887],[-117.27822037734219,32.84769266926907],[-117.27820569620658,32.84768688485731],[-117.27819931528188,32.8476847501323],[-117.278195815054,32.84768392447177],[-117.27819094195435,32.84768264573506],[-117.27818679602031,32.847682292702],[-117.2781830708068,32.84768171903153],[-117.27817571712355,32.84768049117717],[-117.27817468561862,32.84768027163427],[-117.27817451322052,32.84768028681208],[-117.27817141708044,32.84768060393057],[-117.27816981885663,32.84768065021692],[-117.27815514900425,32.84768112689189],[-117.27814377404464,32.84768157613876],[-117.27813889153602,32.84768227917963],[-117.27812961263146,32.84768376641944],[-117.2781275294373,32.84768410808784],[-117.27812397810486,32.8476842036133],[-117.27811123138362,32.84768457357339],[-117.27809496358206,32.84768539886448],[-117.27807870643329,32.8476865786271],[-117.27806241157589,32.84768759653728],[-117.27804615538938,32.84768885874396],[-117.27802989758372,32.84769026113779],[-117.27801364170374,32.84769182842619],[-117.27799781362009,32.84769350209384],[-117.27798165740393,32.84769523895837],[-117.27798112064242,32.84769528190523],[-117.2779655739571,32.84769735176587],[-117.27794948789575,32.84769951956392],[-117.27793399309581,32.84770185010058],[-117.27791742125926,32.84770424456935],[-117.27790147062838,32.84770685649845],[-117.27788575337482,32.84770965613298],[-117.27786984304976,32.8477126525189],[-117.27785399586817,32.84771575831914],[-117.27783818639321,32.84771902596774],[-117.27783216814687,32.84772034312736],[-117.27782188618622,32.84772237465708],[-117.27780728502296,32.84772594558116],[-117.2777909894031,32.84772968727026],[-117.27778419718554,32.84773136817871],[-117.27777479471246,32.84773342811732],[-117.27776019730047,32.84773732058441],[-117.27774508088069,32.84774138228096],[-117.27772934680112,32.84774580917435],[-117.27772333176064,32.8477474011565],[-117.27771312893215,32.84775007517832],[-117.27769853302607,32.8477546547619],[-117.27768267610435,32.84775943723368],[-117.27766743846182,32.8477642722705],[-117.27766545621208,32.8477648934429],[-117.27765148156884,32.84776913802644],[-117.27763686376677,32.84777435269879],[-117.2776220232832,32.84777945928024],[-117.27760705251787,32.84778484179828],[-117.27759854494306,32.84778797170805],[-117.27759149602277,32.84779025667284],[-117.27757690243352,32.84779587242422],[-117.27756227946089,32.84780176052429],[-117.27754773576417,32.84780746655909],[-117.27754179709541,32.84781002263641],[-117.27753313182627,32.84781359087223],[-117.27751856041256,32.84781971216452],[-117.27750408894971,32.84782602777027],[-117.27748942210305,32.84783234225115],[-117.277474827509,32.84783898870318],[-117.27746983299431,32.84784153417454],[-117.2774611086987,32.84784562511985],[-117.27744732480187,32.84785226482492],[-117.27744596473288,32.84785290830372],[-117.27743273437224,32.84785926854818],[-117.277418176274,32.8478662527609],[-117.27740507150958,32.84787360967959],[-117.27740423367156,32.84787408115277],[-117.27740064042545,32.84787588660124],[-117.2773906572895,32.84788092526627],[-117.27737756608931,32.84788832879446],[-117.27737562120537,32.8478893619331],[-117.27736317773521,32.84789590802309],[-117.27735024927433,32.84790358504927],[-117.27733710395377,32.84791137381957],[-117.27732356053677,32.84791881133716],[-117.27731265166582,32.84792850823393],[-117.27668797242002,32.84854841705488],[-117.27641220138393,32.8488220810553],[-117.27639659579688,32.84883754761407],[-117.27638960357041,32.84884498281149],[-117.2763860238165,32.8488485087069],[-117.27637643286171,32.84885926924881],[-117.2763666184303,32.84887069129772],[-117.27636537239175,32.84887273832337],[-117.27635875856934,32.84888274576129],[-117.27634911594359,32.84889382281307],[-117.27634491132571,32.84889961045481],[-117.27634031183644,32.8489050440666],[-117.27633098417309,32.84891632464073],[-117.27632182387077,32.84892771651383],[-117.27631973317631,32.84893021032444],[-117.27631220477681,32.84893913693522],[-117.27630835480666,32.84894462203754],[-117.2763037281704,32.8489505203776],[-117.2762993281946,32.84895630964094],[-117.276294568502,32.84896196721424],[-117.27628998052492,32.84896866780773],[-117.2762862262923,32.84897370684957],[-117.27628534464442,32.84897489055219],[-117.27628333474874,32.84897761182006],[-117.27627692372637,32.84898546545773],[-117.27626892360304,32.84899722148938],[-117.27626093956461,32.84900896089556],[-117.27625292293331,32.84902069782346],[-117.27624487890068,32.8490328774942],[-117.27623689806056,32.84904489172669],[-117.27622891814759,32.84905698565876],[-117.27622090570569,32.84906908260908],[-117.27621771685284,32.84907513666161],[-117.27621397191778,32.84908125305358],[-117.27620661256955,32.84909350948964],[-117.27619938735117,32.84910581978178],[-117.27619636894836,32.84911113305908],[-117.27619408095124,32.84911513745784],[-117.27619219108115,32.84911809959896],[-117.2761897998505,32.84912274526625],[-117.27618539168638,32.8491306262361],[-117.27618309332452,32.84913485884997],[-117.27617781248128,32.84914329677865],[-117.27617146759162,32.8491557069487],[-117.27616509052595,32.84916815036827],[-117.27615871401585,32.84918092085964],[-117.27615523325302,32.84918791184092],[-117.27615237299815,32.84919366357043],[-117.2761460029962,32.84920643400712],[-117.27614310027778,32.84921412931045],[-117.27614078486906,32.84921913440622],[-117.27613501174719,32.84923199058566],[-117.276134158378,32.84923392440498],[-117.27612935928354,32.84924486225375],[-117.27612380552007,32.84925782105505],[-117.2761184763788,32.8492707752415],[-117.27611584745232,32.84927737709728],[-117.27611269077151,32.84928367824881],[-117.27610798839081,32.84929676740391],[-117.27610324690615,32.84930985413506],[-117.27610166803443,32.84931435562488],[-117.27609810251138,32.84932776241229],[-117.27609392327875,32.84934103687048],[-117.27608915283911,32.84935415407563],[-117.27608372633074,32.84936713655475],[-117.27607770794198,32.84937990406684],[-117.27607313709397,32.84938863568424],[-117.27607113999908,32.84939245626009],[-117.27606881910968,32.84939643344423],[-117.27606672796581,32.84940000743227],[-117.27606365004905,32.84940468628666],[-117.27605564048828,32.84941675571635],[-117.27604785394749,32.84942868311715],[-117.27604650407743,32.84943048363291],[-117.27603902074611,32.8494402096786],[-117.27602962722888,32.84945143580516],[-117.27602324899185,32.84945847558755],[-117.27601974148089,32.8494623361944],[-117.27601501084911,32.84946713871765],[-117.27601278082255,32.84946941379663],[-117.27600906919051,32.84947280334899],[-117.27599781016445,32.84948321765687],[-117.27598654283754,32.84949292015946],[-117.27597523910458,32.84950229313808],[-117.27596067570111,32.84950997260158],[-117.27594937853902,32.8495193510203],[-117.27593728529102,32.84952831552277],[-117.2759277631551,32.84953381749086],[-117.2759242226421,32.84953568567403],[-117.27592354967747,32.84953605681996],[-117.27592057212526,32.8495381731933],[-117.27591325760687,32.84954282951242],[-117.27590525100055,32.84954705456062],[-117.27589604096251,32.84955139679671],[-117.27588468580601,32.8495566391311],[-117.2758701162315,32.84956295260831],[-117.27586785310375,32.84956462327968],[-117.27585586683031,32.84956879892054],[-117.27585316591295,32.84957202065833],[-117.2758409050824,32.84957219669674],[-117.27583766460327,32.84957214939843],[-117.27582624362361,32.84957900841842],[-117.27582185514149,32.84958020200184],[-117.27581011683046,32.8495830232949],[-117.27579400268148,32.84958560882098],[-117.27579056259275,32.84958687423499],[-117.27577815575057,32.84958849171722],[-117.27577578437281,32.84958925626606],[-117.27577435460965,32.8495897903631],[-117.27576676941234,32.84959022165942],[-117.27576209992671,32.84959049406323],[-117.27576017858749,32.84959103773944],[-117.27575806898292,32.8495916324529],[-117.27575516759663,32.84959162356458],[-117.27568853882281,32.84959160515988],[-117.27553829211372,32.84958836431953],[-117.27545197076685,32.84958591465946],[-117.2754421729708,32.84958480862834],[-117.27543592892204,32.84958632269107],[-117.2753234607045,32.84959565313185],[-117.27530724426994,32.84959477078001],[-117.27529089456353,32.84959558538431],[-117.27527519781162,32.84959878305188],[-117.27526005561212,32.8496037434287],[-117.27524549702086,32.84961072463698],[-117.27523256059402,32.84961943220802],[-117.2752284618233,32.84962369349],[-117.27522226614364,32.84962936019137],[-117.27521969153115,32.84963224554427],[-117.27520119254562,32.8496461830365],[-117.27516803242884,32.84967115942781],[-117.27515841310395,32.84968257975924],[-117.27514711970781,32.84969229064631],[-117.27513436920134,32.84970018859173],[-117.27513418815157,32.84970030003612],[-117.27511960978271,32.84970558554141],[-117.27510717024715,32.84970691463016],[-117.27510651657973,32.84970698602013],[-117.27491737155401,32.84995599608317],[-117.27487084858248,32.85001683908709],[-117.27486760085084,32.85002232189492],[-117.27486448360271,32.85002754525683],[-117.27485647030032,32.85003931229799],[-117.27485332650657,32.85004393394866],[-117.27484792726585,32.85005088858716],[-117.2748465850981,32.85005307382183],[-117.27484526359247,32.85005451677803],[-117.27483883401194,32.85006247218936],[-117.2748372425806,32.85006590183418],[-117.27483605610317,32.85006747560005],[-117.27483065397932,32.8500741828927],[-117.27482844453212,32.8500776698873],[-117.27482519924132,32.85008168495099],[-117.27482120097021,32.85008563205117],[-117.27481954566763,32.8500891694189],[-117.27481752130136,32.85009177259493],[-117.27481298741384,32.85009726057509],[-117.27481218722878,32.85009845183666],[-117.2748099616912,32.85010083679805],[-117.27480356463124,32.85010878918916],[-117.27480273924741,32.85011061282502],[-117.27480167981342,32.85011219103362],[-117.27479489143411,32.85012009444854],[-117.27479255142778,32.85012355504019],[-117.27478586151601,32.85013124599973],[-117.27478558573164,32.85013161109566],[-117.27478270121048,32.85013472988807],[-117.27477640214309,32.85014270895017],[-117.27477396445792,32.85014617035189],[-117.27476997155784,32.85015057916129],[-117.27476661901574,32.85015377329836],[-117.27476575813563,32.85015562471383],[-117.27476454108066,32.85015736914251],[-117.27476115880327,32.85016108574956],[-117.27475699961796,32.85016519634671],[-117.274756342028,32.85016660905706],[-117.27475623276692,32.85016673364801],[-117.27475501615959,32.85016851655244],[-117.27475108613585,32.85017273244146],[-117.27474959490311,32.85017414107363],[-117.27474734346644,32.85017625963992],[-117.27474700081972,32.85017703482357],[-117.27474658159908,32.85017794532119],[-117.27474536032747,32.85017960732826],[-117.27474094703537,32.85018426699333],[-117.27473810638956,32.8501869593963],[-117.27473772312754,32.85018732263524],[-117.27473765960922,32.8501874605894],[-117.27473711631974,32.85018862223377],[-117.27473564492634,32.85019061614116],[-117.27473119549808,32.85019524862022],[-117.2747285434307,32.85019763711865],[-117.27472806313108,32.85019805613339],[-117.27472797446144,32.8501982712555],[-117.274727459899,32.85019938318771],[-117.27472578919837,32.85020159863199],[-117.27471844310743,32.85020914661003],[-117.27471522045397,32.85021258978567],[-117.27471084323777,32.85021755149024],[-117.27470940129047,32.85021899819264],[-117.27470849039362,32.85021991002044],[-117.27470788730496,32.85022069011313],[-117.27470717208311,32.85022162780307],[-117.27470554394843,32.85022330417916],[-117.27470376081762,32.85022537213443],[-117.27470306560316,32.85022607053496],[-117.27469840776062,32.85023070199324],[-117.27469591018345,32.85023405394842],[-117.27469335515151,32.8502363866702],[-117.27468786737658,32.85024133284995],[-117.27468549154769,32.85024479373667],[-117.2746779143354,32.85025206877508],[-117.27467515009147,32.85025545042743],[-117.27466695195675,32.8502628130724],[-117.27466625168567,32.85026419590228],[-117.2746657219146,32.85026484070783],[-117.27466473929849,32.85026602523616],[-117.27465975901978,32.85027065112207],[-117.27465705954924,32.85027316369662],[-117.27465647816329,32.85027385015848],[-117.27465422983346,32.8502765156576],[-117.27464991322572,32.85028025100638],[-117.27464602849525,32.85028360347331],[-117.27464280612428,32.85028707138157],[-117.27464189615394,32.85028806290893],[-117.27463926525654,32.85029087175709],[-117.27463582061065,32.85029398694677],[-117.27463294856636,32.8502973392584],[-117.2746269084694,32.85030267206464],[-117.27462506796087,32.85030428698483],[-117.27462191794666,32.85030753715736],[-117.27461384160011,32.85031445352425],[-117.27461061922669,32.85031792143167],[-117.27460254619817,32.85032484326734],[-117.27460175016772,32.85032639180385],[-117.27460026809761,32.85032802848733],[-117.27459225858601,32.85033481236825],[-117.27458964770112,32.85033766227745],[-117.27458923322247,32.85033814121373],[-117.27458533070369,32.85034136464464],[-117.27458112503955,32.85034484070751],[-117.27458062035483,32.85034540284829],[-117.27457806711598,32.85034816982274],[-117.27456992576414,32.85035481736858],[-117.27456679914553,32.85035811956791],[-117.27455862424081,32.85036468218635],[-117.27455579199071,32.85036781703104],[-117.27454723094117,32.85037449554202],[-117.27454403594656,32.85037779830789],[-117.27453576208087,32.8503842518039],[-117.27453253746221,32.85038752732974],[-117.27452782221336,32.85039114504468],[-117.27452563733353,32.85039254843325],[-117.27452358182676,32.85039387653801],[-117.27452162012425,32.85039598994839],[-117.27452035944687,32.85039734444308],[-117.27451613596213,32.85040068872135],[-117.27451257079895,32.85040352180702],[-117.27450909786458,32.85040672518114],[-117.27450103980507,32.85041297624109],[-117.27449748991148,32.85041628194931],[-117.27448898492463,32.85042246250463],[-117.27448740389332,32.85042399006576],[-117.27448488184278,32.85042580028609],[-117.27447679692523,32.85043170250208],[-117.27447496414611,32.85043370215206],[-117.27447370675539,32.85043505936758],[-117.27446510967135,32.8504411609772],[-117.27446164962953,32.85044435324889],[-117.27445449664253,32.850449192293],[-117.27445294611472,32.85045026334232],[-117.2744523469747,32.8504508235174],[-117.27444942970482,32.85045364847922],[-117.27444768171699,32.85045482011377],[-117.27444086887314,32.8504595079146],[-117.27443737263066,32.8504626675033],[-117.27443235395759,32.85046595515712],[-117.2744285340198,32.85046844128816],[-117.27442650517936,32.85047038209552],[-117.27442518174109,32.8504716601505],[-117.27442242845304,32.85047346679022],[-117.2744163147849,32.8504775166259],[-117.27441405254089,32.85047954732222],[-117.27441224230554,32.85048068648991],[-117.27440421932961,32.85048631608144],[-117.27440031092546,32.85048959452608],[-117.27439131241709,32.85049533940038],[-117.27438918302533,32.85049731402355],[-117.27438869643454,32.85049775232899],[-117.274387984296,32.8504983958972],[-117.27438476033635,32.85050033012399],[-117.27437833593679,32.85050398124723],[-117.27437659405696,32.850505677802],[-117.2743751097084,32.85050711935501],[-117.27436623887461,32.85051264328504],[-117.27436349172602,32.85051497759308],[-117.27436219898317,32.8505158156257],[-117.2743600957197,32.85051723757423],[-117.27435352225588,32.85052123075184],[-117.27434973887817,32.85052434049683],[-117.27434643735018,32.85052632483966],[-117.27434073946041,32.85052972806413],[-117.27433902658798,32.85053111928945],[-117.27433634077519,32.85053284840842],[-117.27433109549082,32.85053625062764],[-117.27432785776905,32.85053812175053],[-117.27432662880743,32.8505391241665],[-117.2743234229478,32.85054121490861],[-117.27431827760468,32.85054453109359],[-117.27431490706093,32.85054646103701],[-117.27431329413,32.85054776622827],[-117.27431047546277,32.85054955141933],[-117.27430724033104,32.85055164515223],[-117.27430183399369,32.85055463917259],[-117.27429962999321,32.85055635879829],[-117.27429755672816,32.85055756061347],[-117.27429670863231,32.85055799367063],[-117.27428783198543,32.85056245945361],[-117.2742846366797,32.85056545712679],[-117.27428266365108,32.85056687799405],[-117.2742684245373,32.8505736310552],[-117.27426292170283,32.85057672757019],[-117.27425749919742,32.85057917201384],[-117.27425385909918,32.85058060395564],[-117.27424897495465,32.85058370083685],[-117.27424001304654,32.85058699644344],[-117.27423746188791,32.85058938409435],[-117.27423565714948,32.85059099596349],[-117.27423153674626,32.85059284691751],[-117.27422634118818,32.85059492667008],[-117.27422480172174,32.85059694862105],[-117.27422260752496,32.8505989512641],[-117.27421860945272,32.85060263997953],[-117.27421853842992,32.85060269279079],[-117.27421540999165,32.85060556072609],[-117.27421269812669,32.85060729005841],[-117.27420213823694,32.85061401535293],[-117.27419602887313,32.85061871654685],[-117.27419014070739,32.8506228387121],[-117.27417791625153,32.85063174915646],[-117.27416501348422,32.85064113247631],[-117.2741537419371,32.85065050226982],[-117.27414243841019,32.85066020215275],[-117.27413117488575,32.85067026176229],[-117.27412888332677,32.85067229269634],[-117.27411988534318,32.85068032433502],[-117.27411720315396,32.85068320505923],[-117.27410949785825,32.85069067352205],[-117.27410143917956,32.85069883479887],[-117.27409895510932,32.85070111194884],[-117.27409438053323,32.85070618795768],[-117.27408893842463,32.85071198578034],[-117.27407911805307,32.85072294043973],[-117.27406959946386,32.85073408499453],[-117.2740603664094,32.85074542232788],[-117.27405076616709,32.85075682592127],[-117.27404286326352,32.85076858099865],[-117.2740347484979,32.85078031859206],[-117.27402676815699,32.85079241512984],[-117.27402246463463,32.85079699964793],[-117.27401968275169,32.85079998838962],[-117.27401774994773,32.85080206856974],[-117.27401548803211,32.85080384913833],[-117.27401232135527,32.85081210728068],[-117.27400923882908,32.85081612372156],[-117.27400561916562,32.85082463023954],[-117.27400247123208,32.85082862248552],[-117.27399907983505,32.85083715734491],[-117.27399606044938,32.85084128320376],[-117.27399283478448,32.85084978920364],[-117.27399007555363,32.8508538854202],[-117.27398844936408,32.85085824984684],[-117.27398688666236,32.85086247357139],[-117.27398366656379,32.85086698039293],[-117.27398312166953,32.85086996433203],[-117.2739813259375,32.85087542958173],[-117.27398066152432,32.85087653725589],[-117.2739787994761,32.85087966129564],[-117.27397766539535,32.8508832218162],[-117.27397577140309,32.85088835805507],[-117.27397523228819,32.85088987972068],[-117.273973538909,32.85089294739119],[-117.27397112751363,32.85090147137722],[-117.2739687032381,32.85090608978852],[-117.27396711149477,32.85091229545397],[-117.273966323474,32.85091453380437],[-117.27396578886187,32.85091616262588],[-117.27396422699864,32.85091933914776],[-117.27396335923837,32.85092312009254],[-117.27396158899664,32.85092797770239],[-117.27396004478416,32.85093267127431],[-117.27395844580576,32.85094105384666],[-117.27395622164968,32.85094608013187],[-117.27395478674701,32.8509545712858],[-117.27395364632733,32.8509573072954],[-117.27395217254836,32.85095965852367],[-117.2739522100247,32.85096287950688],[-117.27395148848954,32.85096803351153],[-117.27395006038012,32.85097151126436],[-117.27394906603941,32.85097308892585],[-117.27394756639475,32.85098133324738],[-117.2739459862222,32.85098685442904],[-117.27395048152199,32.8509909152442],[-117.27395161913215,32.85099605383721],[-117.2739526923252,32.85100433180173],[-117.27395448337329,32.85101805417874],[-117.27395455797448,32.85102446591403],[-117.27395442930928,32.85102963974091],[-117.27395438661154,32.8510318471759],[-117.27395421646148,32.85103289578174],[-117.27395383467108,32.85103534515103],[-117.27395154051794,32.85104555027377],[-117.27394846982125,32.85105898037897],[-117.2739465406476,32.85106417187991],[-117.27394339979942,32.85107185261196],[-117.27393659600622,32.85108432143811],[-117.27393201233234,32.85109085699305],[-117.27392773788689,32.85109626308135],[-117.27391808149699,32.8511073235613],[-117.27391492552357,32.85111062598693],[-117.27390766411726,32.85111734865025],[-117.27389460586886,32.85112401217095],[-117.27389326912251,32.85112470763902],[-117.27389172228493,32.8511260974816],[-117.27388252192205,32.8511343726519],[-117.27386825306786,32.85114137877844],[-117.27386800603114,32.85114141655718],[-117.27386554058791,32.8511422175797],[-117.27385274993355,32.85114585273066],[-117.27384661493559,32.85114835528392],[-117.27384194162561,32.85115026577847],[-117.27383829727125,32.85115105458372],[-117.27383718967712,32.85115129464195],[-117.27383634763758,32.85115168916613],[-117.27383206632047,32.85115370635299],[-117.27382693813567,32.85115570307357],[-117.27382466210726,32.85115627164753],[-117.27382261076622,32.85115656075612],[-117.2738112434814,32.85116078878482],[-117.27380962157957,32.85116132445133],[-117.27380783170578,32.85116169659737],[-117.27379666073082,32.85116572510243],[-117.2737925584638,32.85116633904629],[-117.27378112151733,32.85117017735627],[-117.27377721617378,32.85117092434615],[-117.27376582247553,32.85117456165252],[-117.27376177498364,32.8511751256676],[-117.2737501094735,32.85117863054664],[-117.27374623486656,32.8511792206138],[-117.27373642227082,32.85118217416849],[-117.27373492300741,32.85118261536712],[-117.27373453277252,32.85118265982949],[-117.27373046066612,32.85118306738056],[-117.27372555949896,32.85118498525619],[-117.27371926128133,32.85118745342469],[-117.27371565028309,32.85118831066347],[-117.27371311281769,32.85118879894574],[-117.27370579811486,32.85119010190954],[-117.27370094324604,32.85119096121099],[-117.27369924686677,32.85119125287281],[-117.27368463980902,32.85119410048497],[-117.27366780768199,32.85119657899058],[-117.27365214162386,32.85119852560705],[-117.27363589274921,32.85120047705135],[-117.27361960591199,32.85120196430414],[-117.27361816942864,32.85120192398585],[-117.27360332101981,32.85120137913638],[-117.27359182435798,32.85120260405807],[-117.27359029240161,32.85120275418013],[-117.27358895969321,32.85120267727046],[-117.2735870273778,32.85120256135285],[-117.27358334757814,32.85120282272376],[-117.27357402777059,32.85120363106608],[-117.27357076536352,32.85120338324582],[-117.27355776994328,32.85120481298191],[-117.27353823005947,32.85120461758563],[-117.2735252178536,32.85120432412025],[-117.27352182406202,32.85120425879128],[-117.27351901557518,32.8512041226472],[-117.27350563821888,32.85120351062577],[-117.2734926174238,32.85120303857276],[-117.27347632664308,32.85120138700191],[-117.27346016670836,32.85119978656712],[-117.27344090199188,32.85119777208789],[-117.27342815892105,32.85119570082285],[-117.27342483005718,32.85119561846199],[-117.27340925593664,32.85119371082703],[-117.27340605005629,32.85119300352716],[-117.27340532847694,32.85119283634734],[-117.27339317631299,32.8511917359161],[-117.27338990747535,32.85119037498394],[-117.27338261779005,32.8511890693529],[-117.27337359835855,32.85118742623868],[-117.27336336086965,32.85118492467532],[-117.27335766717414,32.85118337494256],[-117.27334736044085,32.85118023903787],[-117.27334582116615,32.85117975980096],[-117.27333763236959,32.85117674102758],[-117.27332963614683,32.85117320118341],[-117.27332779671374,32.85117239185914],[-117.27332724125226,32.85117222879971],[-117.27332292218144,32.85117100025103],[-117.27331793332486,32.85116845794987],[-117.27331370422782,32.85116628590483],[-117.2733107912252,32.85116556243347],[-117.2733082081605,32.85116492967918],[-117.27330631231844,32.85116374976845],[-117.27329999897498,32.85115987714965],[-117.27329408120023,32.8511586590956],[-117.27329347425078,32.85115854868494],[-117.27329322880801,32.85115844352499],[-117.27328367769177,32.85115588129807],[-117.27326892440593,32.85114923385265],[-117.27325756441033,32.85114344882373],[-117.27325497993381,32.85114213444113],[-117.27324955978985,32.85113918617694],[-117.27324110201415,32.85113459745825],[-117.27322799581803,32.8511267792266],[-117.27321485354986,32.85111865895255],[-117.27320475953867,32.8511116925521],[-117.27320226810923,32.85110997885874],[-117.27319626226497,32.85110566666896],[-117.27319022293197,32.85110099469705],[-117.27318901151689,32.85110014718606],[-117.27318637529244,32.85109830276168],[-117.2731778847824,32.85109173810665],[-117.27317669468934,32.85109076398588],[-117.27316626236623,32.85108214576115],[-117.27316065952238,32.85107720631201],[-117.27315570572836,32.851072077334],[-117.27314414230152,32.85106195677739],[-117.2731343017477,32.85105130247425],[-117.27312959980286,32.85104514895075],[-117.27312949018392,32.85104496295776],[-117.27312600842475,32.8510390109652],[-117.27312163408699,32.85103582865255],[-117.27311982143516,32.85103452161687],[-117.27311813498368,32.85103174581341],[-117.27311612976283,32.85102843943267],[-117.27311363897344,32.85102650035167],[-117.2731095479681,32.85102332118884],[-117.27310623479157,32.85101786528589],[-117.27310125938284,32.85101171677493],[-117.27309300246169,32.8509997547875],[-117.27308720110732,32.8509945448735],[-117.27308353886421,32.85099099385363],[-117.27307641871718,32.85097878057779],[-117.27306818906131,32.85096664245611],[-117.27305828449468,32.85095608212781],[-117.27304985993398,32.85094398409884],[-117.27304254047991,32.85093171200388],[-117.27303564563978,32.85091927147907],[-117.27303313924844,32.8509143091273],[-117.27303007526521,32.85090647916503],[-117.27302980980589,32.85090605259075],[-117.2730280486911,32.85090273594129],[-117.27302331475042,32.8508938286377],[-117.2730183410447,32.85088082249211],[-117.27301332823725,32.8508678139216],[-117.27300851656754,32.85085502082006],[-117.2730084463079,32.85085485923783],[-117.27300810927406,32.85085359769889],[-117.27300486786946,32.85084142925447],[-117.27300144545906,32.85082769563893],[-117.2729980340022,32.85081434398019],[-117.2729969701651,32.85081022447773],[-117.2729952324588,32.85080079762058],[-117.272994859538,32.8507883250678],[-117.27299480490622,32.85078670662783],[-117.27299442219643,32.85078571757304],[-117.27299329526406,32.8507828931573],[-117.27299341164289,32.85077889855899],[-117.27299404737461,32.85077476223229],[-117.27299428900137,32.85077313859017],[-117.27299396355943,32.85077231397371],[-117.27299261304843,32.85076902415715],[-117.27299363248095,32.85076260061261],[-117.27299412936509,32.85075940543786],[-117.27299347356671,32.85075789367282],[-117.27299302545079,32.85075688042279],[-117.27299254091773,32.85074601119551],[-117.27299229757807,32.85074188489772],[-117.2729921858936,32.85073227691284],[-117.27299213791018,32.85072814899711],[-117.27299202625773,32.85071854376046],[-117.27299177244745,32.85071435708144],[-117.27297766142212,32.85070888890528],[-117.27297118825619,32.85070751052305],[-117.27296258653107,32.85070538017622],[-117.27294684351807,32.85070350136787],[-117.2729462763143,32.85070344834575],[-117.27293000339019,32.85070248369181],[-117.27291370219457,32.85070272862926],[-117.27289744470876,32.85070421279588],[-117.27288119352184,32.85070707942585],[-117.27287629680578,32.85070573745784],[-117.27286157079814,32.85070002699221],[-117.27285011406515,32.85068927336005],[-117.27284585052894,32.8506872170233],[-117.27284056876498,32.85067908109312],[-117.27283734239941,32.85067632903164],[-117.27283491779319,32.85066943652082],[-117.2728342370965,32.85066746320572],[-117.27283349009512,32.85066482804064],[-117.2728334587287,32.85066212923017],[-117.27283296361826,32.85065987402686],[-117.27283173570596,32.85065424418249],[-117.27283167811579,32.85064928903456],[-117.27283185597499,32.85064441989044],[-117.27283199997355,32.85064055974228],[-117.27283308306501,32.85063821176268],[-117.27283478254796,32.85063566628091],[-117.27283591524748,32.85062946168329],[-117.2728364812223,32.85062744781102],[-117.27283653685852,32.85062719173571],[-117.27283788592717,32.85062223318538],[-117.27284436406994,32.8506201181339],[-117.27284748595847,32.85061472162745],[-117.2728493098346,32.85061195248332],[-117.27285047404678,32.85061098085239],[-117.27285400010921,32.8506087005963],[-117.27285717007948,32.85060043696009],[-117.2728579894392,32.85059809116416],[-117.27285922569037,32.8505963136132],[-117.27285946611616,32.85059598729408],[-117.27286117471338,32.85059170465665],[-117.27286351135623,32.85058766693592],[-117.27286464637483,32.85058446372886],[-117.2728654476106,32.85058308007338],[-117.27286730332021,32.85057744668252],[-117.27286826051244,32.85057491284418],[-117.27286982861808,32.8505697490874],[-117.27287314447138,32.85056647285003],[-117.27288361189936,32.85055738743627],[-117.27288444684841,32.85055666315201],[-117.27288580367046,32.85055573390245],[-117.27289725908948,32.85054788539628],[-117.27290937326313,32.85054068283874],[-117.27292476414637,32.85053356033753],[-117.27292490453814,32.85053023068813],[-117.27292507064944,32.85052211011348],[-117.27292509483932,32.85052138979464],[-117.27292520202097,32.85051660369191],[-117.27292886141912,32.85051150782038],[-117.27293420051284,32.85050496604703],[-117.27294712412609,32.85049764684056],[-117.27295848022035,32.85049274009332],[-117.27296327817272,32.85048446572036],[-117.27296647702448,32.85048064898623],[-117.27296656237391,32.85047986769291],[-117.27296813067557,32.85047248036109],[-117.27296868432467,32.85046688523735],[-117.27296879702119,32.85046509500188],[-117.27296952342935,32.85046343711099],[-117.27296794138489,32.85046179833811],[-117.27296680964625,32.8504599606893],[-117.27296442343676,32.85045665196437],[-117.27296292271687,32.8504538856149],[-117.27295781607364,32.85044932959228],[-117.27295200581894,32.85044335015363],[-117.2729470329279,32.85043909536272],[-117.27294521942603,32.85043743376949],[-117.27294380107574,32.85043615095139],[-117.27294150977362,32.85043344337122],[-117.2729386628336,32.85043167764604],[-117.27293566854161,32.85042928097591],[-117.27293037331307,32.85042474850233],[-117.27292917933696,32.85042371944051],[-117.27292601928077,32.85042134887987],[-117.27292391367271,32.85041976941314],[-117.27292188872815,32.85041812606185],[-117.27291726358986,32.85041437412203],[-117.27291561892274,32.85041323060503],[-117.27291193571509,32.85041067472686],[-117.27290536316893,32.85040522657069],[-117.27290272451621,32.85040373122565],[-117.27289958610528,32.850401541889],[-117.27289862161213,32.85040092595666],[-117.27289223578011,32.85039641350704],[-117.27288724122789,32.85039309614675],[-117.27287974390838,32.85038792775318],[-117.27287455595014,32.85038477965508],[-117.2728667014386,32.85037969667501],[-117.27286154795711,32.85037671320354],[-117.27285340197908,32.85037176731486],[-117.27285021681,32.850370037371],[-117.2728478535734,32.85036870465679],[-117.27284493334815,32.8503670769635],[-117.27283974529871,32.85036420097061],[-117.27283397092563,32.85036102749277],[-117.27282904919394,32.8503583719262],[-117.27282664991715,32.8503567399187],[-117.27282012304549,32.85035382004036],[-117.27281192421663,32.850349649676],[-117.27280605370294,32.85034688927455],[-117.27279792347532,32.85034301793258],[-117.27279516729567,32.8503417764245],[-117.2727922770144,32.85034020345294],[-117.27278408345813,32.85033648655286],[-117.2727778607355,32.85033424029567],[-117.2727693697736,32.85033042965818],[-117.27276265719416,32.85032806102328],[-117.27275462752417,32.85032471656626],[-117.27274811030091,32.85032234631302],[-117.2727399216365,32.85031933024828],[-117.27273337546207,32.85031699046795],[-117.27272715571405,32.8503152801497],[-117.27272404393986,32.85031426146777],[-117.2727175950304,32.85031216550175],[-117.27270889088179,32.85030962370402],[-117.27270234528548,32.85030761374254],[-117.27269416045644,32.85030492746831],[-117.27268922536683,32.8503039238817],[-117.27268680471279,32.85030325403893],[-117.27268029646707,32.85030165604869],[-117.27267784296649,32.85030096174077],[-117.27267192879984,32.85029948801304],[-117.27267120384552,32.85029930986275],[-117.27267038778929,32.85029913796378],[-117.2726621459569,32.85029743064101],[-117.27265547427731,32.85029577903168],[-117.27264681520855,32.85029403393415],[-117.27264030243091,32.85029232603755],[-117.27263324834466,32.85029139221442],[-117.27263053398926,32.85029094743415],[-117.27262376782659,32.85028957145974],[-117.2726145896972,32.8502882731728],[-117.27260766623021,32.85028709089787],[-117.27259858051252,32.85028589903794],[-117.27259136235382,32.85028485662898],[-117.27257546017256,32.85028328418009],[-117.27256690830143,32.85028263760704],[-117.27255933052439,32.8502817520918],[-117.27255876290845,32.8502816633403],[-117.27255691906731,32.85028159339954],[-117.27255062086974,32.85028125799381],[-117.27254310961641,32.85028049286279],[-117.27253433340775,32.85028015598161],[-117.27252686020503,32.85027958293265],[-117.27251916416608,32.85027972909791],[-117.27251049262811,32.85027999327964],[-117.27250139398869,32.85027993117105],[-117.27248518697253,32.85028014778752],[-117.27247794708174,32.85028031765972],[-117.27245956083352,32.85028074471004],[-117.27244438566177,32.85028261015188],[-117.27244321183883,32.85028275454685],[-117.2724404418172,32.8502831237922],[-117.27243344216419,32.85028407225968],[-117.2724273882919,32.85028486722537],[-117.27241755477547,32.85028629540716],[-117.27241133580871,32.85028717419492],[-117.27240150360088,32.85028871505483],[-117.27239603636841,32.85028955463707],[-117.27238552236412,32.85029126880025],[-117.27237933755224,32.85029228473086],[-117.27237006274434,32.85029387594558],[-117.2723633549739,32.85029500339709],[-117.27235362660316,32.85029679351125],[-117.27234728215518,32.85029808286738],[-117.27233755116634,32.85029992797285],[-117.27233585863033,32.8503002690581],[-117.2723310422936,32.8503010785133],[-117.27232193474953,32.85030305313617],[-117.27231643623367,32.85030428326699],[-117.27230612233816,32.85030640530018],[-117.27230020636193,32.85030785876889],[-117.27229044629156,32.85031000370258],[-117.27228433106509,32.85031140384866],[-117.27227466867164,32.85031354797269],[-117.27227324369538,32.85031393631647],[-117.27226933844116,32.85031496910675],[-117.27225902741637,32.85031733848119],[-117.27225310945961,32.85031890190576],[-117.27224338903278,32.85032137633284],[-117.27223847753845,32.85032268405838],[-117.27222735285049,32.85032508764936],[-117.27222289565243,32.85032597933305],[-117.27220762623772,32.85032814236833],[-117.27220081899719,32.85032855601276],[-117.27219136181847,32.85032902456883],[-117.27217504172906,32.85032791728208],[-117.27215844431247,32.85032508070557],[-117.2721446384998,32.850321209562],[-117.27214303109575,32.85032075011384],[-117.27214002894416,32.85031963705969],[-117.27213425319428,32.85031746403067],[-117.2721302388989,32.85031471572257],[-117.2721291916415,32.85031398228178],[-117.27212542741341,32.85031229833918],[-117.27212112624574,32.85031036322501],[-117.27211286638968,32.85030598168171],[-117.27210694639223,32.85030260323439],[-117.27209700459964,32.85029723238919],[-117.27209329559608,32.85029525664302],[-117.27207919436707,32.85028865863266],[-117.272064617232,32.8502828588877],[-117.27204958704588,32.85027786271603],[-117.27203997062379,32.85027527344891],[-117.2720342243412,32.85027367461713],[-117.27203115136028,32.85027263085999],[-117.27202035112364,32.85027072752821],[-117.27201855328148,32.85027041257842],[-117.27201482605179,32.85026967107688],[-117.27199908288225,32.85026748981009],[-117.27198288503166,32.85026625230513],[-117.27198223276247,32.85026616425136],[-117.27197917098442,32.85026608513909],[-117.27197081897455,32.85026582441594],[-117.27195455009719,32.85026604147461],[-117.27195034344788,32.85026607627842],[-117.2719382891654,32.85026722320426],[-117.27193415462422,32.85026757899058],[-117.27193203236956,32.85026792912252],[-117.27192178020547,32.85026947891581],[-117.27191817187784,32.85027000350632],[-117.27190577281353,32.85027258527274],[-117.27190255155637,32.85027335402945],[-117.27189042260308,32.85027648326835],[-117.27188691833487,32.85027755670583],[-117.27187492465828,32.85028139944546],[-117.2718717109645,32.85028253919218],[-117.27186028094187,32.85028697095278],[-117.2718571028384,32.85028837151634],[-117.27184584377937,32.85029350548847],[-117.2718429274575,32.85029501657633],[-117.27184101501464,32.85029604935844],[-117.27183216639108,32.8503006933877],[-117.27182928192487,32.85030242409518],[-117.2718250073041,32.85030501835126],[-117.27181828741716,32.85030874874423],[-117.27181720702077,32.85030992856135],[-117.27181503924088,32.85031140597088],[-117.27180636936514,32.85031742279142],[-117.27180378239814,32.85031953583341],[-117.27179408176049,32.8503268007731],[-117.27179234883387,32.85032899195488],[-117.27178963648068,32.85033124346103],[-117.27178278545101,32.85033686043787],[-117.27178132263796,32.85033903839089],[-117.27178088398047,32.85033939933025],[-117.2717789903656,32.85034121254204],[-117.27177440801647,32.85034562887779],[-117.27177266899453,32.85034729513788],[-117.27176759249957,32.85035402433771],[-117.27176350849432,32.85035901374494],[-117.27175869384537,32.85036557861433],[-117.27174106660371,32.85038875172388],[-117.27167372108191,32.85047794655976],[-117.27166016223461,32.85048553199791],[-117.27165013497148,32.8504896278082],[-117.27164552328811,32.85049151847002],[-117.2716267095489,32.85049551654148],[-117.27161120804689,32.8504992893203],[-117.27159582674069,32.85050079355455],[-117.27158636613237,32.85050012694388],[-117.27158133629969,32.85049965731412],[-117.27158117040679,32.85049967242886],[-117.27158101345228,32.85049961600752],[-117.27156325851455,32.85049580494557],[-117.27154851086061,32.85048962175389],[-117.27154029184807,32.85048454995014],[-117.27152401718919,32.85048399191027],[-117.27150770288738,32.85048310437084],[-117.27149157660256,32.85048186346083],[-117.27147538650975,32.85048045541522],[-117.27146222676183,32.8504789426002],[-117.2714592531763,32.85047860713113],[-117.27145601439327,32.85047814742203],[-117.2714431804645,32.85047637079899],[-117.27143462028961,32.85047500959483],[-117.27142779258537,32.85047394190077],[-117.27141151459963,32.85047085246492],[-117.27140484803385,32.85046964051283],[-117.27139543462062,32.8504677091673],[-117.27138552605409,32.85046547957565],[-117.27138045910658,32.85046433685145],[-117.27136417267457,32.85046023876371],[-117.27134859881379,32.85045609355372],[-117.27133325143689,32.8504515424332],[-117.271318419875,32.8504465445303],[-117.27130371791407,32.85044149058321],[-117.27129684387687,32.85043923589419],[-117.2712879982586,32.85043600528184],[-117.27127319422503,32.85043029252462],[-117.27126100077095,32.8504250611651],[-117.27125867387949,32.85042405244834],[-117.2712542453297,32.85042208262624],[-117.27125139439664,32.85042081163328],[-117.27124483472919,32.85041758685486],[-117.27123007814629,32.85041091171001],[-117.27121610889684,32.85040389748023],[-117.27120232498531,32.85039657937691],[-117.27118912558319,32.8503888414096],[-117.27117602006314,32.85038105593954],[-117.27116291707108,32.85037292687929],[-117.27114977418454,32.85036444633386],[-117.27113665971432,32.85035560824147],[-117.27112514096819,32.85034678444164],[-117.27111767893354,32.85034156067945],[-117.27111247818698,32.85033758530202],[-117.27110049890059,32.85032807817115],[-117.27108900057206,32.85031820700409],[-117.27108242103148,32.85031242623598],[-117.27108014895363,32.85031137033753],[-117.27107666881166,32.85030947237695],[-117.27107286219182,32.85030693945293],[-117.27106920965274,32.85030449595703],[-117.27106513252959,32.85030250398339],[-117.27106114044325,32.85030054428921],[-117.27105920251782,32.85029910083208],[-117.27105620661992,32.85029684155733],[-117.27105228252215,32.85029512866976],[-117.27104794588269,32.85029322129712],[-117.27104206267398,32.85028936149985],[-117.27103848938737,32.85028757424988],[-117.27103490774333,32.85028534730188],[-117.27102982069138,32.85028247039865],[-117.27102834238653,32.85028163056989],[-117.27102082601802,32.85027761661027],[-117.27101623035966,32.85027443330478],[-117.27101526840366,32.85027375412037],[-117.271012309814,32.85027218442063],[-117.27100755869358,32.85026963456489],[-117.27100616999257,32.85026865931661],[-117.27100305452079,32.85026647798819],[-117.2709943874231,32.85026151154843],[-117.27098975110134,32.85025819115099],[-117.27098369542561,32.85025462137362],[-117.27098137735696,32.85025324977103],[-117.27097596875304,32.85024932008267],[-117.27096846340854,32.85024485251908],[-117.27096313208696,32.85024084798079],[-117.27095988184523,32.8502388381749],[-117.27095616486717,32.85023617257635],[-117.27095123073309,32.85023244235742],[-117.27094495905415,32.85022877816454],[-117.2709430545802,32.8502276917398],[-117.27093785225415,32.85022357894098],[-117.27093059037846,32.85021876579489],[-117.27092543382766,32.85021466910844],[-117.27092097313529,32.85021161111703],[-117.27091841729903,32.85020967252992],[-117.27091347934224,32.8502056125159],[-117.27091082058814,32.85020406507248],[-117.27090602115778,32.85020071853459],[-117.27090098099339,32.8501965494231],[-117.27089535929537,32.85019249505952],[-117.27089423975002,32.85019170448641],[-117.27088897170842,32.85018725965494],[-117.27088219273853,32.85018225011677],[-117.27087734704283,32.85017772208643],[-117.27087076898478,32.85017262843084],[-117.27086582360015,32.85016820841719],[-117.27085927487859,32.85016311726706],[-117.27085432917625,32.85015866977015],[-117.2708477440395,32.85015324634659],[-117.27084279833831,32.85014879884924],[-117.27083624901815,32.85014337512914],[-117.27083130986179,32.85013893032576],[-117.27082475371242,32.85013347917602],[-117.27082116060819,32.85012998248957],[-117.27082006689284,32.85012889211104],[-117.27081357656891,32.85012322053327],[-117.27081192945241,32.85012158227093],[-117.27080990817815,32.85011884768335],[-117.2708033156153,32.85011306425968],[-117.27079840194017,32.8501082894192],[-117.27079639533473,32.85010653868874],[-117.2707937569632,32.85010422148217],[-117.27079197702437,32.85010264203665],[-117.27079039318248,32.85010056348418],[-117.27078850175903,32.85009807519205],[-117.27078319855529,32.85009340526619],[-117.27078191248685,32.85009229448859],[-117.27077910650699,32.85008956363684],[-117.2707772237591,32.85008754252519],[-117.27077112358137,32.85008153789585],[-117.27076966237232,32.85007992558204],[-117.27076768651477,32.8500777375786],[-117.2707609213805,32.85007083142459],[-117.27075907052313,32.85006875232977],[-117.27075717980706,32.85006604414781],[-117.27075364081109,32.85006272017053],[-117.27075207075042,32.85006126817159],[-117.27075078363096,32.85006006670047],[-117.27074783703409,32.85005588028197],[-117.27074730390679,32.85005511509544],[-117.27074677399898,32.85005462748521],[-117.27074222479207,32.8500503938423],[-117.270740875173,32.85004913791668],[-117.27073739251273,32.85004421382111],[-117.2707341926387,32.85004121136897],[-117.27073128714039,32.85003804157156],[-117.27072787788688,32.85003383149043],[-117.2707225473094,32.8500268007894],[-117.2707189516271,32.85002336184076],[-117.2707179594897,32.85002204524139],[-117.27071518394226,32.8500188496329],[-117.27071266430508,32.85001553921932],[-117.27070934961168,32.85001077864756],[-117.270705456436,32.8500069573608],[-117.27070320785954,32.85000427687216],[-117.27069956269442,32.84999937885529],[-117.2706975774918,32.84999694630759],[-117.2706961248148,32.84999494637778],[-117.2706944638919,32.84999267881156],[-117.27069117815283,32.84998788776615],[-117.27068880383516,32.84998559586088],[-117.27068536397567,32.84998127334119],[-117.27068191321089,32.84997629126113],[-117.27067671737122,32.84996964698944],[-117.27067336364716,32.84996460913642],[-117.27067078480117,32.84996124698893],[-117.27066826481675,32.84995790634334],[-117.27066494333401,32.84995284073824],[-117.27065990930437,32.849946109924],[-117.27065744887088,32.84994172708814],[-117.27065308289683,32.84993391882146],[-117.27062159441152,32.84988471072327],[-117.27061217118818,32.8498735030657],[-117.27060737464198,32.84986759485009],[-117.27060343040073,32.84986217707839],[-117.27059514876709,32.84985057244234],[-117.2705868500006,32.8498386133852],[-117.27058309920392,32.84983302910194],[-117.27058249518763,32.84983204736553],[-117.27057897687257,32.84982629350012],[-117.27057719135438,32.84982310894832],[-117.27057201731733,32.84981385062741],[-117.27056564162766,32.84980121328072],[-117.27056280131808,32.8497949590751],[-117.27056024341709,32.84978834797398],[-117.27055519815748,32.84977531208979],[-117.27055015650581,32.84976230640947],[-117.27054871181838,32.84975846763647],[-117.27054740918491,32.84975424289367],[-117.27054576189292,32.84974893807239],[-117.27054293013086,32.84973808548265],[-117.27054224896139,32.84973550473121],[-117.27054086775067,32.84972899659798],[-117.27053993819656,32.84972184432247],[-117.27053809376643,32.84971470235438],[-117.27053700807316,32.8497084061659],[-117.27053531915483,32.84969473787078],[-117.27053463979594,32.8496875395514],[-117.27050173025015,32.84965757747153],[-117.27049843031513,32.84965521075369],[-117.27044934907575,32.84963327333468],[-117.27043308991438,32.84963375672232],[-117.27041682920465,32.84963663410191],[-117.27040216938867,32.84964193896089],[-117.27039825007074,32.84964428561194],[-117.27038866019566,32.84964959256305],[-117.27038348920185,32.84965379382629],[-117.27037637550228,32.84965894564241],[-117.27036674588483,32.84967037392618],[-117.27036053880315,32.84968266721334],[-117.27035987994989,32.84968481926829],[-117.27035674136083,32.84969552603473],[-117.27035703596431,32.84970745502784],[-117.27035704999589,32.84970810356818],[-117.27035743819822,32.84971041188637],[-117.27035747681705,32.8497137428019],[-117.27035913446434,32.84971629075104],[-117.27035926820541,32.84971659198602],[-117.27036034142151,32.84971900458722],[-117.27036213031029,32.84972697432826],[-117.27036354055009,32.8497306512239],[-117.27036513630988,32.84973600594698],[-117.27036593685058,32.84974045747128],[-117.2703659808866,32.84974425559448],[-117.27036935469692,32.8497538366319],[-117.27036939841446,32.84975760727229],[-117.27037254799728,32.84976806969582],[-117.27037278041527,32.84977098398036],[-117.27037551451794,32.84978155977776],[-117.2703755489951,32.84978453341689],[-117.27037735766798,32.84979140082839],[-117.27037795297764,32.84979500199954],[-117.2703779886976,32.84979808282157],[-117.27037971119056,32.84980313415783],[-117.27038100489787,32.84980799388958],[-117.27038098129921,32.84981157543649],[-117.2703823175451,32.84981701475952],[-117.27038315800714,32.84982210086745],[-117.27038319375916,32.84982518443775],[-117.27038465033165,32.84982976796974],[-117.2703860541759,32.84983570147207],[-117.27038599097629,32.84983867591806],[-117.27038836303983,32.8498491997351],[-117.27038838300757,32.8498514836097],[-117.27038839879204,32.84985228330543],[-117.27039015350869,32.84986292216399],[-117.27039018922909,32.84986600298605],[-117.27039157880449,32.84987042490731],[-117.27039288624722,32.8498764691477],[-117.2703928051716,32.84987790180855],[-117.27039197587473,32.84987939562127],[-117.27039414301933,32.84988628755664],[-117.27039493623391,32.84989010697634],[-117.27039480791645,32.8498930819603],[-117.27039653888957,32.84990195370153],[-117.2703968885122,32.84990374286357],[-117.27039684958361,32.84990459798216],[-117.2703967602266,32.84990672059582],[-117.27039769507982,32.84991180317536],[-117.27039874314569,32.849917382306],[-117.27039862371512,32.84991971955446],[-117.27039858226919,32.84992035755894],[-117.27039892333511,32.84992225123633],[-117.27040046786207,32.84993105030706],[-117.27040030692189,32.84993402006344],[-117.27040209193261,32.84994474387646],[-117.27040191442607,32.84994768903278],[-117.27040362129543,32.84995841349127],[-117.27040357150443,32.84995973595196],[-117.27040337371675,32.84996008939945],[-117.27040267931935,32.84996142268229],[-117.27040443078397,32.84997206156756],[-117.27040446650493,32.84997514238957],[-117.27040622122595,32.84998578124789],[-117.27040625538559,32.84998872740417],[-117.27040752037642,32.84999953522077],[-117.27040746273329,32.85000242716462],[-117.27040811701551,32.85000858674233],[-117.27040817128227,32.85001326706339],[-117.27040820286088,32.85001599060902],[-117.2704090806334,32.8500214859415],[-117.27040960031941,32.85002698972929],[-117.27040956808635,32.85002982649235],[-117.27041006226122,32.85003565756753],[-117.27041012098927,32.85004072264779],[-117.27041015288661,32.85004347367619],[-117.27041071564015,32.85004707511618],[-117.27041122446771,32.85005445075166],[-117.27041125700238,32.8500572567457],[-117.27041180728715,32.8500682078936],[-117.27041187209416,32.85007098888414],[-117.27041187806601,32.85007880569216],[-117.27041186887368,32.85008194460463],[-117.27041183056173,32.85008706545742],[-117.27041163282436,32.85008966996154],[-117.27041126554322,32.85009450218637],[-117.27041078608579,32.85009808475068],[-117.27041080587426,32.85009979143261],[-117.27041038700453,32.85010326355463],[-117.27040967325983,32.85010629834576],[-117.27040767909867,32.85011151781217],[-117.27040771835686,32.85011490369332],[-117.2704073477222,32.85011663833747],[-117.27040427713443,32.85012478564929],[-117.2704027395074,32.85012978146073],[-117.27040149515483,32.85013226817792],[-117.27040053360592,32.8501338702764],[-117.27039819791941,32.85013771829234],[-117.27039665806126,32.85014252172413],[-117.2703951040811,32.85014638801926],[-117.27039421974416,32.85014819012351],[-117.27039306489976,32.85015053317692],[-117.27039021272684,32.85015477025538],[-117.27038852655903,32.85015566096998],[-117.27038055155359,32.85015983042547],[-117.27037946620398,32.85016198875223],[-117.27036776050494,32.85017326102739],[-117.27035570202546,32.85018247205964],[-117.27034743618738,32.85018964257618],[-117.27034411356294,32.85019234160695],[-117.27034349678073,32.85019278646882],[-117.27034226561767,32.85019332161063],[-117.27033372454054,32.85019669316446],[-117.27033298303965,32.85019733420307],[-117.27033239942192,32.85019783101325],[-117.27033000689192,32.85019958510736],[-117.27032372963666,32.85020133555962],[-117.2703191825603,32.85020262095863],[-117.27031271693549,32.85020609905155],[-117.27029660336558,32.85020454454713],[-117.27028037884014,32.85020296896873],[-117.27026424494544,32.85020106556299],[-117.27024817234657,32.85019883182361],[-117.27023281800022,32.85019647945943],[-117.27021766386497,32.8501939825154],[-117.27021651596571,32.85019383532948],[-117.27021557248838,32.85019362598721],[-117.27020020713992,32.85019088616525],[-117.27018438479139,32.8501877680683],[-117.27016921624639,32.85018458959866],[-117.27015287015625,32.85018095360012],[-117.27013720264284,32.85017714708255],[-117.2701218598371,32.85017298057075],[-117.27011414019803,32.85017109011049],[-117.27011051437464,32.85017010584242],[-117.27010616012433,32.85016892419775],[-117.27009075189125,32.85016445038561],[-117.27007608316711,32.85016000619544],[-117.27006014512808,32.8501550530112],[-117.27005830890675,32.85015423536647],[-117.27004666681411,32.85014852383676],[-117.27003355687117,32.85014315425265],[-117.2700312256236,32.85014232970125],[-117.27002874438091,32.85014148714871],[-117.27002552409769,32.85013981239338],[-117.27001922819346,32.85013658262376],[-117.27001464305152,32.85013458381666],[-117.27000576324829,32.85012923976565],[-117.27000101917929,32.85012701414142],[-117.2699925695547,32.85012113881685],[-117.26998800862104,32.85011870004197],[-117.26997991491923,32.85011262937947],[-117.26997824258522,32.8501116234793],[-117.26997620088169,32.85010993349344],[-117.26997277658904,32.85010723246615],[-117.26996800501294,32.85010347612919],[-117.26996613378176,32.85010244713435],[-117.26996340671212,32.85010062263198],[-117.26995898943341,32.85009653079531],[-117.26995647813565,32.85009393766743],[-117.2699560288265,32.85009366102615],[-117.26995450696597,32.85009271435113],[-117.2699519450248,32.85009080877716],[-117.26994527498022,32.85008395401614],[-117.2699436604008,32.85008259307654],[-117.26994167709638,32.85008032266526],[-117.26993507606457,32.85007352230466],[-117.26993177287724,32.85006975109295],[-117.26992675358001,32.85006428720603],[-117.26992626785807,32.85006367829154],[-117.269925296032,32.85006242748321],[-117.26992446557261,32.85006157404644],[-117.26992384262456,32.85006092503688],[-117.26992189000113,32.85005849220788],[-117.2699169480057,32.85005098826316],[-117.2699145088358,32.85004899921839],[-117.26991278890421,32.85004697674941],[-117.26991013148688,32.85004273295264],[-117.26990868231024,32.85003934771907],[-117.26990534552959,32.8500349253793],[-117.26989871066368,32.85002829570589],[-117.26989448365771,32.85002348217758],[-117.26989252882468,32.850015238946],[-117.26988921665259,32.85001097306957],[-117.26988717676986,32.85000325826044],[-117.26988455365129,32.84999972605262],[-117.2698828167898,32.84999455664101],[-117.26988096948959,32.84998912977817],[-117.26987860019071,32.84998614518317],[-117.26987422234777,32.84998067874633],[-117.26987374419434,32.84997875596548],[-117.26987371677262,32.84997638969622],[-117.26987371323742,32.84997608463711],[-117.26987335350218,32.84997566982875],[-117.26987007483967,32.84997176648289],[-117.26986755498828,32.84996815371437],[-117.26986707237629,32.84996584617425],[-117.26986705355142,32.84996309778644],[-117.2698589636252,32.84995875591868],[-117.26985716557026,32.84995252057718],[-117.26985382697573,32.84994569327576],[-117.26985099137887,32.84994040375391],[-117.26984780698177,32.84993283307249],[-117.26984607662069,32.84992822430954],[-117.26984551827324,32.84992668698678],[-117.26984374028729,32.84991965440187],[-117.26984200663354,32.84991644742311],[-117.26984109276064,32.84991345355923],[-117.26983902142508,32.84990639591084],[-117.26983734974795,32.84990010730333],[-117.26983570366296,32.84989293620208],[-117.26983442202639,32.8498865866548],[-117.26983505380279,32.84987928680486],[-117.26983393820667,32.84987574489783],[-117.26983425662223,32.84987428004386],[-117.26983433978643,32.84987386982426],[-117.26983507077856,32.84987232185617],[-117.26983306518851,32.8498681276469],[-117.26983196045251,32.84986552290342],[-117.26983170827141,32.8498634305956],[-117.26983168021391,32.84986100936069],[-117.26983166011823,32.84985927519583],[-117.26983003956083,32.84985009195011],[-117.26983032683721,32.84984565892656],[-117.26983027003681,32.84984497225971],[-117.26982985192431,32.84983839569933],[-117.26983115018876,32.8498256674708],[-117.26983125823679,32.84982459464686],[-117.26983124578449,32.84982352006925],[-117.26983122314105,32.84982156604199],[-117.26983110829967,32.84981165574325],[-117.2698314527659,32.84980766201446],[-117.26983160697341,32.84980410962337],[-117.26983234852302,32.84979925781914],[-117.26983257877417,32.84979777170475],[-117.26983254379829,32.84979503444444],[-117.2698307566869,32.84978440409161],[-117.26982900183522,32.84977065662438],[-117.26982753543118,32.84976241210768],[-117.26982565053348,32.84975711198747],[-117.26982242876973,32.84974940693535],[-117.26982135337809,32.84974652434666],[-117.26982056931469,32.84974405438268],[-117.26981900808563,32.84974139568866],[-117.26981634555474,32.84973670941674],[-117.26981276472746,32.84972864726971],[-117.2698044403182,32.8497167131096],[-117.26980259710061,32.84971416668525],[-117.26979592313673,32.84970500317247],[-117.26979396557336,32.84970270506092],[-117.26979254965262,32.84970106487644],[-117.26978656154952,32.84969376471005],[-117.26977818581314,32.84968554975096],[-117.26977677325334,32.84968476158689],[-117.2697726139285,32.84968044773071],[-117.26976438937706,32.84967432041537],[-117.26976109452352,32.84967126650022],[-117.26975994554914,32.84967102586859],[-117.2697513520675,32.84966931026151],[-117.26973818832703,32.84966181921553],[-117.26973073722012,32.84965780738806],[-117.2697273938093,32.84965618311536],[-117.26972706314841,32.8496560291782],[-117.26970539003732,32.84964593129709],[-117.26969915995889,32.84964303903888],[-117.2696858084754,32.84963648679052],[-117.26886894456264,32.84925327795449],[-117.2681439920177,32.84902080313049],[-117.26813357670879,32.84901781336203],[-117.26812867631205,32.84901613866384],[-117.26811882425173,32.84901286115155],[-117.26811397477317,32.84901108433699],[-117.26810330040243,32.84900737383459],[-117.2681010075423,32.8490064857143],[-117.26809923336488,32.84900539817217],[-117.26809029740284,32.84900249790273],[-117.26808836583669,32.84900187891004],[-117.26808453127033,32.84900001402131],[-117.2680780771181,32.84899772820845],[-117.26807355871003,32.84899614106158],[-117.26806981794185,32.84899394007703],[-117.26806117345288,32.84899090272454],[-117.26805891113631,32.84899012154492],[-117.26805507566228,32.84898789660363],[-117.2680452733121,32.84898384908387],[-117.26804029495008,32.84898190841613],[-117.2680304920104,32.8489775283263],[-117.26802570582242,32.84897531121984],[-117.26801580234685,32.84897068458866],[-117.2680151735632,32.84897037368854],[-117.26801140781821,32.84896854670998],[-117.26800350615785,32.84896470065674],[-117.26800173455752,32.84896383572401],[-117.26799910776992,32.84896251058706],[-117.26799821460638,32.84896186379505],[-117.26799779426231,32.84896155667403],[-117.26799642235822,32.84896090283338],[-117.26798795495357,32.8489568470555],[-117.26798346020689,32.84895449011837],[-117.26797398202891,32.84894947243422],[-117.26797148190329,32.84894811876744],[-117.26796993860957,32.84894700458378],[-117.26796193284207,32.84894288453168],[-117.26796029147746,32.84894201852501],[-117.26795753033718,32.84894005683256],[-117.2679568409456,32.84893957327343],[-117.267946993313,32.84893414360207],[-117.26794456704259,32.84893298172411],[-117.26794262943926,32.84893184055575],[-117.26793816375717,32.84892918103771],[-117.2679338915204,32.84892635501279],[-117.26793293862593,32.84892589286488],[-117.26793159931336,32.84892524150349],[-117.26792936291476,32.84892388566246],[-117.26792506002707,32.84892122480235],[-117.26792078550243,32.84891820090075],[-117.26791829379755,32.84891701207608],[-117.26791625692937,32.84891573429822],[-117.26790991232924,32.84891165827248],[-117.26790758314583,32.84891016302005],[-117.26790331151491,32.84890738921138],[-117.26789453365413,32.8489015466842],[-117.26789259093448,32.84889996304189],[-117.26789124328094,32.84889887198193],[-117.26788496928154,32.84889498777116],[-117.26788190998478,32.84889286637006],[-117.26787938903745,32.84889111983141],[-117.2678780004247,32.84889014729618],[-117.26786990536029,32.84888393633301],[-117.26786764090052,32.84888268791529],[-117.26786560180885,32.84888121775693],[-117.26785721343177,32.84887498447309],[-117.26785418804383,32.84887269787929],[-117.26784526527031,32.84886558671615],[-117.26784197429605,32.8488628597952],[-117.26783377870002,32.84885640228925],[-117.26783200456072,32.84885531749158],[-117.26782960160349,32.84885335559332],[-117.26782492687758,32.84884951317191],[-117.26782225547325,32.84884686360137],[-117.26782031723769,32.8488456674655],[-117.26781801227486,32.84884373224493],[-117.26781363184956,32.84883999733976],[-117.26781075805559,32.84883702236003],[-117.26780865575562,32.8488357176342],[-117.26780661285196,32.8488339176812],[-117.26780094766885,32.84882889879842],[-117.26779923098802,32.84882715112803],[-117.26779593262896,32.8488240669562],[-117.26778859106261,32.84881768761493],[-117.26778165817939,32.84881117022709],[-117.26777698351765,32.84880676984923],[-117.26775500917293,32.84875960451559],[-117.26773276460119,32.84871018759966],[-117.26772130249439,32.84870705800066],[-117.26771796352834,32.84870609328784],[-117.26771315592764,32.84870483833579],[-117.26770005828959,32.8486974042499],[-117.26769454238108,32.84869487431214],[-117.26768907566041,32.84869237420286],[-117.26768536869851,32.84869056047288],[-117.26767084924398,32.84868435020581],[-117.26765607143717,32.84867860656925],[-117.26764116741923,32.84867349338709],[-117.26762557411621,32.84866903178941],[-117.26761016228778,32.84866505793534],[-117.26759421110233,32.84866174817299],[-117.26757823172994,32.8486590982911],[-117.26756997514403,32.8486580641451],[-117.26756282810834,32.84865696039005],[-117.26755306052135,32.84865704085637],[-117.26755272832807,32.84865703534737],[-117.26754478076586,32.84865653736833],[-117.26752849899059,32.84865617675874],[-117.26751406341856,32.84865637538385],[-117.2675138940502,32.84865637128195],[-117.26751235032661,32.84865634551915],[-117.26751219752349,32.84865636601771],[-117.26749609517424,32.84865716106219],[-117.26747980570228,32.8486586695186],[-117.26746355263293,32.84866051024664],[-117.26744763606214,32.8486630105995],[-117.26743105702684,32.84866594792825],[-117.26742329554777,32.84866802654159],[-117.26741607944811,32.84866968013518],[-117.26740749706272,32.84867201012966],[-117.26740021357423,32.84867374948222],[-117.26739228649078,32.8486764313885],[-117.26738526485336,32.84867856987059],[-117.26736956535962,32.84868294842852],[-117.26736807266678,32.84868367534428],[-117.26735727707572,32.84868918988546],[-117.26735453141632,32.84869053729751],[-117.26735442116176,32.84869057668526],[-117.26734349617583,32.84869588340173],[-117.26733859772466,32.84869831772768],[-117.26732893759966,32.84870318800096],[-117.26732401860642,32.84870187348337],[-117.2672636785103,32.84873089481702],[-117.26723532896824,32.84874458790546],[-117.26710382353602,32.84880813147545],[-117.26687406365129,32.84891656769999],[-117.26674596698275,32.84897701544838],[-117.26673293227071,32.8489834801216],[-117.26671794906261,32.84899067820159],[-117.26671639032092,32.84899132594528],[-117.26670386583079,32.84899657705692],[-117.26668837158233,32.84900209998035],[-117.26667306995743,32.8490068214904],[-117.26665755590869,32.84901091258227],[-117.26665681869805,32.84901108081405],[-117.26664220290974,32.84901428772554],[-117.26662583003036,32.84901703909632],[-117.26660969580281,32.84901902715445],[-117.26659341859155,32.84902019457308],[-117.26658576132466,32.84902058741923],[-117.2665771536911,32.84902101832046],[-117.26656087353489,32.84902080324219],[-117.26654459530548,32.84901990925592],[-117.26652853420863,32.84901836207607],[-117.26651246473202,32.84901608934786],[-117.26651197587445,32.84901605214283],[-117.26651161661709,32.84901595890041],[-117.26649726400818,32.84901319654325],[-117.2664809785618,32.8490094221356],[-117.26646625281286,32.84900508243368],[-117.26645319823172,32.84900108903685],[-117.26643846610074,32.84899676037836],[-117.26642226630162,32.84899250701186],[-117.26640745879396,32.8489884180931],[-117.26639113410026,32.84898406405419],[-117.26637644095045,32.84897972682194],[-117.266360548175,32.84897583647719],[-117.26634536751702,32.84897186056315],[-117.26632908121485,32.84896772883214],[-117.26631354111231,32.84896364318153],[-117.26629803907912,32.8489597523623],[-117.26628234403046,32.84895578342148],[-117.2662748817629,32.84895388785667],[-117.26626701954979,32.84895175920747],[-117.2662586621398,32.84894989024641],[-117.2662557167416,32.84894916962482],[-117.26625110580201,32.84894802568814],[-117.2662446635573,32.84894648453694],[-117.2662359941618,32.84894410416376],[-117.26622088561398,32.84894073232056],[-117.2662041128464,32.84893676948798],[-117.26618867879624,32.84893312546461],[-117.26617275247592,32.84892943051825],[-117.26616372874594,32.8489273828802],[-117.26615761367819,32.84892597645996],[-117.26614132854812,32.84892222674205],[-117.26612557439296,32.84891877774219],[-117.26611536953263,32.84891652268229],[-117.2661103014735,32.8489152698106],[-117.26609398896076,32.84891196832415],[-117.26607829597275,32.84890845834715],[-117.26606296821485,32.84890499483757],[-117.26604668279982,32.84890178382391],[-117.26603089474108,32.84889850000337],[-117.26601565914683,32.84889540403451],[-117.26599931759229,32.84889212476283],[-117.26598461127183,32.84888946420337],[-117.26598300880003,32.84888914481063],[-117.26596745575172,32.84888619162262],[-117.26595758124527,32.84888434611392],[-117.26595199153304,32.84888331740981],[-117.26593565318737,32.84888031570612],[-117.26591973577015,32.84887739024592],[-117.26590379098641,32.84887463266988],[-117.26589627356611,32.84887331747839],[-117.26588836226918,32.84887173067169],[-117.26587206159395,32.8488691711651],[-117.26585575566531,32.84886643854141],[-117.26583994267472,32.8488638145518],[-117.26583121934712,32.84886240208083],[-117.26582475026726,32.84886135586611],[-117.26580841371782,32.84885879114911],[-117.2657960468148,32.8488568582376],[-117.26563730929198,32.8482834249056],[-117.26556979282748,32.84803050455912],[-117.26556757917291,32.84800446850033],[-117.26556647234561,32.84799145047094]]]],"type":"MultiPolygon"}
}