{
  "id": 1108794587,
  "type": "Feature",
  "properties": {
    "edtf:cessation":"uuuu",
    "edtf:deprecated":"",
    "edtf:inception":"uuuu",
    "geom:area":0.002674,
    "geom:area_square_m":25597800.714393,
    "geom:bbox":"-76.6086912285,39.2391995092,-76.5297303466,39.3225854217",
    "geom:latitude":39.282285,
    "geom:longitude":-76.554949,
    "iso:country":"US",
    "lbl:latitude":39.280705,
    "lbl:longitude":-76.552277,
    "mps:latitude":39.280705,
    "mps:longitude":-76.552277,
    "mz:hierarchy_label":1,
    "mz:is_current":0,
    "mz:is_funky":0,
    "mz:is_hard_boundary":0,
    "mz:is_landuse_aoi":0,
    "mz:is_official":0,
    "mz:max_zoom":15.0,
    "mz:min_zoom":12.0,
    "mz:note":"",
    "mz:tier_metro":1,
    "name:eng_x_variant":[
        "SE Baltimore"
    ],
    "reversegeo:latitude":39.280705,
    "reversegeo:longitude":-76.552277,
    "src:geom":"mz",
    "src:geom_alt":[],
    "src:lbl:centroid":"mz",
    "wof:belongsto":[
        85688501,
        102191575,
        85633793,
        85949461,
        102081589
    ],
    "wof:breaches":[],
    "wof:concordances":{},
    "wof:country":"US",
    "wof:geomhash":"e216a2df573328457b22b41892df1edb",
    "wof:hierarchy":[
        {
            "continent_id":102191575,
            "country_id":85633793,
            "county_id":102081589,
            "locality_id":85949461,
            "macrohood_id":1108794587,
            "region_id":85688501
        }
    ],
    "wof:id":1108794587,
    "wof:lastmodified":1511300772,
    "wof:name":"Southeast Baltimore",
    "wof:parent_id":85949461,
    "wof:placetype":"macrohood",
    "wof:repo":"whosonfirst-data-admin-us",
    "wof:superseded_by":[],
    "wof:supersedes":[
        85882253
    ],
    "wof:tags":[]
},
  "bbox": [
    -76.60869122854905,
    39.23919950915597,
    -76.52973034661576,
    39.32258542172784
],
  "geometry": {"coordinates":[[[[-76.56778903464591,39.29628496831221],[-76.56708677329534,39.29639220524433],[-76.56654696669857,39.29647297860757],[-76.56626507075418,39.29651650067175],[-76.56575502321168,39.29659311155611],[-76.56522597818457,39.29667054798616],[-76.56520532115211,39.29667373679749],[-76.56509829491826,39.2966902560488],[-76.56474609107829,39.29674461516499],[-76.56435800463892,39.29679878253124],[-76.56421089942872,39.29681962643321],[-76.56388140030741,39.29686864910082],[-76.5636870841974,39.29689947856814],[-76.5634576391826,39.29695406265794],[-76.56307871354392,39.29706318911252],[-76.56267032133661,39.29717359724089],[-76.56216667818705,39.29729323041497],[-76.56211056668548,39.29730912328905],[-76.56162890466805,39.29744554699018],[-76.56110234524382,39.29760082146153],[-76.56105633706859,39.29761437626943],[-76.56029423074459,39.29783820378716],[-76.55992954491653,39.29795416241424],[-76.55949048331236,39.29809450028744],[-76.55915723383536,39.2982045194687],[-76.55911414888311,39.29821953020512],[-76.55892068229603,39.29828693486169],[-76.55866614645385,39.29836515764325],[-76.55831156380505,39.29846855206815],[-76.55773280152195,39.29866329817855],[-76.55758761847467,39.29871256452267],[-76.55752103730686,39.29873515797248],[-76.55727569082595,39.29881834311188],[-76.55678590922844,39.29898682487232],[-76.55632560076101,39.29914737660744],[-76.55602219969369,39.29925313812841],[-76.5556858461062,39.29936984369697],[-76.55519191320846,39.29953559092574],[-76.55486378626554,39.29964261869477],[-76.55459311446857,39.29972605628107],[-76.55424872285842,39.29979061919359],[-76.55385108415375,39.29990763194832],[-76.55382312680196,39.29991537951141],[-76.55348612833457,39.30000876826841],[-76.55325359294561,39.30007625291511],[-76.55298399740666,39.30015225511494],[-76.55264143660825,39.30025040692733],[-76.55214370651871,39.3003928008082],[-76.55161811592964,39.30057215614176],[-76.55113949016899,39.30073867977676],[-76.55080738611059,39.30085126123747],[-76.55056456896567,39.30093318998107],[-76.55050611129107,39.30095291368627],[-76.55039161705706,39.30099155238405],[-76.55021845018881,39.30105012809054],[-76.54986151679044,39.30118919865706],[-76.54946110155463,39.30131603123164],[-76.54944368257232,39.30132236523674],[-76.5491618328732,39.30142483815893],[-76.54882842761239,39.30154413320687],[-76.54857785725193,39.30162159002973],[-76.54822390834806,39.30173635557864],[-76.54792347207828,39.30182732071827],[-76.54769707415981,39.30189106272061],[-76.54738147980414,39.30198371649799],[-76.54704749901968,39.30208804085464],[-76.5467261266004,39.30218002295192],[-76.54651948727316,39.30223480428815],[-76.54651666679732,39.30223566804023],[-76.54628076797253,39.30230786300964],[-76.54621480384819,39.30232805101172],[-76.54610988131888,39.30235946418271],[-76.5459459823801,39.30257308294691],[-76.54580380626709,39.30275837998845],[-76.5455148039963,39.30314306054144],[-76.54513374878125,39.30362497411605],[-76.54477282570973,39.30409700290582],[-76.54442490167696,39.30458420648863],[-76.54398173675327,39.3052440328967],[-76.54362175432539,39.30582434006874],[-76.54335589593519,39.30628729080698],[-76.54310372682764,39.30672473058806],[-76.54299055446231,39.30692104951786],[-76.54287779888266,39.30711466857564],[-76.54326418467478,39.30730714721177],[-76.5432886388723,39.30731774690778],[-76.5433035702755,39.30732315634792],[-76.5433177421605,39.307328037692],[-76.5433323035686,39.30733274760255],[-76.54334879958519,39.30733735874006],[-76.5433630036361,39.30734102688182],[-76.54337609272577,39.3073428270197],[-76.54339115603223,39.3073430585001],[-76.54340507662744,39.30734267032022],[-76.54341905509844,39.30734067631099],[-76.54343496470358,39.30733804215815],[-76.54344969157012,39.30733632308228],[-76.54346243365292,39.30733655364158],[-76.54347548102103,39.30733943181426],[-76.5434877097577,39.30734466048725],[-76.54349991054151,39.30735098977728],[-76.54351136127788,39.30735658023251],[-76.54352318680036,39.30736248740804],[-76.54353501209295,39.30736843061182],[-76.5435472174938,39.3073745842669],[-76.54355980815677,39.30738086822567],[-76.54357163342073,39.30738681683015],[-76.54358574861843,39.30739384532988],[-76.54359836273714,39.30739918808291],[-76.54361060098876,39.30740420239934],[-76.54362477131757,39.30740987186385],[-76.54363699999044,39.30741511403216],[-76.54364957439003,39.3074212249724],[-76.5436625360926,39.30742732930856],[-76.54367415408055,39.30743432017599],[-76.54368612640482,39.30744210328422],[-76.54369873447611,39.30745055091749],[-76.54371158609979,39.30745898868604],[-76.54372296990074,39.3074666983452],[-76.54373550052779,39.30747619145433],[-76.54374222412642,39.30748305431851],[-76.54374746508795,39.30749131120417],[-76.54375565177851,39.30751117318997],[-76.54377546320305,39.30755194187643],[-76.54378195483467,39.30756458580623],[-76.543792131283,39.30758136681334],[-76.54379844271868,39.30759138253006],[-76.54380475084321,39.30760227377077],[-76.54381017888944,39.30761227164496],[-76.54381663574986,39.30762491543763],[-76.54382123601812,39.30763490199082],[-76.54382585107261,39.30764547409424],[-76.54383559299472,39.30766546101108],[-76.54384753361138,39.30768431159826],[-76.5438573834256,39.30769906282296],[-76.54386429149481,39.3077102392271],[-76.54386693222122,39.30771933452757],[-76.54386762371578,39.30772953920199],[-76.54386736864866,39.30773945195929],[-76.54386549022733,39.30774848017562],[-76.54386037777199,39.3077577345389],[-76.54385251964089,39.30776736016512],[-76.54384526747619,39.30777615133854],[-76.54384359220454,39.30778604236885],[-76.54385012011842,39.30779701642859],[-76.54385699285484,39.30780918082759],[-76.54385746041588,39.30781940985375],[-76.54385897344309,39.30782933577959],[-76.54386512858716,39.30783877890353],[-76.54387202865315,39.30784849784851],[-76.54387818032232,39.30785794095819],[-76.54388025814023,39.30786730610195],[-76.5438799835245,39.30787809522089],[-76.54388012203509,39.30788684572573],[-76.54388329354464,39.30789652227327],[-76.54388765759653,39.30790592331382],[-76.54389280438264,39.30791621103643],[-76.5439023929068,39.30792598455184],[-76.54391284774935,39.30793518674513],[-76.54392341177858,39.30794435873545],[-76.54393537023054,39.30795377573848],[-76.5439466400356,39.30796264060498],[-76.54395619076939,39.30797126099845],[-76.54396580018536,39.30798103368879],[-76.54397488325458,39.30799079893112],[-76.54398358328145,39.30800026903891],[-76.54399111193561,39.30800942744174],[-76.54399762412127,39.30801798559742],[-76.54400410891289,39.30802683729366],[-76.54401011072112,39.30803596995334],[-76.54401505983122,39.30804508771865],[-76.54402064165737,39.30805480153865],[-76.54402601927909,39.30806363542586],[-76.54403123227938,39.30807246597169],[-76.54403603289984,39.30808159667116],[-76.54404094866531,39.30809157362927],[-76.54404422562217,39.30810126499305],[-76.54405011817464,39.30811098181871],[-76.54405772640199,39.30811984958063],[-76.54406617168227,39.30812873049826],[-76.54407216100999,39.30813728211695],[-76.54407776881315,39.30814728607887],[-76.5440820849381,39.30815639327819],[-76.5440867056996,39.30816608895366],[-76.54409442647253,39.30817494634066],[-76.54410435823948,39.30818364116109],[-76.54411532692299,39.30819210130255],[-76.54412362221431,39.30820068888743],[-76.54412991094097,39.30820866157608],[-76.54413738907529,39.30821810981696],[-76.54414450932227,39.30822695676392],[-76.54415268645836,39.30823643023438],[-76.54416199538045,39.30824678363181],[-76.54417141981784,39.30825684382934],[-76.54418080410319,39.30826719841828],[-76.54419010072858,39.30827784271058],[-76.54419930523217,39.30828965132519],[-76.54420673485224,39.30829997581095],[-76.54421308226223,39.30831144906912],[-76.54421887951398,39.30832174830648],[-76.54422517065501,39.30833205486368],[-76.54423232437074,39.30834237287299],[-76.54424121656798,39.3083538866255],[-76.54424883502499,39.30836333540298],[-76.5442574773503,39.30837367810015],[-76.54426590639234,39.30838455321825],[-76.54427454277679,39.30839509946235],[-76.54428337308239,39.30840524021588],[-76.54429372422476,39.30841688572838],[-76.54430445812206,39.30842815080274],[-76.54431424532639,39.30843842137082],[-76.54432527734031,39.30844804281477],[-76.54433836368193,39.30845752449942],[-76.54435233584728,39.30846484329389],[-76.54436457500736,39.30846975304486],[-76.54437760698734,39.30847380114068],[-76.5443929385454,39.30847869855859],[-76.54440556875105,39.30848265952149],[-76.54441977734054,39.30848674820481],[-76.54443358058806,39.3084902218986],[-76.54445399351428,39.30849340955266],[-76.54446723868323,39.30849459495461],[-76.54448030410178,39.30849741003063],[-76.54449215912433,39.30850327938808],[-76.54450283719267,39.30850844068987],[-76.5445151665466,39.30851248874902],[-76.54452445954036,39.30851432358449],[-76.5445359465262,39.30851467256539],[-76.54454467533445,39.308514808184],[-76.54455444644739,39.30851441189071],[-76.54457662374826,39.30851151633571],[-76.54459014312276,39.30851171105177],[-76.54460363149428,39.30851312257043],[-76.54461694133958,39.30851795987986],[-76.54463041130545,39.30852314099715],[-76.54464296927598,39.30852788171102],[-76.54465379710102,39.30853301655665],[-76.54466516862914,39.30853870747428],[-76.54467692416091,39.30854508715726],[-76.5446892725908,39.30855158443346],[-76.54470032600007,39.30855788392831],[-76.54471025858552,39.30856376202841],[-76.54472152688653,39.30857054335868],[-76.54473275620516,39.30857743713164],[-76.54474525424395,39.30858501408975],[-76.54475530778397,39.30859119711083],[-76.54476605029234,39.30859842677881],[-76.54477771360928,39.30860616984216],[-76.54478841179194,39.30861380287603],[-76.54479858168062,39.30862209231659],[-76.54480851966871,39.30863092491587],[-76.54481736341366,39.30863844627547],[-76.54482777368997,39.30864631689131],[-76.54483812510888,39.30865288027812],[-76.54484922978327,39.30865950693244],[-76.54486226750659,39.30866700580075],[-76.5448728874396,39.30867310363176],[-76.54488376539949,39.30867928533089],[-76.54489508450055,39.30868538316549],[-76.54490545929984,39.3086910152529],[-76.54491519176077,39.30869664575253],[-76.54492653045662,39.30870366603627],[-76.54493639339542,39.30871028517102],[-76.54494696913345,39.30871767090821],[-76.54495767137855,39.30872521836995],[-76.54496726857614,39.30873205355568],[-76.54497948326902,39.30874079046833],[-76.54498986996317,39.3087490888382],[-76.5449986786429,39.3087564785373],[-76.54500869853591,39.30876466018812],[-76.54501438105882,39.30877027499787],[-76.54502425257745,39.30877772826029],[-76.54503577814303,39.30878255320851],[-76.54504649031269,39.30878584551914],[-76.54505562658898,39.30878970551044],[-76.54506635683961,39.30879505972452],[-76.54507642384809,39.3088007788792],[-76.54508536553702,39.30880677651456],[-76.54510158942023,39.3088168278283],[-76.54515889272477,39.30883154284525],[-76.54516985219469,39.30883532791569],[-76.54518456409701,39.30884104612365],[-76.54519682730158,39.30884656479239],[-76.54521294104306,39.30885282167125],[-76.5452303146533,39.30886060120105],[-76.54524876585668,39.30886722832513],[-76.54526633022208,39.30887383039617],[-76.54528218166976,39.30887922422495],[-76.54530383283831,39.30888624564449],[-76.54531784128274,39.30889408329958],[-76.54533412276723,39.30890293499386],[-76.54535400994483,39.30891147095912],[-76.54537269175053,39.30891595244934],[-76.54539307686026,39.30892079182182],[-76.54541223683631,39.30892556339823],[-76.54542915995692,39.30892801767554],[-76.545461695485,39.30893390928433],[-76.54547972598829,39.30894015102159],[-76.54549654078704,39.30894557737167],[-76.54551428398472,39.30895141985729],[-76.54553540472206,39.30895726729612],[-76.5455569419279,39.30896398647398],[-76.545578012839,39.30897145867987],[-76.54559740627805,39.3089796089713],[-76.54562134708306,39.30898814074948],[-76.54564042287539,39.30899230305049],[-76.54566197078299,39.30899500216732],[-76.54567992011437,39.30899726851472],[-76.54569629605037,39.30900025568808],[-76.54571197384691,39.30900670267387],[-76.5457241088139,39.30900853939334],[-76.54573448388904,39.3090049143176],[-76.54574252396013,39.30899438040816],[-76.5457464356751,39.30899172388155],[-76.54575471974277,39.30899052366814],[-76.54577044187435,39.3090018159949],[-76.54578721012085,39.30901252506885],[-76.54580031018693,39.30901810005354],[-76.5458156824898,39.30902318660081],[-76.54582632462812,39.30902909707267],[-76.54583309428531,39.30903606447851],[-76.54582864734728,39.3090478832511],[-76.54582593391318,39.30905425823696],[-76.54582127866406,39.30906112653896],[-76.54581783440948,39.30906628808125],[-76.54581759010935,39.30907311308102],[-76.54582001295252,39.30907879992308],[-76.54583327400725,39.30908422419881],[-76.54584816587432,39.30908973944711],[-76.54586530590329,39.30909544803739],[-76.54588128481294,39.30910068824756],[-76.54589858159993,39.30910781072803],[-76.54591358516203,39.30911037011195],[-76.54593210503928,39.30910792135583],[-76.54594899705091,39.30910818119128],[-76.54597662808213,39.30911624705134],[-76.5460310531562,39.30913380592195],[-76.54608023442067,39.3091530964854],[-76.54612413235053,39.3091701489552],[-76.54616250780325,39.30918410128924],[-76.54620505797742,39.30920358327194],[-76.54625186352601,39.30922414636667],[-76.54629760465149,39.30924743462927],[-76.54633957722505,39.3092644183323],[-76.54637969922402,39.30928485468749],[-76.54642099722815,39.30930289324684],[-76.54644508029214,39.30931640839726],[-76.54646382603855,39.30933068119779],[-76.54649506127096,39.30934829897064],[-76.54655944091363,39.30938108098767],[-76.54661288009925,39.30940726864503],[-76.54663615633055,39.30941659662236],[-76.54665527134428,39.30942771005705],[-76.54667419246283,39.30943832101841],[-76.54668898257167,39.30944780540626],[-76.5467068861451,39.30945943029324],[-76.54672138135528,39.30947024666091],[-76.54673932461573,39.30948056199402],[-76.54675842987351,39.30949121148365],[-76.54677671937033,39.30950214336402],[-76.54679508796367,39.30951303681397],[-76.5468125330746,39.30952455813071],[-76.54683108788443,39.30953661427059],[-76.54684696324119,39.30954865106715],[-76.54686362677772,39.30956145744573],[-76.54688240454267,39.30957564202703],[-76.54689723782727,39.30958781441576],[-76.54691332162233,39.30959989704467],[-76.54693032564514,39.30961240747626],[-76.54694536439786,39.3096250895791],[-76.54696041978268,39.30963825455021],[-76.54697568158338,39.30965087175362],[-76.54699389721544,39.30966502892812],[-76.54700792288563,39.30967639471311],[-76.54702363058105,39.30968818673338],[-76.54703976863908,39.30970031278997],[-76.5470539212302,39.30971268610569],[-76.54706830018462,39.30972556381572],[-76.54708035666576,39.30973644640151],[-76.54709500185854,39.30974812442423],[-76.54710834396137,39.30976013790933],[-76.54712230089953,39.30977228617372],[-76.54713477273758,39.30978494664875],[-76.54714855926423,39.30979727260318],[-76.5471592635726,39.3098100064313],[-76.54717352033734,39.30982441224286],[-76.54718448164193,39.309839027841],[-76.5471956967847,39.30985438483898],[-76.54720740835461,39.30986989867892],[-76.54722123696764,39.30988453613083],[-76.54723366201711,39.30989908260111],[-76.54724451365037,39.30991362661075],[-76.54725493604246,39.3099307496363],[-76.54726451315187,39.30994642188659],[-76.54727403052907,39.30996418636591],[-76.54728506504692,39.30997896437228],[-76.54729482486322,39.30999180984541],[-76.54730428741382,39.31000545044224],[-76.54731212074506,39.31002292559256],[-76.5473166080962,39.31004143903676],[-76.54731996980277,39.31006173344609],[-76.54732191601838,39.31007799151187],[-76.54732620631643,39.31008523391682],[-76.54734416707282,39.3100968427101],[-76.547353751572,39.31010518731735],[-76.5473656628326,39.31011994617364],[-76.54737066964758,39.31013555487122],[-76.54737363678794,39.31014300655801],[-76.54737411390353,39.31015236546585],[-76.5473738656284,39.31016147116895],[-76.54737593928841,39.31016884555197],[-76.54738371530179,39.31017695800121],[-76.54739768803289,39.31019155725315],[-76.54740485656133,39.31020637800523],[-76.54740836953488,39.31021787349253],[-76.54740934304638,39.31023102830282],[-76.54740899610417,39.31024269538035],[-76.54741608675913,39.3102551846709],[-76.54742520869399,39.31026461200239],[-76.54743415279368,39.31026920158006],[-76.54743949253729,39.31027697766756],[-76.54744494708636,39.31029510840511],[-76.54745368215184,39.31031864641307],[-76.54745927201789,39.31033592375269],[-76.54746922892369,39.31036459447726],[-76.54747079016271,39.31038068081325],[-76.54747682927848,39.31040187547471],[-76.54748347837517,39.31041887855764],[-76.54748903498582,39.31043428309233],[-76.54749510770374,39.31045457442207],[-76.5475029443611,39.31047372407794],[-76.54750677356655,39.31049181522473],[-76.54751333041906,39.31051037535994],[-76.54751855495844,39.3105269432935],[-76.54752390356298,39.31054223983486],[-76.54753265613925,39.31055849888109],[-76.54753629548065,39.31057472833037],[-76.54754067636006,39.3105904985461],[-76.5475480974518,39.31061881180526],[-76.54755247145874,39.31063784093435],[-76.54755675714874,39.31065581043235],[-76.54756193901065,39.3106745274061],[-76.54757187181247,39.31068863367867],[-76.54758067700506,39.31070282928774],[-76.54759154588267,39.31071869924241],[-76.54759652159686,39.31073538060957],[-76.54760650684982,39.31075453582618],[-76.54761684488889,39.31077110092083],[-76.54762487727632,39.31078629789563],[-76.54763268749581,39.31079851520978],[-76.54764643202819,39.31082346775672],[-76.54765511962013,39.31085046987564],[-76.54767247139829,39.31088560495485],[-76.54769418936397,39.31091882741445],[-76.54771243192535,39.31094319826188],[-76.54773607404506,39.31098289015216],[-76.54776706838751,39.31102844543778],[-76.54779260059196,39.31106704386378],[-76.54781642307789,39.31109828372339],[-76.54783297584933,39.31111745338066],[-76.54784647826624,39.31113220749609],[-76.54785600187681,39.31114122198812],[-76.54788354016344,39.31115398988799],[-76.54790348139441,39.31116146903198],[-76.54791930494811,39.3111708041051],[-76.54793729149027,39.31118115454369],[-76.54795481157474,39.31119046641346],[-76.547973593129,39.3112008838584],[-76.54799154658186,39.31120824184552],[-76.54801093455816,39.31121393174049],[-76.54803062920075,39.31121789786152],[-76.54805400069129,39.31121913261209],[-76.54807497063285,39.31122221638449],[-76.54809521530991,39.31122593510018],[-76.54811507755356,39.31123162319868],[-76.54813214827114,39.31123703663775],[-76.54815482235736,39.31124163211418],[-76.54817424969143,39.31124224006084],[-76.54819412581068,39.31124229396259],[-76.54821654734468,39.31124012106667],[-76.54824010546623,39.31123626902058],[-76.54826061817396,39.31123013175139],[-76.54827648305132,39.31122352353119],[-76.54829661528508,39.31121941149692],[-76.54831760569999,39.31121545948964],[-76.54833753045332,39.31121242755965],[-76.5483604556357,39.31120927654821],[-76.54838114527892,39.31120575934008],[-76.54839919136332,39.31120185545263],[-76.54841688463318,39.31119781959674],[-76.54843819784556,39.31119197361507],[-76.54845707065608,39.31118697757471],[-76.54847158618705,39.31117922018156],[-76.54848888023618,39.31117177701761],[-76.54850439862403,39.31117132321061],[-76.5485176940194,39.31117181115972],[-76.54853374953501,39.31117368246547],[-76.54854924902376,39.31117710814151],[-76.54856813833602,39.31117953618816],[-76.54858269191597,39.311182375436],[-76.5485943702673,39.31118661332238],[-76.54861074437279,39.31119162588125],[-76.54862936691852,39.31119206312055],[-76.54864601453771,39.31119236035999],[-76.54865925337165,39.3111902583987],[-76.54866904538233,39.31118535715544],[-76.5486853143873,39.31118301731944],[-76.54870009942969,39.31118337585544],[-76.54871410352442,39.3111852851967],[-76.5487271241979,39.31118685387657],[-76.54873573808865,39.31119070616634],[-76.54875012289365,39.31119437704498],[-76.5487627282415,39.31119579820331],[-76.54876481310284,39.31120198630455],[-76.54876730807892,39.31122353749466],[-76.54876986355825,39.31123521571676],[-76.54877899595128,39.31125143018512],[-76.54879236625193,39.31125800750962],[-76.54880916192349,39.31126000502334],[-76.54882796459903,39.31126038167115],[-76.54884731288917,39.31126284476292],[-76.5488636577074,39.31126918579079],[-76.54887617214203,39.3112792502542],[-76.54888888161904,39.31128909477949],[-76.54890564937668,39.31130058615327],[-76.54891790476788,39.31130963266281],[-76.54893613726108,39.31132363646201],[-76.54895444010543,39.31133387266088],[-76.54897116358775,39.31134120776139],[-76.54899260045431,39.31134910050294],[-76.54901191618214,39.31135504757134],[-76.54903239755123,39.31136003259735],[-76.54905247152827,39.3113612517921],[-76.54907367789301,39.31136163221996],[-76.54909160853776,39.31136074802222],[-76.54910944200458,39.31135800518678],[-76.54912765956162,39.31135612854926],[-76.54914634748791,39.31135394925757],[-76.54916360059802,39.31135129966756],[-76.54918182514044,39.31134887088427],[-76.54920074462937,39.31134637990961],[-76.54921822050082,39.31134261422722],[-76.54923553836998,39.31133816696371],[-76.54925172077154,39.31133394863839],[-76.5492717361188,39.31132815517605],[-76.54929042301208,39.31132230527199],[-76.54930822466899,39.31131799676843],[-76.54932874184166,39.31131278801095],[-76.54934631939938,39.3113108998775],[-76.54936514678609,39.31130848508752],[-76.54938094666606,39.31130826013572],[-76.5494003687317,39.31130860663979],[-76.54941798279155,39.31131028022953],[-76.54943961301397,39.31131347888439],[-76.54946263517819,39.31131458861142],[-76.54948147407343,39.31131492475942],[-76.54950221815588,39.31131524568922],[-76.54952455008238,39.31131421616198],[-76.549544551084,39.31131304978796],[-76.54956570737301,39.31131017640014],[-76.54958891675794,39.31130572464449],[-76.54960904065072,39.31130456053202],[-76.54963021717714,39.31130288161423],[-76.54964562623326,39.31130193632477],[-76.5496626407712,39.31130179255449],[-76.54967664158295,39.31130203536744],[-76.54969236481614,39.31130091562814],[-76.54970336434248,39.31129410751956],[-76.54971377004041,39.31128677559608],[-76.54972838802067,39.31128112621275],[-76.54974252414179,39.31127905008658],[-76.54975799550914,39.31127705563902],[-76.54977070691844,39.31127711785285],[-76.54978621398962,39.31127735291237],[-76.54980205237794,39.31127763607857],[-76.54981749167285,39.311277953744],[-76.54983238604741,39.31127826301461],[-76.54984763391981,39.31128097145308],[-76.54986359753413,39.31128216845842],[-76.54987933049041,39.31128335196751],[-76.5498940548072,39.3112850612563],[-76.54990394032401,39.31128880033156],[-76.54991563226773,39.31129529633645],[-76.54992521029465,39.31130308944098],[-76.54993701122531,39.31130812573372],[-76.54995255492651,39.31130861942891],[-76.54996753574106,39.311313214816],[-76.54998420756635,39.3113148189571],[-76.54999781258449,39.31131494221687],[-76.55001149636691,39.31131398216582],[-76.55002718463992,39.31131179304916],[-76.55004240996959,39.31131184324156],[-76.55005694063207,39.31131209434331],[-76.55007125192913,39.31131201402548],[-76.55008175365705,39.31131220285882],[-76.5500890439163,39.31131178039218],[-76.55009849353132,39.31130527437163],[-76.55010340737446,39.31130128481508],[-76.55011351162879,39.31130180090019],[-76.55012191791658,39.31130366432206],[-76.55013434639186,39.31130391187008],[-76.55014485994222,39.31130406471276],[-76.55015889981421,39.31130381670508],[-76.55017288476687,39.3113038179953],[-76.55018400834732,39.31130358584399],[-76.55019674570477,39.31130357965351],[-76.55020705033546,39.31130376501896],[-76.55021762599577,39.31130399735947],[-76.55022719237931,39.31130412495123],[-76.55023727414797,39.3113043472928],[-76.55024806715313,39.31130449849355],[-76.55025765065494,39.31130466938468],[-76.55026775355165,39.31130485127044],[-76.55027874455003,39.31130504736318],[-76.55028848340669,39.31130522154868],[-76.55029649825435,39.31130536481535],[-76.55030809561531,39.31130557133264],[-76.55031688493459,39.31130572837071],[-76.55032671749319,39.31130611999408],[-76.55033684737853,39.31130661724216],[-76.55034209328331,39.31130968818007],[-76.55034762891515,39.31131680642748],[-76.55035606905982,39.31132009766219],[-76.55036683683913,39.31132075317946],[-76.5503837607407,39.31131606824124],[-76.55039739910713,39.31131330915948],[-76.55041125567907,39.31131015007406],[-76.55042886957376,39.31130801240808],[-76.55047782605295,39.3113057514348],[-76.55051003227636,39.311303647958],[-76.55056145388465,39.31130449768594],[-76.55060024518204,39.31131115040854],[-76.55064771405985,39.31132443344585],[-76.55069098765478,39.31133609437325],[-76.55073956341724,39.31135201722068],[-76.55076575637617,39.31135357568174],[-76.55078859990567,39.31135158946454],[-76.55081581938671,39.31135071348891],[-76.55083845599295,39.31135173950362],[-76.5508652978109,39.31136252687761],[-76.55089933202709,39.31138871225226],[-76.55091602936378,39.31141467463183],[-76.55092397235076,39.31142891442946],[-76.5509114837193,39.311513965728],[-76.55091154471971,39.31153253056416],[-76.55091149565678,39.3115514471756],[-76.55091129646959,39.3115856472588],[-76.55090453101309,39.31164601175833],[-76.55089217024671,39.31171159547685],[-76.55088135145716,39.31175010923148],[-76.5508725657194,39.31177134793052],[-76.5508508145512,39.31181064679326],[-76.55084214586047,39.31182658408144],[-76.55083359026611,39.31185487117939],[-76.55082118087117,39.3118969953865],[-76.55081315513326,39.31191466998769],[-76.55080207473156,39.31193040349038],[-76.55078854694349,39.31195632690743],[-76.55077238682544,39.31198850322302],[-76.55076024860118,39.31202496900301],[-76.55074596367014,39.31206845337932],[-76.55072891923156,39.31211172363238],[-76.55071331653238,39.31214778343109],[-76.55070073709635,39.31217408427651],[-76.5506904546689,39.31219562979982],[-76.55068086684916,39.31222284013574],[-76.55066923897083,39.3122479222885],[-76.55065107925599,39.31227760575105],[-76.55061727486303,39.31233202451904],[-76.55057020469248,39.31240245934244],[-76.55051446868808,39.31247827995276],[-76.5504986515179,39.31250369285459],[-76.55048796846326,39.3125247648294],[-76.550474485507,39.31254303104443],[-76.55045853919988,39.31256192196726],[-76.55041747227838,39.3126008009591],[-76.55039054852244,39.31262354024335],[-76.55036135437682,39.31264591233315],[-76.55029859739361,39.31269423199081],[-76.55029178374683,39.31269974557046],[-76.55028243983435,39.31270400191848],[-76.55027594385318,39.31270732877473],[-76.5502684491954,39.31271655536845],[-76.55025923625841,39.31272977834871],[-76.55023695501417,39.31276406685255],[-76.55016897695121,39.31283131297453],[-76.5501596266885,39.31283674927979],[-76.55014985892382,39.31283981949961],[-76.55013347555673,39.31284130788551],[-76.55012803021374,39.31284278950192],[-76.55012260809987,39.31284682395162],[-76.55008367371843,39.31289092637009],[-76.55007918341623,39.31289667762455],[-76.55006945228247,39.31290292764916],[-76.55005492579443,39.31290927731158],[-76.55003874543488,39.31291641420626],[-76.55002818949067,39.31292528046984],[-76.55001030636328,39.31294365048289],[-76.54999821415078,39.31295432228275],[-76.54998384771557,39.31296212546982],[-76.54997535799082,39.31296607070028],[-76.54990676334465,39.3130185851334],[-76.54979951712083,39.31309488456336],[-76.54975873179167,39.3131305811259],[-76.5497362852395,39.31315450479245],[-76.54970799117804,39.3131910103364],[-76.54968171167914,39.31322963586745],[-76.54964524978851,39.3132721496696],[-76.54960024762821,39.31332508941352],[-76.54955375503735,39.31337826482946],[-76.54951802577536,39.31342115251078],[-76.54951094179962,39.31342466172547],[-76.54950147517047,39.31342503167659],[-76.54949258380384,39.31343031025349],[-76.54948708908752,39.31343900671128],[-76.54948038315837,39.3134514537797],[-76.54945940996637,39.3134655593887],[-76.54945215420868,39.31347657664821],[-76.54943338996205,39.31352061115307],[-76.54941374061085,39.31357656107166],[-76.54940259353474,39.31361109206967],[-76.5494024269412,39.31361723639214],[-76.54940352627187,39.31362215243286],[-76.5494095281186,39.31362763042756],[-76.54944939882677,39.31364324838579],[-76.54947037487439,39.31365607901392],[-76.54948669623242,39.31367058881928],[-76.54949980012266,39.31368523401219],[-76.54951754635609,39.31370744714064],[-76.54953797178952,39.31373923927266],[-76.54955475059178,39.31375840953424],[-76.54956940294278,39.31378083868665],[-76.54957699047095,39.31378367632757],[-76.54958344798787,39.31378368756673],[-76.54958802635105,39.31377905721103],[-76.5495889202749,39.31377122225409],[-76.54957741169656,39.31369965177114],[-76.54955858238361,39.31360424172567],[-76.549545935287,39.31354598005393],[-76.54954674164321,39.31353915270773],[-76.54954873119918,39.31353426201964],[-76.54955254847498,39.31353024306369],[-76.54955771275475,39.3135279298991],[-76.54956281463127,39.31352777380713],[-76.54957121773572,39.3135312730279],[-76.5495745624881,39.31353337019873],[-76.54958694459862,39.31357201417553],[-76.54959730365702,39.31359544832841],[-76.54960899078637,39.31361444233658],[-76.54962657676869,39.31363797264166],[-76.54965406876758,39.31365768386669],[-76.54967511004183,39.31366919690121],[-76.54969214759832,39.3136733696381],[-76.54970416678032,39.31367349496015],[-76.54971525677288,39.31367368067428],[-76.54972101162251,39.31367569519838],[-76.54972411800162,39.31367862915499],[-76.54972312383431,39.31368545308023],[-76.54971840706168,39.31369289146975],[-76.54970830183875,39.31369740517306],[-76.54969087063594,39.31370299693238],[-76.54968166916957,39.3137094462192],[-76.54966308211087,39.31371554967867],[-76.54965054558141,39.3137161826084],[-76.54963158750901,39.31371442734197],[-76.54962269787744,39.31371176036176],[-76.54961405656481,39.31371125704894],[-76.54960860773424,39.31371272781874],[-76.54960541769269,39.31371639428222],[-76.54961072085034,39.31373712930474],[-76.5496120295017,39.31376824374787],[-76.54960505726888,39.31379705834872],[-76.54961398798811,39.31385441942178],[-76.54962306264731,39.31387852961959],[-76.54964410137704,39.31391820570062],[-76.54965795106762,39.31395857663475],[-76.54967378507908,39.31399086727851],[-76.54968267836827,39.31400465050375],[-76.54968457848263,39.3140187753405],[-76.54968494177319,39.31405505830083],[-76.54969240732929,39.31409390860892],[-76.54969285872215,39.31412471800935],[-76.54968886797607,39.31416755440155],[-76.54968387718661,39.31422105912262],[-76.54968133314047,39.31423931220954],[-76.54966678421717,39.3142739788146],[-76.54965310599825,39.31433641727106],[-76.54963538812929,39.31439643252202],[-76.54960666446605,39.314465437473],[-76.54956839219396,39.31455699678531],[-76.5495356499103,39.31463047207928],[-76.54951726412035,39.31469338157955],[-76.54951534313543,39.31469586931066],[-76.54951280874285,39.31469799078476],[-76.54950702062212,39.31470065375115],[-76.54948899802869,39.3147041975953],[-76.54947169445106,39.31470955381252],[-76.54946588244148,39.31471305619012],[-76.54945554876001,39.31472357073396],[-76.54943594672366,39.3147508542509],[-76.54941280961984,39.31480324359946],[-76.54941012756932,39.31480852796106],[-76.54938196493546,39.31486400113886],[-76.54935561908614,39.31492188269196],[-76.54933592041054,39.31496381031454],[-76.54932573367931,39.31500611309571],[-76.54931506280286,39.31503902093338],[-76.54930745818626,39.31506494255456],[-76.54930542634507,39.31508049082122],[-76.54930890647942,39.31509778697622],[-76.54931814223129,39.31512502162834],[-76.54932495978777,39.31514904661927],[-76.54932731845909,39.31516217067397],[-76.54932632684333,39.31517807152232],[-76.54929965087555,39.31523897202721],[-76.5492953704785,39.31524286219051],[-76.54928816203432,39.31524658529319],[-76.54928417540796,39.3152509602888],[-76.54928049785593,39.31527238598134],[-76.54928245334015,39.31527998145061],[-76.54928636605619,39.31528376882349],[-76.54929383137201,39.31528761395818],[-76.54929654857885,39.31528993842154],[-76.54929395379251,39.31530009800651],[-76.54928982874911,39.31530399236838],[-76.54928235502423,39.31530603094006],[-76.54926152367253,39.31530484401499],[-76.54925662027568,39.31530896328163],[-76.54925658220819,39.31531604668162],[-76.54926010973921,39.3153315415064],[-76.54926462721079,39.31533596262946],[-76.54926839388057,39.31533828121028],[-76.5492681316598,39.31534341361355],[-76.54925274893965,39.31538349410637],[-76.54924819016792,39.31538629959057],[-76.54924183752421,39.31538691476126],[-76.54923214551903,39.31539095711028],[-76.54923002367055,39.3153951221744],[-76.54923610297513,39.31542127192268],[-76.54923918145431,39.31542732690311],[-76.54923853890251,39.31543391617144],[-76.54923639391392,39.31543880265246],[-76.54921350662245,39.31546752374353],[-76.54920772586543,39.31548452135491],[-76.54921142804876,39.31549589048691],[-76.54921453783548,39.31550650611579],[-76.54921436251604,39.31551858007813],[-76.54920697903673,39.31553523916246],[-76.5491884023977,39.31557464263526],[-76.54916774415391,39.31562008399368],[-76.54916431629363,39.315630133189],[-76.54916428661525,39.31564136730417],[-76.54916433329974,39.31567013763019],[-76.54916372223535,39.31569055902759],[-76.54848700038588,39.31610699988046],[-76.54817861651179,39.31628123327501],[-76.54811582668289,39.31623497764138],[-76.54780834268041,39.31600655761046],[-76.54760874868384,39.3158578213565],[-76.5472939656877,39.31565197361527],[-76.54696685024118,39.31548202394667],[-76.54666096460123,39.31542602614824],[-76.54655503112818,39.31541741246573],[-76.54635693212668,39.31541811436906],[-76.54616090903849,39.3154405177681],[-76.54597095126029,39.31548416789162],[-76.54558802435442,39.31561893263234],[-76.5451508494085,39.31575545703037],[-76.54488000356757,39.3158398109291],[-76.54472709529125,39.31588743253513],[-76.54458204997881,39.31593740836429],[-76.54427406948814,39.31602240691895],[-76.5440540817346,39.31609645150625],[-76.5438760219054,39.31613161874992],[-76.54369313532858,39.31614521098776],[-76.54350974720091,39.31613690991626],[-76.54348253064394,39.31613378846284],[-76.54333491102773,39.31611242277476],[-76.54305724137203,39.31605705579162],[-76.54284677810928,39.31602069433895],[-76.54247937755302,39.31593869463229],[-76.54198597126374,39.31583108966686],[-76.54144809138609,39.31569408855978],[-76.54112251025256,39.31561851522206],[-76.54082018940795,39.31552494737711],[-76.54052946040596,39.31541136422328],[-76.54025251763581,39.31527861933801],[-76.54003403836026,39.31516289093187],[-76.53996700478882,39.31512738283937],[-76.5397668066549,39.31501067070261],[-76.53958696377721,39.31489816523483],[-76.53940160923221,39.31474846635533],[-76.53930464171134,39.31468157708552],[-76.53901782679795,39.31448372887408],[-76.53887864365907,39.31435903961152],[-76.53864442708228,39.31414921499994],[-76.53845526192583,39.31398038915756],[-76.53829824090312,39.31413798491498],[-76.53799288752745,39.31443861588155],[-76.53767334276307,39.31475599923096],[-76.53730690840331,39.31511784309613],[-76.53698169806664,39.31544100759333],[-76.53671945508685,39.31569888756981],[-76.53646635669666,39.31594937718052],[-76.53627077307021,39.31614643423262],[-76.53607509879669,39.3163391012075],[-76.53587316917988,39.31653911223358],[-76.53541010402368,39.31700350592951],[-76.5353378135929,39.31707448886704],[-76.53525151983257,39.31715922137374],[-76.53508439710862,39.31732389056719],[-76.53503508228694,39.31737248132729],[-76.53486730011183,39.317544718452],[-76.53455290062239,39.31785994807142],[-76.53446769020441,39.31795406835726],[-76.53437731037864,39.31805624337693],[-76.53431137127154,39.31813078629953],[-76.53410644349688,39.31832068846778],[-76.53392340113177,39.31849814034529],[-76.53378417909155,39.31864443838261],[-76.53357076874438,39.31885784179899],[-76.53340434639692,39.31901003585982],[-76.53313842882287,39.31927778968218],[-76.53296147491191,39.31945392749293],[-76.53274052600401,39.31966969542058],[-76.53234267479448,39.32005732770352],[-76.532202425745,39.32019521388428],[-76.5319633231431,39.32043368186348],[-76.53150539588945,39.32087779256741],[-76.53126108404416,39.3211301099541],[-76.53109696527952,39.32128646325245],[-76.53101957903796,39.32136018666158],[-76.53079782656347,39.32157940294847],[-76.53052481121125,39.32184655491155],[-76.53033057225211,39.32203663988126],[-76.53006301536709,39.32227617469134],[-76.52984662370021,39.32247202517605],[-76.52973034661576,39.32258542172784],[-76.52973367078071,39.3196576005487],[-76.52973575186383,39.31782502324322],[-76.52973586775713,39.31772291846619],[-76.52973796212277,39.31587765386615],[-76.52974077640923,39.31339801641396],[-76.52974281277406,39.3116044724735],[-76.52974441466191,39.31019327709271],[-76.52974510794522,39.3095826853629],[-76.5297463617238,39.30847769443435],[-76.52974700410795,39.3079120185354],[-76.52974738020592,39.30757972008221],[-76.52974925619453,39.30592746638746],[-76.52974948155445,39.30572841021081],[-76.52974958810708,39.30563417765992],[-76.52975277241924,39.30282826501809],[-76.52975457481467,39.30124040405234],[-76.52975606606564,39.29992608337657],[-76.52975709990127,39.29901508715669],[-76.52975743192896,39.29872194554235],[-76.52975753014728,39.29863561153743],[-76.52975803200638,39.29819374850259],[-76.52975940663758,39.29698215717067],[-76.52975956677668,39.29684084265094],[-76.52976105643651,39.29552743180143],[-76.52976389295414,39.29302756964643],[-76.52976418270418,39.2927713982619],[-76.52976452116299,39.29247308033838],[-76.52976523662025,39.29184265062319],[-76.52976627609821,39.29092604406306],[-76.5297672569332,39.2900616470975],[-76.52976818072179,39.28924747088626],[-76.52976955928646,39.28803243270509],[-76.52977319347178,39.28482841473557],[-76.52977400611643,39.28411160056101],[-76.5297759610105,39.28238778681759],[-76.52977654913968,39.28186886775023],[-76.52977694473311,39.28152064303683],[-76.52977806266777,39.28053444256393],[-76.52977918940336,39.27954113839244],[-76.52977975497915,39.27904205278465],[-76.52978025367848,39.27860202112092],[-76.52978125733479,39.27771768801068],[-76.52978224797877,39.27684335854168],[-76.52978306829772,39.27612063547355],[-76.5297844013573,39.27494403446816],[-76.52978499987734,39.27441653268655],[-76.52978567676094,39.27381914593228],[-76.52978630672216,39.27326381306088],[-76.52978650689975,39.2730872353243],[-76.52978734875211,39.27234516033269],[-76.52979034161868,39.26970546333656],[-76.52979684417211,39.26396934749823],[-76.52979796913449,39.26297622676659],[-76.5297986401425,39.2623845885201],[-76.52979951474835,39.26161322096069],[-76.52980038710928,39.26084341335658],[-76.52980137200957,39.25997407253966],[-76.52980220027312,39.25924361732553],[-76.52980237840909,39.25908556856417],[-76.52980323454423,39.2583306167709],[-76.52980410865037,39.25755930865759],[-76.52980473810908,39.2570041803375],[-76.52980629949404,39.25562633561157],[-76.52980673130827,39.25524531483201],[-76.52980971418096,39.25261249203399],[-76.52981213301275,39.25047821210663],[-76.52981385648788,39.24895675403397],[-76.52981540114257,39.24759327072356],[-76.52981597440107,39.24708717249127],[-76.52981788938261,39.24539773977359],[-76.52981956631646,39.24391684756208],[-76.5298200462388,39.24349373783537],[-76.52982071104108,39.24290700008412],[-76.52982290636839,39.24096883319244],[-76.52982328819429,39.24063118392716],[-76.5298237324305,39.24023898923041],[-76.53170313746162,39.23961509112026],[-76.53171611750908,39.23961076422243],[-76.53172909641445,39.23960643461624],[-76.53174207301943,39.23960210229714],[-76.53175504962874,39.23959776907586],[-76.53176802624243,39.23959343495235],[-76.53178100170219,39.23958909992205],[-76.53179397830675,39.23958476669647],[-76.53180695490974,39.2395804334694],[-76.53181993265163,39.2395761029478],[-76.53183291269082,39.23957177513623],[-76.53184589386886,39.2395674500301],[-76.53185887733228,39.23956312943555],[-76.53187186307507,39.23955881425335],[-76.53188485226161,39.23955450358728],[-76.53189784487988,39.23955019923893],[-76.53191084092998,39.23954590120825],[-76.5319238392714,39.23954160678839],[-76.53193683759937,39.23953731416858],[-76.53194983822455,39.23953302425883],[-76.53196283999463,39.23952873615374],[-76.53197584175126,39.23952444984874],[-76.53198884465276,39.23952016534838],[-76.53200184986341,39.23951588175662],[-76.5320148538963,39.239511600861],[-76.5320278602443,39.2395073199732],[-76.53204086657884,39.23950304088547],[-76.53205387290588,39.23949876269704],[-76.53206688038966,39.23949448451178],[-76.53207988670763,39.23949020722118],[-76.5320928953347,39.23948593083913],[-76.53210590280196,39.23948165445105],[-76.53211891026758,39.23947737806148],[-76.53213191773759,39.23947310076979],[-76.53214492520007,39.23946882437733],[-76.53215793266695,39.23946454708268],[-76.53217093897987,39.23946026888124],[-76.53218394529718,39.2394559897776],[-76.53219695161884,39.23945170977173],[-76.53220995678659,39.23944742885907],[-76.53222296195868,39.23944314704422],[-76.53223596483038,39.23943886251637],[-76.5322489677005,39.23943457798713],[-76.53226196942849,39.23943029074957],[-76.53227497001447,39.23942600080369],[-76.53228797060477,39.23942170995561],[-76.5323009688947,39.23941741639454],[-76.53231396488421,39.23941312012059],[-76.53232696088995,39.23940882114293],[-76.53233995574175,39.23940452125845],[-76.53235294944554,39.23940021956641],[-76.53236594315369,39.2393959169722],[-76.53237893571972,39.23939161166965],[-76.53239192713178,39.23938730546023],[-76.53240491739587,39.23938299744333],[-76.53241790651779,39.23937868671807],[-76.53243089449767,39.23937437328454],[-76.53244388017121,39.23937005803877],[-76.53245686470856,39.23936573918401],[-76.53246984810977,39.23936141672012],[-76.53248282921054,39.2393570915433],[-76.53249580801685,39.23935276275282],[-76.53250878452866,39.23934843034864],[-76.53252175991025,39.23934409343466],[-76.53253473183902,39.23933975290242],[-76.53254770147922,39.23933540785568],[-76.53256066883682,39.23933105739378],[-76.53257363390583,39.23932670241746],[-76.53258659552796,39.2393223429221],[-76.5325995525627,39.23931797620085],[-76.53261250274089,39.23931359503843],[-76.53262544719699,39.23930920304245],[-76.53263838477282,39.23930480020833],[-76.53265131776716,39.23930038924756],[-76.53266424618002,39.23929597016012],[-76.5326771723102,39.23929154565753],[-76.53269009614584,39.23928711754129],[-76.53270301883343,39.23928268761747],[-76.53271594037298,39.23927825588611],[-76.53272886305733,39.23927382595943],[-76.53274178688652,39.23926939783748],[-76.53275471184281,39.23926497422243],[-76.53276764139515,39.23926055602897],[-76.53278057437336,39.23925614505387],[-76.5327935130823,39.23925174310797],[-76.53280645751001,39.23924735199274],[-76.53281940765069,39.23924297260888],[-76.53283236695543,39.23923860857327],[-76.53284534001017,39.23923426711042],[-76.5328583256566,39.23922994821567],[-76.53287132160177,39.23922564827675],[-76.53288432785757,39.23922136549222],[-76.53289733982044,39.2392170953398],[-76.53291035749621,39.23921283691881],[-76.53292337975032,39.23920858662156],[-76.53293640311966,39.23920434263274],[-76.53294944129664,39.23920013653406],[-76.53296336870166,39.23919950915597],[-76.53297329551505,39.23920675576683],[-76.53298142011884,39.23921573730995],[-76.53298955517911,39.23922471439015],[-76.5329977053529,39.23923368342289],[-76.53300587877794,39.23924263993668],[-76.53301408126359,39.23925158125224],[-76.53302231863698,39.2392605019881],[-76.53303058973391,39.23926940304042],[-76.53303886664222,39.2392783014129],[-76.53304714587517,39.23928719889327],[-76.53305542860294,39.23929609368457],[-76.5330637136553,39.23930498758371],[-76.53307200103822,39.23931387969],[-76.53308029075173,39.23932277000335],[-76.5330885827839,39.23933166032532],[-76.53309687714665,39.23934054885437],[-76.5331051726757,39.23934943648666],[-76.53311347052941,39.23935832322686],[-76.53312176839111,39.23936720906563],[-76.53313006857742,39.23937609401226],[-76.53313836992415,39.23938497896291],[-76.5331466724372,39.23939386301682],[-76.5331549749523,39.23940274707009],[-76.53316327747542,39.23941163022199],[-76.53317158115891,39.23942051337793],[-76.53317988483857,39.23942939743398],[-76.53318818852622,39.23943828058866],[-76.53319649221595,39.23944716374275],[-76.53320479474945,39.23945604689163],[-76.53321309727912,39.23946493094062],[-76.53322139980493,39.23947381588979],[-76.53322970001624,39.23948270082911],[-76.53323800022955,39.23949158576784],[-76.5332462981165,39.23950047249827],[-76.53325459484716,39.23950935922348],[-76.53326289041568,39.23951824684422],[-76.53327118598037,39.23952713536508],[-76.53327948038883,39.23953602388074],[-76.53328777479935,39.23954491239584],[-76.53329606805366,39.23955380090567],[-76.53330436131,39.23956268941489],[-76.53331265456252,39.23957157882429],[-76.53332094781709,39.23958046823304],[-76.53332924107379,39.23958935764121],[-76.5333375343325,39.2395982470488],[-76.53334582644096,39.23960713555037],[-76.53335411970383,39.23961602495674],[-76.53336241296884,39.23962491436245],[-76.53337070623587,39.23963380376758],[-76.53337899951094,39.23964269227134],[-76.53338729278212,39.23965158167528],[-76.53339558721964,39.23966047018241],[-76.53340388165925,39.23966935868895],[-76.53341217610686,39.23967824629413],[-76.53342047170894,39.23968713480409],[-76.53342876731901,39.23969602241266],[-76.53343706409542,39.23970490912443],[-76.53344536203217,39.23971379584024],[-76.53345365997106,39.23972268255547],[-76.53346195907623,39.23973156837387],[-76.5334702581835,39.23974045419175],[-76.53347855961542,39.2397493391174],[-76.53348686105528,39.23975822314172],[-76.5334907086893,39.23976233966946],[-76.53349516365559,39.23976710716999],[-76.53350346742224,39.23977599030156],[-76.53351177235515,39.23978487253633],[-76.53352007845442,39.23979375387436],[-76.53352838571406,39.23980263521639],[-76.5335366941341,39.23981151656239],[-76.53354500256219,39.23982039700702],[-76.53355331215657,39.23982927655494],[-76.53356162175298,39.23983815610219],[-76.5335699336682,39.23984703565804],[-76.53357824443304,39.23985591430795],[-76.53358655752253,39.23986479206571],[-76.53359487060818,39.23987367072359],[-76.53360318370778,39.23988254757934],[-76.53361149796184,39.23989142533985],[-76.5336198122239,39.23990030219903],[-76.53362812764634,39.23990917906215],[-76.53363644191256,39.23991805592004],[-76.53364475849749,39.23992693278658],[-76.53365307393207,39.23993580874715],[-76.53366138936289,39.2399446856078],[-76.53366970595995,39.23995356157174],[-76.53367802255917,39.23996243753508],[-76.5336863391604,39.23997131349778],[-76.53369465576375,39.23998018945988],[-76.53370297236914,39.23998906542135],[-76.53371128897666,39.23999794138221],[-76.5337196044279,39.24000681733788],[-76.53372792103957,39.24001569329752],[-76.53373623764737,39.24002457015733],[-76.53374455310484,39.24003344611116],[-76.53375286855854,39.2400423229651],[-76.53376118401427,39.24005119981848],[-76.53376949831375,39.2400600766666],[-76.53377781377363,39.24006895351872],[-76.53378612691304,39.24007783126179],[-76.53379444121877,39.2400867081081],[-76.53380275435637,39.24009558675074],[-76.53381106634373,39.24010446448735],[-76.53381937832718,39.24011334312414],[-76.5338276891485,39.24012222265648],[-76.53383599997188,39.24013110218819],[-76.53384430963905,39.24013998171468],[-76.533852618144,39.24014886213674],[-76.5338609266511,39.24015774255815],[-76.53386923283762,39.24016662387054],[-76.53387753902035,39.24017550608306],[-76.53388584404686,39.24018438829041],[-76.53389414906948,39.24019327139786],[-76.53390245177162,39.24020215539627],[-76.53391075331756,39.24021103938947],[-76.53391905370127,39.24021992427822],[-76.53392735292283,39.24022881006246],[-76.53393565214057,39.24023769674692],[-76.53394394904375,39.24024658342155],[-76.53395224362642,39.24025547098713],[-76.53396053820518,39.24026435945283],[-76.53396883045764,39.24027324971025],[-76.5339771215538,39.24028213996246],[-76.53398541148776,39.2402910311102],[-76.53399370025963,39.24029992315354],[-76.5340019867109,39.24030881608776],[-76.53401027084178,39.240317709913],[-76.53401855497468,39.24032660373761],[-76.53402683678115,39.24033549935387],[-76.53403511742547,39.24034439586571],[-76.53404339690762,39.24035329327315],[-76.53405167407524,39.24036219067074],[-76.53405995123896,39.24037108896849],[-76.53406822608221,39.24037998815715],[-76.53407650092161,39.24038888824604],[-76.53408477344642,39.24039778832509],[-76.53409304596147,39.24040669020501],[-76.53410131616191,39.24041559207514],[-76.53410958636447,39.24042449394469],[-76.53411785424652,39.24043339670518],[-76.53412612212472,39.24044230036585],[-76.5341343899991,39.24045120492662],[-76.53414265556475,39.24046010857688],[-76.53415091996237,39.24046901402343],[-76.53415918436204,39.24047791946938],[-76.5341674487638,39.24048682491473],[-76.53417571084506,39.24049573125099],[-76.53418397292245,39.24050463848745],[-76.53419223500788,39.24051354482253],[-76.53420049592518,39.24052245295393],[-76.53420875685046,39.24053136018398],[-76.5342170166136,39.24054026830958],[-76.53422527522044,39.24054917642994],[-76.53423353498772,39.24055808455432],[-76.53424179359284,39.24056699357428],[-76.53425005104165,39.24057590258901],[-76.53425830965088,39.24058481160775],[-76.5342665671039,39.24059372062126],[-76.53427482455304,39.24060263053497],[-76.53428308085182,39.24061153954267],[-76.53429133830511,39.24062044945513],[-76.53429959460803,39.24062935846169],[-76.53430785206545,39.24063826837293],[-76.53431610836664,39.24064717827903],[-76.5343243658282,39.24065608818908],[-76.53433262213944,39.24066499719318],[-76.53434087960521,39.24067390710204],[-76.53434913707299,39.24068281701028],[-76.53435739339044,39.24069172601256],[-76.53436565086828,39.24070063501889],[-76.53437390950656,39.24070954402917],[-76.53438216698855,39.24071845303423],[-76.53439042563093,39.24072736204332],[-76.53439868427544,39.24073627105177],[-76.53440694292792,39.24074517915889],[-76.53441520274075,39.24075408727001],[-76.53442099530734,39.24076033460987],[-76.53442346255569,39.24076299538051],[-76.53443172353695,39.24077190259426],[-76.53443998219184,39.24078081159971],[-76.53444823969041,39.24078972059997],[-76.53445649486848,39.24079863049121],[-76.53446475003679,39.24080754218333],[-76.53447300405477,39.24081645296952],[-76.53448125574636,39.24082536554737],[-76.53448950743993,39.24083427812466],[-76.53449775797731,39.24084319069677],[-76.5345060085108,39.24085210416902],[-76.53451425788215,39.24086101853683],[-76.53452250726146,39.24086993200324],[-76.53453075547861,39.24087884636524],[-76.53453900485617,39.24088776073125],[-76.53454725307746,39.24089667509204],[-76.53455550130084,39.24090558945223],[-76.53456374952628,39.24091450381184],[-76.53457199891213,39.24092341817541],[-76.53458024830594,39.24093233163767],[-76.53458849770183,39.24094124509931],[-76.53459674825817,39.2409501585649],[-76.53460499881652,39.24095907202993],[-76.53461325054124,39.24096798459816],[-76.53462150343226,39.24097689626968],[-76.53462975748366,39.24098580794516],[-76.53463801154311,39.24099471871924],[-76.53464626792719,39.24100362860122],[-76.53465452547756,39.2410125375864],[-76.53466278535261,39.24102144567942],[-76.53467104522976,39.24103035377182],[-76.53467930859574,39.24103926007588],[-76.5346875731281,39.24104816548319],[-76.53469584231364,39.24105706820598],[-76.53470411615818,39.24106596734356],[-76.53471239580836,39.24107486470197],[-76.53472067895335,39.24108375937125],[-76.53472896558726,39.24109265225223],[-76.53473725571004,39.24110154334486],[-76.53474554815756,39.24111043354529],[-76.53475384177723,39.24111932194822],[-76.53476213655736,39.24112821035515],[-76.53477043133958,39.24113709876144],[-76.5347787272881,39.24114598627094],[-76.53478702091017,39.24115487557218],[-76.53479531453439,39.24116376487281],[-76.53480360467974,39.24117265505983],[-76.53481189365698,39.24118154704313],[-76.53482017914943,39.2411904408136],[-76.53482845999886,39.24119933636655],[-76.53483673851589,39.24120823461203],[-76.5348450135541,39.24121713374387],[-76.53485328743011,39.24122603377126],[-76.53486156014399,39.24123493469421],[-76.53486983285993,39.24124383561656],[-76.53487810674214,39.2412527356421],[-76.5348863806265,39.24126163566707],[-76.53489465799971,39.24127053390371],[-76.53490293770354,39.2412794303474],[-76.5349112220546,39.24128832500732],[-76.53491951105883,39.24129721698278],[-76.53492780472216,39.2413061053729],[-76.53493610536123,39.24131499018699],[-76.53494441297605,39.24132387142497],[-76.53495272640832,39.24133274908228],[-76.53496104449376,39.24134162405509],[-76.53496936839068,39.24135049634793],[-76.53497769578244,39.2413593659517],[-76.53498602666319,39.24136823376709],[-76.53499436219114,39.24137709979874],[-76.53500269888545,39.24138596493357],[-76.53501103791623,39.24139482737476],[-76.53501937926579,39.24140368982448],[-76.53502772178167,39.24141255137741],[-76.53503606429963,39.24142141292972],[-76.53504440681969,39.24143027448146],[-76.53505274934183,39.24143913603253],[-76.5350610907077,39.24144799757843],[-76.53506943090554,39.24145686092063],[-76.53507776878278,39.24146572515376],[-76.53508610433958,39.2414745902779],[-76.53509443641157,39.24148345718918],[-76.53510276499884,39.24149232588757],[-76.5351110900954,39.24150119727379],[-76.53511941054299,39.24151007134338],[-76.53512772518319,39.24151894809165],[-76.53513603516842,39.241527828424],[-76.53514433818799,39.24153671143043],[-76.53515263538841,39.24154559891712],[-76.53516092561715,39.24155448997872],[-76.53516920655173,39.24156338550672],[-76.53517748050874,39.24157228551038],[-76.53518574517155,39.24158118998053],[-76.53519400169257,39.2415900998225],[-76.53520225123606,39.24159901414009],[-76.53521049264958,39.24160793202796],[-76.53521872708562,39.24161685439152],[-76.53522695454994,39.24162578032993],[-76.53523517620692,39.24163470894711],[-76.535243393209,39.24164364114835],[-76.53525160439774,39.24165257692906],[-76.53525980978503,39.24166151448779],[-76.53526801168164,39.24167045473443],[-76.53527620892915,39.24167939766437],[-76.53528440269194,39.24168834238145],[-76.53529259412826,39.24169728889029],[-76.53530078092146,39.24170623718167],[-76.53530896654658,39.24171518726941],[-76.53531714985115,39.2417241382481],[-76.53532533084106,39.24173308921709],[-76.53533351182128,39.24174204198693],[-76.53534169164519,39.24175099475161],[-76.53534987030692,39.2417599484119],[-76.53535804897659,39.24176890117081],[-76.53536622880668,39.24177785393371],[-76.53537440863884,39.24178680669602],[-76.53538258963728,39.2417957585616],[-76.53539077180208,39.2418047095304],[-76.53539895744991,39.24181365961159],[-76.53540714426404,39.24182260879603],[-76.5354153334146,39.24183155528682],[-76.53542352720658,39.24184050089454],[-76.53543300693455,39.24185084328991],[-76.53544135188314,39.24185970301996],[-76.53544968286869,39.24186857260273],[-76.53545802083592,39.24187743770861],[-76.53546639021054,39.24188628312106],[-76.53547481540642,39.24189509542505],[-76.53548360270128,39.24190380377033],[-76.53549602192639,39.2419055490727],[-76.53550708462781,39.24189862804258],[-76.53551837457155,39.2418920303884],[-76.53552965878042,39.24188542370273],[-76.53554093722481,39.24187881248921],[-76.53555221452648,39.24187219856778],[-76.53556349413095,39.24186558645596],[-76.53557477602648,39.24185897795515],[-76.53558606598119,39.24185237669143],[-76.53559736397163,39.24184578626765],[-76.53560867576599,39.24183921030984],[-76.53562000135828,39.2418326497187],[-76.53563134418827,39.24182610991253],[-76.53564270771929,39.24181959270655],[-76.53565409424446,39.24181310171288],[-76.53566563948924,39.24180678429501],[-76.53567760676682,39.24180093965118],[-76.53568970078977,39.24179519819595],[-76.53570087654457,39.24180020927736],[-76.53570921090102,39.24180909867216],[-76.53571743960175,39.24181802548107],[-76.53572597412442,39.24182677424433],[-76.53573472259954,39.24183539954598],[-76.53574327224979,39.24184413845929],[-76.53575154166634,39.24185304020497],[-76.53575978550683,39.2418619562613],[-76.53576801074503,39.24187088305278],[-76.53577621854514,39.24187981968326],[-76.53578441471669,39.24188876347337],[-76.53579260042967,39.24189771262612],[-76.53580078148781,39.24190666536303],[-76.53580896022537,39.24191561899088],[-76.53581714128758,39.24192457172659],[-76.53582532700298,39.24193352177776],[-76.53583352086429,39.24194246645592],[-76.5358417275108,39.24195140487856],[-76.53584995044116,39.24196033345639],[-76.53585822685831,39.24196923161875],[-76.5358665660585,39.24197809489842],[-76.53587491688559,39.24198695191802],[-76.53588323283452,39.24199582861615],[-76.53589151972049,39.24200472141274],[-76.53589979614802,39.24201361957206],[-76.53590806908491,39.24202252041926],[-76.5359163443464,39.24203142037427],[-76.53592462658963,39.24204031585239],[-76.53593292162398,39.24204920417425],[-76.5359413445627,39.24205801913745],[-76.53594981404076,39.24206715766262],[-76.53593965946453,39.2420739120772],[-76.53592833439326,39.24208039163094],[-76.53591678720936,39.24208682526676],[-76.53590516133141,39.24209324688021],[-76.53589360248901,39.24209969127696],[-76.53588219511876,39.24210617770709],[-76.53587080738555,39.24211267232077],[-76.53585942308995,39.24211917235155],[-76.53584804109727,39.2421256741919],[-76.53583666140148,39.24213217874255],[-76.53582528285615,39.24213868419741],[-76.53581390431458,39.24214518875041],[-76.53580252461259,39.24215169329769],[-76.53579114376778,39.24215819513702],[-76.53577975946352,39.24216469425927],[-76.53576836019273,39.24217117890882],[-76.535756911452,39.24217761111658],[-76.53574666720165,39.24218478762375],[-76.53575176816962,39.24219515050823],[-76.53576024298205,39.24220400352178],[-76.53576856359905,39.24221287664282],[-76.53577688769907,39.24222174887623],[-76.53578521297135,39.24223061931214],[-76.53579354056239,39.24223948975654],[-76.53580186932571,39.24224835840344],[-76.53581019925529,39.24225722615353],[-76.53581853150375,39.24226609391214],[-76.53582686376014,39.24227496076942],[-76.53583519717698,39.24228382763071],[-76.53584353176016,39.24229269359513],[-76.53585186634542,39.24230155955898],[-76.535860202097,39.24231042462606],[-76.53586853668648,39.24231929058869],[-76.53587687244222,39.24232815565449],[-76.5358852070358,39.2423370216159],[-76.53589354047311,39.24234588757209],[-76.53590187390658,39.24235475442843],[-76.53591020734218,39.24236362128413],[-76.53591853845721,39.24237248903082],[-76.53592686956844,39.24238135767768],[-76.53593519836507,39.24239022631474],[-76.53594352599359,39.24239909674812],[-76.53595185130747,39.24240796717172],[-76.53596017429494,39.24241683938706],[-76.53596849495595,39.24242571339418],[-76.5359768144548,39.24243458829681],[-76.5359851304748,39.24244346408589],[-76.5359934441624,39.24245234256742],[-76.53600175553538,39.24246122103919],[-76.53601006574033,39.24247010130724],[-76.53601837363058,39.24247898156558],[-76.53602668151704,39.24248786272405],[-76.53603498708299,39.2424967447735],[-76.53604329148672,39.24250562771854],[-76.53605159588665,39.24251451156366],[-76.53605989797195,39.24252339539906],[-76.5360681977308,39.24253228102621],[-76.53607649749173,39.24254116665272],[-76.53608479609049,39.24255005317484],[-76.53609309353295,39.2425589396917],[-76.53610138864899,39.24256782800037],[-76.53610968376711,39.24257671630841],[-76.53611797656467,39.24258560550745],[-76.53612626935842,39.24259449560663],[-76.53613456099589,39.24260338570058],[-76.53614285031284,39.24261227668558],[-76.53615113962594,39.24262116857069],[-76.53615942777688,39.24263006135138],[-76.53616771477154,39.24263895412691],[-76.53617600060399,39.24264784779797],[-76.53618428528014,39.24265674146385],[-76.53619256879415,39.24266563602529],[-76.53620085114599,39.24267453148234],[-76.53620913349987,39.24268342693879],[-76.53621741353321,39.24269232328619],[-76.53622569124011,39.24270122142534],[-76.53623396546224,39.24271012135171],[-76.53624223619363,39.24271902396597],[-76.5362505046045,39.24272792747121],[-76.53625876837221,39.24273683275905],[-76.53626703097775,39.24274573894247],[-76.53627529125679,39.24275464691765],[-76.5362835503737,39.24276355578841],[-76.53629180717004,39.24277246555017],[-76.53630006396257,39.24278137621206],[-76.53630831844042,39.24279028686422],[-76.53631657407874,39.24279919752031],[-76.53632482856072,39.24280810817125],[-76.53633308303895,39.24281701972234],[-76.53634133868344,39.24282593037665],[-76.53634959433593,39.24283484012962],[-76.53635785230722,39.24284374989112],[-76.53636611145076,39.24285265785507],[-76.53637437175466,39.24286156582302],[-76.53638263554758,39.24287047200253],[-76.53639090051269,39.24287937638455],[-76.53639916896088,39.24288827987893],[-76.53640744089805,39.24289718158494],[-76.53641571516582,39.24290608149796],[-76.53642399408672,39.24291497872647],[-76.53643227766091,39.24292387327034],[-76.53644056472405,39.24293276602583],[-76.53644885759876,39.24294165610135],[-76.5364571539683,39.2429505434877],[-76.53646545150423,39.2429594299773],[-76.53647375020053,39.24296831647082],[-76.53648205122749,39.24297720117139],[-76.53649035341486,39.24298608587592],[-76.53649865676857,39.24299496968367],[-76.53650696128861,39.24300385259465],[-76.53651526697503,39.24301273460881],[-76.53652357382775,39.24302161572621],[-76.53653188184093,39.24303049684756],[-76.53654019102042,39.24303937707208],[-76.5365485013604,39.24304825730061],[-76.53655681287259,39.2430571357316],[-76.53656512438097,39.24306601506269],[-76.53657343706159,39.24307489259627],[-76.53658175089673,39.24308377103455],[-76.53659006589825,39.24309264857607],[-76.53659838090772,39.24310152521619],[-76.53660669591926,39.24311040185572],[-76.5366150132555,39.24311927760304],[-76.53662332942963,39.24312815424588],[-76.53663164677,39.24313702999196],[-76.53663996527678,39.24314590484125],[-76.53664828262139,39.24315478058609],[-76.53665660113225,39.24316365543417],[-76.53666491964526,39.24317253028163],[-76.5366732393187,39.24318140513303],[-76.53668155783586,39.24319027997922],[-76.53668987635511,39.24319915482486],[-76.53669819603479,39.24320802967443],[-76.5367065145582,39.24321690451884],[-76.53671483424205,39.2432257793672],[-76.53672315276962,39.24323465421033],[-76.53673147129926,39.2432435290529],[-76.53673978983099,39.24325240389485],[-76.53674810835891,39.24326127963692],[-76.53675642573639,39.24327015447309],[-76.53676474311011,39.24327903020938],[-76.53677306047999,39.24328790684583],[-76.53678137669945,39.24329678257632],[-76.53678969291516,39.24330565920694],[-76.53679800796867,39.24331453673316],[-76.53680632187172,39.24332341335341],[-76.53681463576515,39.24333229177457],[-76.53682294850812,39.24334116928981],[-76.5368312612414,39.24335004860595],[-76.53683957282433,39.24335892701614],[-76.53684788440343,39.24336780632646],[-76.53685619714884,39.24337668474003],[-76.5368645110606,39.24338556225675],[-76.53687282381017,39.24339444066908],[-76.53688113307491,39.24340332086861],[-76.53688943885489,39.24341220285528],[-76.53689773882149,39.24342108842152],[-76.53690603181639,39.24342997756276],[-76.53691431666941,39.2434388720759],[-76.53692259106387,39.24344777195187],[-76.5369308538354,39.24345667808675],[-76.53693911311628,39.24346558690959],[-76.53694737123492,39.24347449662805],[-76.53695562703891,39.24348340633673],[-76.53696388283905,39.24349231694558],[-76.53697213631865,39.24350122844543],[-76.53698038863608,39.24351014084084],[-76.53698864095558,39.24351905323572],[-76.5369968909545,39.24352796652158],[-76.53700514094959,39.24353688070756],[-76.53701338978841,39.2435457948884],[-76.53702163746499,39.24355470996478],[-76.53702988514959,39.24356362413983],[-76.53703813282449,39.24357254011576],[-76.53704637934894,39.24358145518583],[-76.53705462471119,39.24359037115141],[-76.53706287006965,39.2435992880172],[-76.53707111543605,39.24360820398161],[-76.53707936080453,39.24361711994545],[-76.53708760616921,39.24362603680937],[-76.53709585037753,39.24363495366817],[-76.53710409575223,39.24364386963018],[-76.53711234112311,39.24365278649235],[-76.53712058650194,39.24366170245312],[-76.53712883188285,39.24367061841335],[-76.53713707726583,39.24367953437296],[-76.53714532380924,39.24368845033649],[-76.53715357035473,39.24369736629948],[-76.53716181690822,39.24370628136107],[-76.5371700646221,39.24371519642663],[-76.53717831350234,39.24372411059542],[-76.53718656238466,39.2437330247636],[-76.53719481359165,39.24374193803957],[-76.53720306364237,39.24375085131039],[-76.5372113160178,39.24375976368893],[-76.53721956955368,39.2437686760715],[-76.53722782310338,39.24377758665188],[-76.53723607897196,39.24378649724086],[-76.53724433600097,39.24379540783378],[-76.53725259420219,39.24380431662916],[-76.53726085356976,39.24381322452773],[-76.53726911409777,39.2438221324303],[-76.53727737578623,39.2438310403368],[-76.53728563748264,39.24383994734198],[-76.53729390034536,39.24384885345034],[-76.53730216553284,39.24385775866647],[-76.53731043072239,39.24386666388201],[-76.53731869707829,39.24387556820075],[-76.53732696575889,39.24388447162726],[-76.53733523444157,39.24389337505314],[-76.53734350429058,39.24390227758224],[-76.53735177646431,39.24391117921915],[-76.53736004864599,39.2439200799547],[-76.53736832315239,39.243928979798],[-76.53737659881926,39.24393787964525],[-76.53738487565833,39.24394677769499],[-76.53739315365785,39.24395567574863],[-76.53740143398213,39.24396457291012],[-76.53740971432021,39.24397346826942],[-76.53741799813554,39.24398236364185],[-76.53742628195882,39.24399125811294],[-76.5374345681068,39.24400015169176],[-76.53744285542115,39.24400904437377],[-76.5374511450602,39.24401793616359],[-76.5374594358715,39.24402682615585],[-76.53746773133015,39.24403571436422],[-76.53747603144205,39.24404459988803],[-76.53748433504296,39.24405348362338],[-76.53749264097443,39.24406236556577],[-76.53750095039494,39.24407124571971],[-76.53750926329855,39.24408012498602],[-76.53751757737437,39.24408900245471],[-76.53752589261656,39.24409787902665],[-76.53753421018342,39.24410675470634],[-76.53754252891667,39.24411562948924],[-76.53755084764613,39.24412450517226],[-76.53755916638353,39.24413337995389],[-76.53756748512296,39.24414225473494],[-76.53757580270027,39.24415113041157],[-76.53758412027963,39.24416000608763],[-76.53759243553844,39.24416888265465],[-76.53760074847082,39.24417776101343],[-76.53760906024101,39.24418664026779],[-76.53761736852634,39.24419552130939],[-76.53762567449107,39.24420440324201],[-76.53763397580677,39.24421328785799],[-76.537642274796,39.24422217426579],[-76.5376505668134,39.24423106424858],[-76.53765885069485,39.24423995870258],[-76.53766712876295,39.24424885673622],[-76.53767540101762,39.24425775834946],[-76.53768366746486,39.24426666264151],[-76.53769193158563,39.24427556872533],[-76.53770019338579,39.24428447570019],[-76.53770845402379,39.24429338357061],[-76.53771671350542,39.24430229143587],[-76.5377249753118,39.24431119840893],[-76.53773323944293,39.24432010448974],[-76.53774150706893,39.2443290078814],[-76.53774977934226,39.24433790948913],[-76.53775805743319,39.24434680751611],[-76.53776633901306,39.24435570375462],[-76.5377746240878,39.24436459730396],[-76.53778291265155,39.24437348906491],[-76.53779120237581,39.24438238082975],[-76.53779949326633,39.24439127169781],[-76.537807784159,39.24440016256532],[-76.5378231119945,39.24441660351172],[-76.53782726383817,39.24442104536674],[-76.53783141568235,39.24442548722162],[-76.53783556752707,39.2444299290763],[-76.5378397193723,39.24443437093088],[-76.5378438712239,39.24443881188456],[-76.53784802422854,39.24444325374336],[-76.53785217607532,39.24444769559742],[-76.53785632792263,39.24445213745138],[-76.53786047977631,39.24445657840443],[-76.5378646327831,39.24446102026264],[-76.53786878463195,39.24446546211613],[-76.53787293648722,39.24446990306868],[-76.53787708833711,39.24447434492189],[-76.53788124134591,39.24447878677947],[-76.53788539320273,39.24448322773162],[-76.53788954505417,39.24448766958435],[-76.53789369690617,39.24449211143693],[-76.5378978499229,39.24449655239314],[-76.53790200177592,39.2445009942454],[-76.53790615362946,39.24450543609752],[-76.53791030548352,39.24450987794949],[-76.5379144573381,39.2445143198013],[-76.53791860919907,39.24451876075219],[-76.53792276105469,39.24452320260369],[-76.53792691291082,39.24452764445506],[-76.53793106476748,39.24453208630626],[-76.53793521662466,39.24453652815731],[-76.53793936848234,39.24454097000822],[-76.53794352034056,39.24454541185897],[-76.53794767219931,39.24454985370956],[-76.53795182290013,39.24455429555545],[-76.5379559747599,39.24455873740574],[-76.53796012545594,39.24456318015204],[-76.53796427731676,39.24456762200205],[-76.5379684280197,39.24457206384732],[-76.53797257987569,39.24457650659776],[-76.53797673057962,39.24458094844272],[-76.53798088011989,39.24458539118371],[-76.537985030819,39.24458983392913],[-76.53798918035444,39.24459427757058],[-76.53799332873781,39.24459872030658],[-76.53799747711584,39.24460316394317],[-76.53800162549442,39.24460760757961],[-76.53800577386762,39.24461205211666],[-76.53800992224721,39.24461649575277],[-76.53801406946309,39.24462094028495],[-76.53801821668527,39.24462538391622],[-76.53802236390219,39.2446298284481],[-76.53802651111961,39.24463427297982],[-76.53803065833756,39.2446387175114],[-76.53803480555602,39.24464316204281],[-76.53803895393925,39.24464760567787],[-76.53804310115871,39.244652050209],[-76.53804724837872,39.24465649473997],[-76.53805139560512,39.24466093837],[-76.53805554398457,39.24466538290521],[-76.5380596923704,39.24466982653956],[-76.53806384075675,39.2446742701737],[-76.53806798914361,39.24467871380772],[-76.538072137531,39.24468315744156],[-76.5380762870832,39.24468760017903],[-76.53808043779426,39.24469204292095],[-76.53808458734751,39.24469648565819],[-76.53808873805961,39.24470092839976],[-76.53809288993652,39.24470537024504],[-76.53809704181982,39.24470981118938],[-76.53810119485622,39.24471425303891],[-76.53810534789895,39.24471869398751],[-76.53810950210644,39.24472313403977],[-76.53811365747289,39.24472757409641],[-76.53811781283986,39.24473201415297],[-76.53812196937746,39.24473645241235],[-76.53812612706815,39.24474089157692],[-76.53813028476519,39.2447453298406],[-76.53813444362117,39.24474976810868],[-76.53813860131925,39.24475420637204],[-76.53814275901789,39.24475864463524],[-76.53814691671698,39.2447630828983],[-76.53815107441667,39.24476752116121],[-76.53815523211682,39.24477195942393],[-76.53815938981168,39.24477639858728],[-76.53816354751288,39.24478083684971],[-76.53816770521463,39.24478527511202],[-76.53817186291685,39.24478971337417],[-76.5381760206138,39.24479415253689],[-76.53818017831706,39.24479859079871],[-76.5381843360209,39.24480302906039],[-76.5381884948836,39.2448074673265],[-76.53819265258848,39.24481190558783],[-76.53819681029383,39.24481634384907],[-76.53820096915814,39.24482078211472],[-76.53820512802882,39.2448252194794],[-76.53820928689417,39.24482965774473],[-76.53821344576585,39.24483409510913],[-76.53821760463224,39.24483853337416],[-76.53822176466339,39.24484297074279],[-76.53822592469507,39.24484740811133],[-76.53823008473312,39.24485184457893],[-76.53823424476585,39.24485628194711],[-76.53823840596338,39.24486071841896],[-76.53824256716139,39.24486515489069],[-76.53824672835997,39.24486959136225],[-76.53825088955901,39.24487402783363],[-76.53825505192289,39.2448784634087],[-76.53825921544566,39.24488289898811],[-76.53826337896891,39.24488733456742],[-76.53826754249859,39.24489176924583],[-76.53827170602878,39.24489620392403],[-76.53827587071794,39.2449006386067],[-76.53828003657182,39.24490507239298],[-76.53828420242627,39.24490950617911],[-76.53828836828119,39.2449139399651],[-76.53829253530094,39.24491837285472],[-76.53829670347959,39.24492280574876],[-76.53830087165881,39.24492723864264],[-76.53830504100274,39.2449316706402],[-76.53830921035312,39.2449361017368],[-76.53831338085649,39.24494053373861],[-76.53831755137216,39.24494496393871],[-76.53832172304087,39.24494939504399],[-76.53832589587435,39.24495382525291],[-76.53833006871427,39.24495825456095],[-76.53833424271309,39.24496268387332],[-76.53833841787664,39.24496711228943],[-76.53834259419922,39.24497154070988],[-76.53834677052809,39.24497596822944],[-76.53835094801596,39.2449803957534],[-76.53835512551015,39.24498482237646],[-76.53835930532755,39.24498924810775],[-76.53836348630391,39.24499367384339],[-76.53836766845089,39.24499809778195],[-76.53837185175679,39.24500252172489],[-76.53837603738586,39.24500694477609],[-76.53838022302136,39.24501136692632],[-76.53838441098002,39.24501578818478],[-76.5383886001035,39.24502020854689],[-76.5383927903859,39.24502462891336],[-76.53839698183306,39.24502904838355],[-76.53840117328662,39.24503346695279],[-76.53840536706338,39.24503788463024],[-76.53840956084062,39.2450423023075],[-76.53841375577686,39.24504671998919],[-76.53841795187783,39.24505113677456],[-76.53842214914364,39.24505555266353],[-76.53842634640989,39.24505996855233],[-76.53843054484099,39.24506438354482],[-76.5384347432726,39.24506879853715],[-76.53843894286312,39.24507321353386],[-76.5384431424601,39.24507762762969],[-76.53844734321007,39.24508204263061],[-76.53845154397231,39.24508645582994],[-76.53845574472918,39.2450908699298],[-76.53845994549248,39.24509528312883],[-76.53846414740883,39.24509969723294],[-76.53846834933157,39.24510411043619],[-76.53847255125478,39.24510852363927],[-76.53847675317856,39.24511293684215],[-76.53848095510287,39.24511735004495],[-76.53848515702769,39.24512176324755],[-76.53848935895304,39.24512617644999],[-76.53849356087892,39.24513058965227],[-76.53849776164101,39.24513500375063],[-76.53850196356792,39.2451394169526],[-76.53850616433111,39.24514383105063],[-76.53851036509478,39.24514824514851],[-76.53851456470062,39.24515265924164],[-76.53851876430693,39.24515707333465],[-76.53852296390789,39.24516148832828],[-76.53852716234515,39.24516590421792],[-76.53853135963038,39.2451703192021],[-76.53853555691022,39.24517473508686],[-76.5385397530264,39.24517915186771],[-76.53854394914305,39.24518356864834],[-76.53854814409596,39.24518798632508],[-76.53855233789099,39.24519240399709],[-76.53855653052226,39.24519682256512],[-76.53856072199569,39.24520124112846],[-76.53856491230529,39.24520566058783],[-76.53856910260963,39.24521008094781],[-76.53857329059183,39.24521450219927],[-76.53857747741019,39.24521892434677],[-76.53858166307073,39.24522334648963],[-76.5385858475675,39.24522776952843],[-76.53859003090059,39.24523219346333],[-76.53859421306984,39.24523661829426],[-76.53859839291698,39.24524104401672],[-76.53860256927187,39.24524547242758],[-76.53860673981764,39.24524990351782],[-76.53861090571854,39.24525433639117],[-76.5386150669629,39.24525877284918],[-76.53861922471503,39.24526321199563],[-76.53862337782229,39.24526765292519],[-76.53862752860155,39.24527209564701],[-76.53863167589441,39.24527654015656],[-76.53863581970076,39.24528098645381],[-76.53863996234344,39.24528543364707],[-76.53864410266394,39.24528988173182],[-76.53864824181485,39.2452943316134],[-76.53865237980783,39.24529878149029],[-76.53865651663709,39.24530323226318],[-76.53866065231431,39.24530768213064],[-76.53866478914459,39.24531213290328],[-76.5386689259754,39.24531658367572],[-76.53867306397098,39.24532103355182],[-76.53867720197299,39.24532548252706],[-76.53868134229229,39.24532993151121],[-76.53868548378223,39.24533437869827],[-76.53868962759539,39.24533882499351],[-76.53869377489602,39.24534326950076],[-76.53869792452566,39.24534771221545],[-76.53870207764278,39.24535215314219],[-76.53870623424737,39.24535659228087],[-76.53871039434534,39.24536102873081],[-76.53871455909498,39.24536546249652],[-76.5387187296548,39.24536989358261],[-76.53872295368356,39.24537429695459],[-76.53872745319343,39.24537855728475],[-76.53873200156789,39.24538278537885],[-76.53873629086745,39.24538712775404],[-76.53874013329981,39.24539178184316],[-76.53874316405761,39.24539691015401],[-76.53874379359331,39.24540218126167],[-76.53874259226151,39.24540753345195],[-76.53874063415159,39.24541293401307],[-76.53873876193957,39.2454183078884],[-76.53873714245472,39.24542365303104],[-76.53873706670073,39.24542390134733],[-76.5387355218171,39.24542899726831],[-76.53873390002079,39.24543434150107],[-76.53873227822423,39.24543968573378],[-76.53873065526902,39.24544502996191],[-76.53872903231355,39.24545037419002],[-76.53872740820532,39.24545571751275],[-76.53872578409099,39.24546106173624],[-76.53872415998219,39.24546640505891],[-76.53872253470898,39.24547174927778],[-76.53872090944131,39.2454770925959],[-76.538719283015,39.24548243590937],[-76.53871765658843,39.24548777922287],[-76.53871603015577,39.24549312343703],[-76.53871440257032,39.24549846674591],[-76.53871277614887,39.24550380915854],[-76.53871114740454,39.24550915246277],[-76.53870951981831,39.24551449577153],[-76.53870789107349,39.24551983907574],[-76.53870626232835,39.24552518237987],[-76.53870463358889,39.24553052478323],[-76.53870300484326,39.24553586808735],[-76.53870137493901,39.24554121138684],[-76.5386997461988,39.24554655379013],[-76.53869811629406,39.24555189708958],[-76.5386964863949,39.24555723948822],[-76.53869485648966,39.24556258278763],[-76.53869322659007,39.24556792518623],[-76.5386915966902,39.24557326758479],[-76.5386899667842,39.24557861088411],[-76.53868833572544,39.24558395327806],[-76.53868670581898,39.24558929657726],[-76.53868507591811,39.24559463897576],[-76.53868344485275,39.24559998227035],[-76.53868181495139,39.24560532466872],[-76.53868018504978,39.24561066706708],[-76.53867855514216,39.24561601036618],[-76.53867692524005,39.24562135276446],[-76.53867529533186,39.2456266960635],[-76.53867366542929,39.24563203846173],[-76.53867203667906,39.24563738176521],[-76.53867040677598,39.24564272416339],[-76.53866877802521,39.24564806746685],[-76.53866714927426,39.24565341077025],[-76.53866552052885,39.24565875317291],[-76.5386638917774,39.24566409647623],[-76.53866226418411,39.24566943978414],[-76.53866063543211,39.2456747830874],[-76.53865900899675,39.2456801263998],[-76.53865739412772,39.2456854724599],[-76.53865579083096,39.24569082036701],[-76.53865418638139,39.24569616736878],[-76.53865256804227,39.2457015125144],[-76.53865092309437,39.24570685215077],[-76.53864923880688,39.2457121844263],[-76.53864752674626,39.24571751208879],[-76.53864579733259,39.24572283608],[-76.53864405404104,39.24572815641351],[-76.53864230264024,39.2457334767151],[-76.53864054545888,39.24573879519239],[-76.53863878943559,39.24574411367418],[-76.53863703688145,39.2457494330704],[-76.53863529358274,39.24575475430448],[-76.53863356416726,39.24576007829545],[-76.53863184169613,39.2457654032144],[-76.53863011806634,39.2457707281288],[-76.5386283955947,39.24577605304769],[-76.53862667311695,39.2457813788673],[-76.53862494948638,39.24578670378156],[-76.53862322585556,39.24579202869584],[-76.53862150222447,39.24579735361003],[-76.53861977859314,39.24580267852424],[-76.53861805496155,39.24580800343837],[-76.53861633132964,39.24581332835251],[-76.53861460769753,39.24581865326657],[-76.53861288290673,39.24582397817608],[-76.53861115927411,39.24582930309008],[-76.53860943448277,39.24583462799953],[-76.53860771084962,39.24583995291348],[-76.5386059860578,39.24584527782284],[-76.53860426242413,39.24585060273672],[-76.53860253763175,39.24585592764603],[-76.53860081283916,39.24586125255527],[-76.53859908920472,39.24586657746908],[-76.53859736441161,39.24587190237825],[-76.53859564077661,39.24587722729198],[-76.53859391598299,39.2458825522011],[-76.53859219234749,39.24588787711477],[-76.53859046871176,39.24589320202836],[-76.53858874507577,39.24589852694196],[-76.53858702028106,39.24590385185095],[-76.53858529664454,39.24590917676448],[-76.53858357300777,39.24591450167794],[-76.53858185052916,39.24591982659597],[-76.53858012688602,39.24592515241014],[-76.53857840440688,39.24593047732805],[-76.53857668076907,39.24593580224141],[-76.5385749582894,39.24594112715926],[-76.53857323580368,39.24594645297786],[-76.53857151332352,39.24595177789568],[-76.5385697920015,39.24595710281798],[-76.53856806951501,39.24596242863648],[-76.53856634819246,39.24596775355872],[-76.53856462686386,39.24597307938168],[-76.53856290553495,39.24597840520465],[-76.5385611853701,39.24598373013134],[-76.53855946519911,39.24598905595878],[-76.53855774502784,39.24599438178616],[-76.53855602485636,39.24599970761354],[-76.53855430584301,39.24600503344543],[-76.53855258682943,39.24601035927726],[-76.53855086781563,39.24601568510906],[-76.53854914995992,39.24602101094541],[-76.53854743209811,39.24602633768246],[-76.53854571424195,39.24603166351873],[-76.53854399753801,39.24603699026027],[-76.53854228083975,39.24604231610102],[-76.53854056529377,39.24604764284705],[-76.53853884974754,39.24605296959304],[-76.53853713420105,39.24605829633899],[-76.5385354198127,39.24606362308946],[-76.53853370542416,39.24606894983992],[-76.53853199103531,39.24607427659033],[-76.53853027780467,39.2460796033453],[-76.53852856572625,39.24608493100549],[-76.53852685365349,39.2460902577649],[-76.53852514157462,39.24609558542503],[-76.53852343065391,39.24610091308972],[-76.53852172089725,39.24610623985813],[-76.53852001113444,39.24611156752727],[-76.53851830136556,39.24611689609713],[-76.53851659276069,39.24612222377078],[-76.53851488531397,39.24612755144896],[-76.53851317786113,39.24613288002782],[-76.53851147157231,39.24613820771046],[-76.53850976527744,39.24614353629385],[-76.53850805898225,39.24614886487714],[-76.53850635384526,39.246154193465],[-76.53850464986644,39.24615952205738],[-76.53850294588736,39.2461648506497],[-76.53850124190217,39.24617018014276],[-76.53849953908097,39.24617550873959],[-76.53849783625368,39.24618083823714],[-76.53849613343203,39.24618616683392],[-76.53849443176264,39.24619149633595],[-76.53849273125145,39.2461968258425],[-76.53849102958159,39.24620215534448],[-76.5384893290699,39.24620748485096],[-76.53848762971636,39.24621281436198],[-76.53848592920414,39.2462181438684],[-76.53848422985008,39.24622347337935],[-76.5384825316542,39.24622880289481],[-76.53848083345224,39.24623413331099],[-76.53847913525583,39.24623946282638],[-76.53847743705336,39.24624479324249],[-76.53847574000905,39.24625012366316],[-76.53847404181188,39.24625545317847],[-76.53847234592547,39.24626078360359],[-76.53847064888041,39.24626611402413],[-76.53846895299348,39.24627144444922],[-76.5384672571063,39.24627677487423],[-76.53846556121887,39.24628210529923],[-76.53846386533121,39.24628743572423],[-76.53846217060172,39.2462927661537],[-76.53846047587196,39.24629809658314],[-76.53845878114191,39.24630342701255],[-76.53845708641168,39.24630875744198],[-76.53845539167529,39.24631408877205],[-76.53845369810296,39.24631941920595],[-76.5384520033719,39.24632474963525],[-76.53845030979321,39.24633008096983],[-76.53844861622011,39.24633541140361],[-76.53844692264086,39.2463407427381],[-76.53844523022566,39.24634607317638],[-76.53844353664596,39.2463514045108],[-76.53844184423025,39.24635673494905],[-76.53844015065003,39.24636206628339],[-76.53843845823383,39.24636739672156],[-76.5384367658115,39.24637272806041],[-76.53843507338892,39.24637805939925],[-76.53843338097197,39.24638338983728],[-76.53843168854888,39.24638872117606],[-76.53842999612556,39.24639405251477],[-76.53842830370782,39.24639938295275],[-76.53842661128397,39.24640471429139],[-76.53842491885987,39.24641004563003],[-76.53842322644138,39.24641537606788],[-76.53842153401678,39.24642070740646],[-76.53841984159192,39.24642603874496],[-76.53841814916682,39.2464313700835],[-76.5384164567473,39.2464367005212],[-76.53841476432167,39.24644203185967],[-76.5384130718958,39.24644736319805],[-76.53841137947552,39.24645269363568],[-76.53840968704914,39.246458024974],[-76.5384079946225,39.24646335631234],[-76.53840630220147,39.24646868674984],[-76.53840460861585,39.24647401808355],[-76.5384029161943,39.24647934852099],[-76.53840122260823,39.24648467985463],[-76.53839953018618,39.24649001029202],[-76.5383978365996,39.24649534162556],[-76.53839614301857,39.24650067205835],[-76.53839444943148,39.24650600339183],[-76.53839275585,39.24651133382457],[-76.53839106110978,39.24651666425268],[-76.53838936752193,39.24652199558609],[-76.53838767278121,39.24652732601414],[-76.53838597804028,39.24653265644216],[-76.53838428329907,39.24653798687014],[-76.53838258855173,39.24654331819886],[-76.53838089496845,39.24654864863134],[-76.53837920138494,39.2465539790638],[-76.53837750779525,39.24655931039697],[-76.53837581536378,39.24656464173467],[-76.53837412293791,39.24656997217156],[-76.53837243050593,39.2465753035092],[-76.53837073923218,39.24658063485133],[-76.53836904679967,39.24658596618891],[-76.53836735552535,39.24659129753102],[-76.5383656654151,39.24659662797685],[-76.53836397414027,39.24660195931884],[-76.53836228285932,39.2466072915616],[-76.53836059274246,39.24661262290811],[-76.53835890262529,39.24661795425461],[-76.53835721134948,39.24662328559647],[-76.53835552123179,39.24662861694289],[-76.53835383111392,39.24663394828925],[-76.53835214099573,39.24663927963561],[-76.53835044971891,39.24664461097739],[-76.53834875960021,39.24664994232364],[-76.53834706832289,39.24665527366536],[-76.53834537820369,39.24666060501156],[-76.5383436869258,39.24666593635321],[-76.53834199564771,39.24667126769481],[-76.53833975203845,39.24667834076469],[-76.53833809200229,39.2466836776337],[-76.53833643080749,39.24668901449812],[-76.53833476844815,39.24669435225875],[-76.53833310725284,39.2466996891231],[-76.53833144489886,39.24670502598292],[-76.53832978254462,39.24671036284265],[-76.53832812135441,39.24671569880618],[-76.53832645899969,39.2467210356659],[-76.5383247966447,39.24672637252554],[-76.53832313428941,39.2467317093852],[-76.53832147193394,39.24673704624478],[-76.53831981073662,39.2467423831089],[-76.53831814953907,39.24674771997302],[-76.5383164883354,39.2467530577378],[-76.53831482829581,39.24675839460641],[-76.53831316825591,39.24676373147494],[-76.53831150820996,39.24676906924422],[-76.53830984932799,39.24677440611725],[-76.53830819159839,39.24677974389557],[-76.53830653502695,39.24678508167842],[-76.53830487845532,39.24679041946122],[-76.53830322304181,39.24679575724857],[-76.53830157803648,39.24680109777916],[-76.53829995386509,39.24680644109391],[-76.53829834125446,39.24681178805725],[-76.53829673212476,39.24681713413344],[-76.53829513340312,39.24682248295291],[-76.5382935450955,39.24682783361478],[-76.5382919579519,39.24683318338047],[-76.538290362699,39.24683853311428],[-76.5382887512512,39.24684387918118],[-76.53828711318839,39.24684922063955],[-76.53828546355852,39.24685455935008],[-76.53828381508103,39.24685989896589],[-76.53828216776164,39.24686523858624],[-76.53828052044207,39.24687057820653],[-76.53827887312225,39.24687591782679],[-76.53827722696062,39.24688125745157],[-76.53827558079873,39.24688659707635],[-76.53827393578914,39.24689193760637],[-76.53827228962676,39.2468972772311],[-76.53827064578101,39.24690261686487],[-76.5382690007707,39.24690795739482],[-76.538267355766,39.24691329702396],[-76.53826571191365,39.24691863755837],[-76.53826406806101,39.24692397809279],[-76.53826242420818,39.24692931862717],[-76.53826078151938,39.24693465826532],[-76.538259137666,39.24693999879965],[-76.53825749497085,39.24694533933846],[-76.53825585111703,39.24695067987274],[-76.53825420842139,39.24695602041147],[-76.53825256573134,39.2469613600495],[-76.53825092303521,39.24696670058818],[-76.53824927918033,39.24697204112233],[-76.5382476364837,39.24697738166095],[-76.53824599378683,39.24698272219958],[-76.5382443499312,39.24698806273364],[-76.53824270723383,39.24699340327217],[-76.53824106338365,39.24699874290538],[-76.53823942068578,39.2470040834439],[-76.53823898518006,39.2470054959475],[-76.53823777682919,39.24700942397781],[-76.53823613297239,39.24701476451167],[-76.53823448912121,39.24702010414478],[-76.53823284410545,39.24702544467401],[-76.53823119909529,39.2470307843025],[-76.53822955407905,39.24703612483169],[-76.53822790906845,39.24704146446009],[-76.5382262640517,39.24704680498925],[-76.53822461788214,39.24705214461301],[-76.5382229705539,39.24705748423226],[-76.53822132438384,39.24706282385597],[-76.53821967705505,39.24706816347511],[-76.53821802856764,39.24707350308964],[-76.53821638007993,39.2470788427042],[-76.53821473159785,39.24708418141794],[-76.53821308195121,39.24708952102784],[-76.53821143231026,39.24709485973695],[-76.53820978150465,39.24710019934222],[-76.53820812954629,39.24710553804217],[-76.53820647758762,39.24711087674208],[-76.53820482447033,39.24711621543743],[-76.5382031713586,39.24712155323197],[-76.53820151708234,39.24712689192269],[-76.53819986281164,39.24713222971263],[-76.53819820621803,39.24713756839415],[-76.53819654962997,39.24714290617488],[-76.53819489304752,39.24714824305485],[-76.53819323414211,39.24715358082644],[-76.53819157523645,39.24715891859796],[-76.53818991517794,39.24716425546417],[-76.53818825396073,39.24716959232578],[-76.53818659158486,39.24717492918278],[-76.53818492805024,39.24718026603524],[-76.53818326452129,39.24718560198689],[-76.53818159982777,39.24719093883468],[-76.53817993282298,39.2471962747726],[-76.5381782658179,39.24720161071048],[-76.53817659766005,39.24720694574303],[-76.53817492717914,39.2472122816672],[-76.53817325670389,39.24721761669055],[-76.53817158507576,39.2472229508086],[-76.53816991112465,39.2472282858182],[-76.53816823717916,39.24723361992707],[-76.53816656091065,39.24723895492755],[-76.5381648834952,39.2472442881219],[-76.53816320491519,39.2472496222124],[-76.5381615251823,39.24725495539762],[-76.53815984429075,39.24726028857819],[-76.53815816108202,39.24726562174963],[-76.53815647787897,39.24727095402031],[-76.53815479235868,39.24727628628182],[-76.53815310567978,39.24728161853877],[-76.53815141784213,39.2472869507911],[-76.5381497300101,39.24729228214264],[-76.53814803986096,39.24729761348506],[-76.53814634855308,39.24730294482286],[-76.53814465608652,39.2473082761561],[-76.53814296246713,39.24731360658398],[-76.53814126768314,39.24731893790803],[-76.53813957291068,39.24732426743055],[-76.53813787581514,39.24732959784466],[-76.5381361787194,39.24733492825877],[-76.53813447931235,39.24734025776296],[-76.5381327799051,39.24734558726713],[-76.53813107933904,39.24735091676668],[-76.53812937877279,39.24735624626621],[-76.53812767588944,39.24736157575659],[-76.53812597301163,39.24736690434616],[-76.53812426896927,39.24737223383194],[-76.53812256493252,39.24737756241693],[-76.53812085973708,39.24738289099732],[-76.53811915338878,39.24738821867233],[-76.53811744703434,39.24739354724812],[-76.53811573952122,39.24739887581926],[-76.53811403085527,39.24740420348513],[-76.53811232218908,39.2474095311509],[-76.53811061236419,39.24741485881213],[-76.53810890253898,39.24742018647328],[-76.53810719271358,39.24742551413441],[-76.53810548172943,39.247430841791],[-76.53810376958661,39.24743616944292],[-76.53810205744938,39.2474414961941],[-76.53810034530599,39.24744682384601],[-76.53809863200982,39.24745215059257],[-76.53809691870752,39.24745747823981],[-76.5380952054108,39.24746280498631],[-76.53809349095536,39.24746813172818],[-76.53809177649973,39.24747345847009],[-76.53809006204379,39.2474787852119],[-76.53808834758759,39.2474841119537],[-76.5380866319727,39.24748943869091],[-76.53808491635756,39.24749476542807],[-76.53808320074215,39.2475000921652],[-76.5380814851265,39.24750541890231],[-76.53807976951644,39.24751074473861],[-76.53807805390026,39.24751607147566],[-76.53807633712539,39.24752139820809],[-76.5380746215087,39.24752672494508],[-76.53807290473918,39.2475320507767],[-76.53807118912199,39.24753737751361],[-76.53806947234604,39.24754270424592],[-76.53806775672831,39.24754803098276],[-76.53806603995776,39.24755335681427],[-76.53806432433953,39.24755868355103],[-76.53806260872103,39.24756401028776],[-76.53806089310228,39.24756933702447],[-76.53805917748328,39.24757466376118],[-76.53805746186987,39.24757998959704],[-76.53805574740878,39.24758531633818],[-76.538054031789,39.2475906430748],[-76.53805231732746,39.24759596981591],[-76.53805060285973,39.2476012974577],[-76.53804888955609,39.24760662420329],[-76.53804717509371,39.24761195094428],[-76.53804546294801,39.24761727769436],[-76.53804374963768,39.24762260534061],[-76.53804203749146,39.24762793209064],[-76.53804032533911,39.24763325974137],[-76.53803861434494,39.24763858739664],[-76.53803690335639,39.24764391415111],[-76.53803519236175,39.24764924180628],[-76.53803348252525,39.24765456946603],[-76.53803177384111,39.247659898031],[-76.53803006516259,39.24766522569524],[-76.53802835648379,39.24767055335939],[-76.53802664895733,39.24767588192886],[-76.53802494258902,39.24768121050283],[-76.53802323622635,39.24768653817604],[-76.53802153101603,39.24769186675454],[-76.53801982695803,39.24769719623827],[-76.53801812290563,39.24770252482122],[-76.53801642001143,39.24770785340872],[-76.53801471826958,39.24771318290149],[-76.53801301768591,39.24771851239878],[-76.538011317102,39.24772384189605],[-76.53800961767625,39.24772917139783],[-76.53800791940284,39.24773450180489],[-76.53800622229352,39.24773983131573],[-76.53800452633651,39.24774516173188],[-76.53800283037926,39.24775049214794],[-76.53800113789124,39.2477558234784],[-76.53799944887832,39.24776115482253],[-76.53799776333467,39.24776648708105],[-76.53799608010176,39.24777182024941],[-76.53799440034402,39.24777715343139],[-76.53799272405547,39.24778248752783],[-76.53799104892512,39.24778782162872],[-76.53798937726407,39.24779315664404],[-76.53798770791376,39.24779849256917],[-76.53798603972164,39.24780382849886],[-76.53798437384621,39.24780916443764],[-76.53798271028739,39.24781450038552],[-76.53798104788096,39.24781983723862],[-76.53797938778534,39.24782517500162],[-76.53797772769528,39.24783051186377],[-76.53797606991604,39.24783584963581],[-76.53797441329498,39.24784118741235],[-76.53797275667372,39.24784652518886],[-76.5379711012106,39.24785186296992],[-76.53796944574142,39.24785720165169],[-76.5379677902778,39.24786253943267],[-76.53796613596657,39.24786787811895],[-76.53796448166095,39.24787321590441],[-76.53796282734923,39.24787855459059],[-76.53796117188466,39.24788389237148],[-76.53795951757238,39.24788923105761],[-76.53795786094888,39.24789456883386],[-76.5379562043251,39.24789990661003],[-76.53795454770103,39.24790524438621],[-76.53795288875988,39.24791058215325],[-76.53795122866582,39.24791591901491],[-76.53794956741308,39.24792125587199],[-76.53794790500164,39.24792659272452],[-76.53794624027304,39.24793192956785],[-76.5379445743916,39.24793726550585],[-76.53794290735148,39.24794260143925],[-76.53794124031691,39.24794793647191],[-76.53793957211785,39.24795327240069],[-76.53793790507692,39.247958608334],[-76.53793623803578,39.24796394426734],[-76.53793457099441,39.24796928020059],[-76.53793290395274,39.2479746161338],[-76.53793123575235,39.24797995206244],[-76.53792956871023,39.24798528799558],[-76.53792790166786,39.24799062392871],[-76.53792623463103,39.24799595896107],[-76.53792456642965,39.24800129488958],[-76.53792289938652,39.2480066308226],[-76.53792123234314,39.24801196675561],[-76.53791956529945,39.24801730268857],[-76.53791789709706,39.24802263861694],[-76.53791623005293,39.24802797454984],[-76.53791456300854,39.24803331048274],[-76.53791289596384,39.24803864641559],[-76.53791122776639,39.24804398144305],[-76.5379095607212,39.24804931737589],[-76.53790789251731,39.24805465330406],[-76.53790622547167,39.24805998923678],[-76.53790455842578,39.24806532516946],[-76.53790289022115,39.24807066109754],[-76.53790122318057,39.24807599612942],[-76.53789955497548,39.24808133205744],[-76.53789788792854,39.24808666798999],[-76.53789621972295,39.24809200391797],[-76.53789455267551,39.24809733985046],[-76.53789288446937,39.24810267577834],[-76.53789121626889,39.24810801080547],[-76.53788954922069,39.24811334673789],[-76.53788788101386,39.24811868266569],[-76.53788621280671,39.24812401859345],[-76.53788454460518,39.24812935362043],[-76.53788287755603,39.24813468955272],[-76.53788120934814,39.24814002548039],[-76.53787954114,39.24814536140802],[-76.53787787293751,39.24815069643489],[-76.53787620472886,39.24815603236249],[-76.53787453651996,39.24816136829003],[-76.53787286831668,39.24816670331681],[-76.53787120010733,39.24817203924428],[-76.53786953189768,39.24817737517174],[-76.53786786253519,39.24818271019386],[-76.53786619432505,39.24818804612124],[-76.53786452611469,39.2481933820486],[-76.53786285675146,39.24819871707064],[-76.53786118854055,39.24820405299793],[-76.53785952032941,39.24820938892518],[-76.53785785096541,39.24821472394711],[-76.5378561815953,39.24822005986976],[-76.53785451338926,39.24822539489617],[-76.53785284401866,39.24823073081875],[-76.53785117465368,39.24823606584056],[-76.53784950528257,39.24824140176305],[-76.53784783707557,39.24824673678938],[-76.53784616770396,39.24825207271181],[-76.53784449833798,39.24825740773349],[-76.53784282896586,39.24826274365587],[-76.53784115844087,39.24826807867293],[-76.53783948906826,39.24827341459523],[-76.53783781970127,39.24827874961679],[-76.53783614917556,39.2482840846337],[-76.53783447980221,39.24828942055592],[-76.53783281043447,39.24829475557738],[-76.53783113990801,39.24830009059424],[-76.5378294693754,39.2483054265118],[-76.53782780000689,39.24831076153316],[-76.53782612947968,39.24831609654992],[-76.53782445895223,39.24832143156666],[-76.53782278841862,39.24832676748409],[-76.53782111789067,39.24833210250072],[-76.53781944736247,39.24833743751736],[-76.53781777567551,39.24834277252941],[-76.5378161051468,39.24834810754599],[-76.53781443461193,39.24835344346326],[-76.53781276292428,39.24835877847519],[-76.53781109355326,39.24836411349625],[-76.53780942302355,39.24836944851266],[-76.53780775248767,39.2483747844298],[-76.5378060831159,39.24838011945074],[-76.53780441489651,39.24838545537695],[-76.53780274552419,39.24839079039784],[-76.53780107614581,39.24839612631942],[-76.53779940793153,39.2484014613448],[-76.5377977397111,39.24840679727086],[-76.53779607149042,39.24841213319694],[-76.53779440326952,39.24841746912294],[-76.53779273505418,39.2484228041482],[-76.53779106799119,39.24842814007871],[-76.53778939976955,39.24843347600464],[-76.53778773154761,39.24843881193053],[-76.53778606448391,39.24844414786095],[-76.53778439626734,39.24844948288602],[-76.53778272804463,39.24845481881184],[-76.53778106098018,39.24846015474215],[-76.53777939275699,39.24846549066793],[-76.53777772453354,39.24847082659363],[-76.53777605631575,39.24847616161853],[-76.53777438693336,39.24848149753965],[-76.53777271870916,39.24848683346525],[-76.53777104933212,39.24849216848548],[-76.53776938110742,39.24849750441107],[-76.53776771172988,39.24850283943123],[-76.53776604118778,39.24850817534758],[-76.53776437180973,39.24851351036772],[-76.53776270127301,39.24851884538328],[-76.53776103073595,39.2485241803988],[-76.53775935904027,39.24852951540973],[-76.5377576873384,39.24853485132136],[-76.53775601564803,39.24854018543144],[-76.53775434279309,39.24854552043773],[-76.53775266993793,39.24855085544396],[-76.53775099592399,39.2485561904456],[-76.5377493219157,39.24856152454645],[-76.5377476479013,39.24856685954801],[-76.53774597273402,39.24857219364421],[-76.53774429640806,39.2485775277359],[-76.53774262008183,39.24858286182749],[-76.53774094259688,39.24858819591449],[-76.53773926511757,39.24859352910072],[-76.53773758647361,39.24859886318313],[-76.53773590667682,39.24860419636016],[-76.53773422687397,39.2486095304379],[-76.53773415353554,39.24860976254897],[-76.53773254591822,39.24861486361037],[-76.53773086380372,39.24862019677818],[-76.53772918169489,39.24862552904522],[-76.53772749842143,39.24863086220841],[-76.53772581399519,39.24863619446626],[-76.53772412841013,39.2486415267195],[-76.53772244166645,39.24864685896819],[-76.53772075492243,39.24865219121676],[-76.53771906701978,39.24865752346081],[-76.53771737680572,39.24866285479497],[-76.53771568659147,39.24866818612909],[-76.53771399521845,39.24867351745856],[-76.5377123026926,39.24867884788271],[-76.53771060784368,39.24868417919849],[-76.53770890837242,39.24868950869446],[-76.53770720427286,39.24869483727141],[-76.537705495545,39.2487001649293],[-76.53770378334153,39.24870549257354],[-76.53770206766826,39.24871081930326],[-76.53770034852521,39.24871614511847],[-76.53769862707082,39.24872147002385],[-76.5376969009823,39.24872679491091],[-76.53769517374091,39.24873211889265],[-76.53769344418237,39.24873744286521],[-76.53769171115397,39.24874276592332],[-76.53768997696685,39.24874808897682],[-76.53768824162103,39.24875341202572],[-76.53768650512235,39.24875873416927],[-76.53768476746491,39.24876405630825],[-76.53768302864877,39.24876937844259],[-76.53768128983235,39.24877470057694],[-76.53767954985723,39.2487800227067],[-76.5376778110403,39.24878534484094],[-76.53767607222309,39.24879066697517],[-76.53767433340565,39.24879598910937],[-76.53767259574639,39.24880131124809],[-76.5376708592395,39.24880663429212],[-76.53766912389662,39.24881195643987],[-76.53766738970619,39.24881727949294],[-76.53766565898498,39.24882260346043],[-76.5376639282635,39.24882792742788],[-76.53766220101718,39.24883325140893],[-76.53766047724015,39.24883857630441],[-76.53765875462132,39.24884390120445],[-76.53765703663024,39.24884922702343],[-76.53765532094998,39.24885455375225],[-76.53765360989753,39.24885988140004],[-76.53765190232018,39.24886520906149],[-76.53765019936471,39.24887053854266],[-76.53764849988441,39.24887586803748],[-76.53764680619035,39.24888119845581],[-76.53764511711819,39.24888653069388],[-76.53764343499655,39.2488918629593],[-76.53764175749686,39.24889719704439],[-76.53764008578341,39.24890253205306],[-76.53763841869767,39.24890786798067],[-76.53763675623975,39.24891320482727],[-76.53763509840957,39.24891854259282],[-76.53763344405456,39.24892388037204],[-76.53763179432146,39.24892921997097],[-76.53763014690506,39.24893455957902],[-76.53762850180533,39.24893989919613],[-76.53762686017488,39.24894523972764],[-76.53762522085532,39.248950581169],[-76.53762358269395,39.2489559226149],[-76.53762194684928,39.24896126406992],[-76.53762031099848,39.24896660642563],[-76.53761867631178,39.24897194788513],[-76.53761704277748,39.24897729024989],[-76.53761540808443,39.24898263261011],[-76.5376137745496,39.24898797497482],[-76.53761213870347,39.24899331642964],[-76.53761050285117,39.24899865878515],[-76.5376088658461,39.24900400023535],[-76.53760722652962,39.24900934077562],[-76.53760558604863,39.24901468221205],[-76.53760394210364,39.24902002183329],[-76.53760229583563,39.24902536234609],[-76.53760064610374,39.24903070104367],[-76.53759899405458,39.24903603973212],[-76.53759733737715,39.24904137750153],[-76.53759567607146,39.24904671435187],[-76.53759401013751,39.2490520502832],[-76.53759234073375,39.24905738530007],[-76.53759066437888,39.24906272028954],[-76.53758897299301,39.24906805071587],[-76.53758725730235,39.24907337744337],[-76.53758552078823,39.24907869958495],[-76.53758376807288,39.24908401896039],[-76.53758200147317,39.24908933557872],[-76.53758022445864,39.24909465035454],[-76.53757844166317,39.24909996330592],[-76.53757665655054,39.24910527624819],[-76.53757487375461,39.24911058919953],[-76.53757309442206,39.24911590396607],[-76.53757042624672,39.24912392746314],[-76.53756873022391,39.24912925787085],[-76.53756703420092,39.24913458827852],[-76.53756533701909,39.24913991868159],[-76.5375636410014,39.24914524818844],[-76.53756194381911,39.24915057859149],[-76.53756024779503,39.24915590899904],[-76.53755855061225,39.24916123940199],[-76.53755685458766,39.2491665698095],[-76.53755515740436,39.24917190021238],[-76.53755346138513,39.24917722971905],[-76.53755176420132,39.24918256012187],[-76.53755006701726,39.2491878905247],[-76.53754836983289,39.24919322092743],[-76.53754667381268,39.24919855043398],[-76.53754497662781,39.24920388083667],[-76.53754327944273,39.24920921123932],[-76.53754158225739,39.24921454164197],[-76.53753988507766,39.2492198711438],[-76.53753818905028,39.24922520155094],[-76.53753649186417,39.24923053195346],[-76.53753479467775,39.24923586235598],[-76.537533097497,39.24924119185769],[-76.53753140031014,39.24924652226012],[-76.53752970312303,39.2492518526625],[-76.53752800594151,39.24925718216412],[-76.53752630875383,39.2492625125665],[-76.53752461156594,39.24926784296879],[-76.53752291437779,39.24927317337104],[-76.53752121603675,39.24927850286796],[-76.5375195188481,39.24928383327015],[-76.53751782165919,39.24928916367235],[-76.5375161244759,39.24929449317374],[-76.53751442728648,39.24929982357585],[-76.53751273009676,39.2493051539779],[-76.53751103291269,39.24931048347919],[-76.53750933456405,39.24931581387668],[-76.53750763737357,39.24932114427865],[-76.53750594018874,39.24932647377984],[-76.5375042429978,39.24933180418173],[-76.53750254464813,39.24933713457907],[-76.53750084746248,39.24934246408016],[-76.53749915027078,39.24934779448196],[-76.53749745308468,39.24935312398299],[-76.53749575473394,39.24935845438018],[-76.53749405754147,39.24936378478187],[-76.53749236035461,39.24936911428281],[-76.53749066200311,39.24937444467993],[-76.53748896480985,39.24937977508154],[-76.53748726762224,39.24938510458238],[-76.53748556927002,39.24939043497933],[-76.53748387208184,39.24939576448011],[-76.53748217488757,39.24940109488162],[-76.5374804765346,39.24940642527849],[-76.53747877934565,39.24941175477918],[-76.53747708215062,39.24941708518055],[-76.53747538379686,39.24942241557738],[-76.53747368660716,39.24942774507794],[-76.53747198941136,39.24943307547923],[-76.53747029105685,39.24943840587591],[-76.53746859386642,39.2494437353764],[-76.53746689666981,39.24944906577755],[-76.5374651983204,39.2494543952734],[-76.53746350112334,39.24945972567455],[-76.53746180392598,39.24946505607564],[-76.53746010673426,39.24947038557595],[-76.53745840837797,39.24947571597241],[-76.53745671117983,39.24948104637343],[-76.53745501398735,39.24948637587365],[-76.5374533156303,39.24949170627001],[-76.53745161843146,39.24949703667091],[-76.53744992123816,39.24950236617103],[-76.53744822403881,39.24950769657187],[-76.53744652684506,39.24951302607192],[-76.53744482848667,39.24951835646812],[-76.53744313128655,39.24952368686882],[-76.53744143409203,39.2495290163688],[-76.53743973689141,39.24953434676946],[-76.53743803969051,39.24953967717011],[-76.53743634249518,39.24954500666998],[-76.53743464529379,39.24955033707053],[-76.53743294693368,39.2495556674665],[-76.53743124973171,39.24956099786703],[-76.53742955253541,39.24956632736674],[-76.53742785533299,39.24957165776719],[-76.53742615813033,39.24957698816758],[-76.53742446093327,39.24958231766719],[-76.53742276373004,39.24958764806755],[-76.53742106652659,39.24959297846787],[-76.53741937048137,39.24959830887271],[-76.53741767328329,39.24960363837219],[-76.53741597607907,39.2496089687724],[-76.53741427887464,39.24961429917261],[-76.53741258166987,39.24961962957276],[-76.53741088447076,39.24962495907211],[-76.53740918842401,39.24963028947676],[-76.53740749121853,39.24963561987683],[-76.5374057940128,39.24964095027683],[-76.53740409797115,39.24964627978063],[-76.5374024007649,39.24965161018056],[-76.5374007035584,39.24965694058049],[-76.53739900751013,39.24966227098495],[-76.53739731030306,39.2496676013848],[-76.53739561426019,39.24967293088843],[-76.53739391705263,39.24967826128821],[-76.53739222100332,39.24968359169256],[-76.53739052495382,39.24968892209685],[-76.53738882774549,39.24969425249651],[-76.53738713169541,39.24969958290077],[-76.53738543564509,39.24970491330496],[-76.53738373843605,39.24971024370453],[-76.53738204239109,39.2497155732079],[-76.53738034634,39.24972090361197],[-76.5373786502887,39.24972623401607],[-76.53737695423712,39.2497315644201],[-76.53737525818526,39.24973689482407],[-76.53737356213315,39.24974222522804],[-76.53737186608079,39.24974755563196],[-76.53737017002818,39.24975288603586],[-76.53736847397531,39.24975821643977],[-76.53736677792219,39.24976354684358],[-76.53736508302732,39.24976887725193],[-76.53736338697369,39.2497742076557],[-76.53736169091981,39.24977953805944],[-76.53735999602412,39.24978486846768],[-76.53735829996972,39.24979019887134],[-76.5373566050736,39.24979552927957],[-76.5373549090187,39.24980085968316],[-76.53735321412199,39.24980619009131],[-76.53735151806659,39.24981152049486],[-76.53734982316357,39.24981685180365],[-76.5373481282661,39.24982218221169],[-76.5373464333684,39.24982751261971],[-76.53734473847048,39.24983284302768],[-76.5373430424138,39.24983817343104],[-76.53734134751532,39.24984350383898],[-76.53733965261077,39.24984883514758],[-76.53733795887027,39.24985416556002],[-76.53733626397107,39.24985949596782],[-76.53733456907158,39.24986482637557],[-76.53733287416601,39.2498701576841],[-76.53733118042447,39.24987548809636],[-76.53732948552428,39.249880818504],[-76.53732779062376,39.24988614891168],[-76.53732609687565,39.2498914802246],[-76.5373244031331,39.24989681063676],[-76.53732270823188,39.24990214104429],[-76.53732101448294,39.24990747235712],[-76.5373193207397,39.2499128027692],[-76.5373176269903,39.24991813408194],[-76.53731593324653,39.24992346449395],[-76.53731423950246,39.24992879490589],[-76.53731254575231,39.24993412621858],[-76.53731085200778,39.24993945663044],[-76.53730915825707,39.24994478794304],[-76.53730746451203,39.24995011835488],[-76.53730577191934,39.24995544967197],[-76.53730407817379,39.24996078008374],[-76.53730238442205,39.2499661113962],[-76.53730069183447,39.24997144181248],[-76.53729899924076,39.24997677312943],[-76.53729730548832,39.24998210444183],[-76.53729561289997,39.24998743485797],[-76.53729392030549,39.24999276617487],[-76.53729222886923,39.24999809749625],[-76.53729053859126,39.25000342882222],[-76.53728884831297,39.2500087601481],[-76.53728715919294,39.25001409147855],[-76.53728547122533,39.2500194237143],[-76.53728378325741,39.25002475595],[-76.5372820964477,39.25003008819024],[-76.53728040964366,39.25003541952965],[-76.53727872398605,39.25004075267516],[-76.53727703949264,39.25004608492439],[-76.53727535499893,39.25005141717364],[-76.53727367049908,39.25005675032359],[-76.53727198716332,39.2500620825773],[-76.53727030497997,39.25006741573635],[-76.53726862279638,39.25007274889532],[-76.53726694061248,39.25007808205427],[-76.53726525958683,39.25008341521775],[-76.53726357856095,39.2500887483812],[-76.53726189869329,39.25009408154923],[-76.53726021882542,39.25009941471718],[-76.53725853895138,39.25010474878582],[-76.53725686024148,39.25011008195832],[-76.53725518036694,39.25011541602689],[-76.53725350165654,39.25012074919928],[-76.53725182409845,39.25012608327699],[-76.53725014538168,39.25013141735005],[-76.53724846782312,39.25013675142768],[-76.53724679027019,39.25014208460451],[-76.53724511271112,39.25014741868203],[-76.53724343631029,39.25015275276414],[-76.53724175875072,39.25015808684159],[-76.5372400823494,39.25016342092363],[-76.53723840478933,39.25016875500103],[-76.5372367283875,39.25017408908303],[-76.53723505198541,39.25017942316492],[-76.53723337558306,39.25018475724683],[-76.53723169802198,39.25019009132409],[-76.53723002161912,39.25019542540594],[-76.53722834521608,39.25020075948772],[-76.53722666881272,39.25020609356952],[-76.53722499125065,39.25021142764665],[-76.53722331484678,39.25021676172836],[-76.5372216372842,39.25022209580544],[-76.53721996088571,39.25022742898635],[-76.53721828332262,39.25023276306338],[-76.53721660575927,39.25023809714039],[-76.53721492819568,39.25024343121733],[-76.53721325063178,39.25024876529432],[-76.53721157191508,39.2502540984659],[-76.53720989435072,39.25025943254276],[-76.53720821794461,39.25026476662418],[-76.53720654037976,39.25027010070097],[-76.53720486397312,39.25027543478233],[-76.53720318872476,39.25028076886818],[-76.53720151231764,39.2502861029495],[-76.53719983706286,39.25029143793608],[-76.53719816181375,39.25029677202183],[-76.53719648772287,39.25030210611217],[-76.53719481362582,39.25030744110317],[-76.53719313837594,39.2503127751889],[-76.53719146427844,39.25031811017987],[-76.53718979134503,39.25032344427461],[-76.53718948612207,39.25032441410585],[-76.53718811724701,39.25032877926552],[-76.53718644315457,39.25033411335563],[-76.53718477021454,39.25033944835103],[-76.53718309611575,39.25034478334187],[-76.5371814231811,39.25035011743648],[-76.53717975024031,39.25035545243176],[-76.53717807614079,39.2503607874225],[-76.53717640320536,39.25036612151702],[-76.53717473026381,39.2503714565122],[-76.53717305616354,39.25037679150283],[-76.53717138322736,39.25038212559726],[-76.53716970912657,39.25038746058782],[-76.53716803618403,39.25039279558289],[-76.53716636208863,39.25039812967265],[-76.53716468798709,39.25040346466312],[-76.53716301389117,39.25040879875277],[-76.53716133978909,39.25041413374317],[-76.53715966453419,39.2504194678282],[-76.53715798927898,39.25042480191323],[-76.53715631517619,39.25043013690355],[-76.53715463876202,39.25043547098391],[-76.5371529635061,39.25044080506886],[-76.53715128709142,39.25044613914917],[-76.53714961067648,39.25045147322946],[-76.5371479342613,39.2504568073097],[-76.53714625668736,39.25046214138538],[-76.53714457911319,39.25046747546097],[-76.53714290038616,39.25047280863125],[-76.53714122165294,39.25047814270225],[-76.537139544078,39.25048347677777],[-76.5371378653502,39.25048880994798],[-76.53713618661624,39.25049414401884],[-76.53713450788796,39.25049947718895],[-76.53713282799498,39.25050481125525],[-76.53713114926619,39.25051014442529],[-76.53712946937273,39.25051547849147],[-76.53712778948488,39.25052081165691],[-76.53712610959684,39.2505261448223],[-76.53712442970263,39.25053147888837],[-76.53712274865555,39.25053681204915],[-76.53712106760821,39.25054214520986],[-76.53711938656063,39.25054747837056],[-76.5371177043543,39.25055281152663],[-76.53711602215355,39.25055814378196],[-76.53711433878824,39.2505634769334],[-76.53711265542263,39.25056881008483],[-76.53711097206265,39.25057414233548],[-76.5371092875381,39.2505794754823],[-76.53710760301912,39.25058480772827],[-76.53710591734135,39.25059013996969],[-76.53710423050491,39.25059547220651],[-76.53710254366814,39.25060080444329],[-76.53710085683119,39.25060613668004],[-76.53709916768284,39.25061146800687],[-76.53709747968684,39.25061680023899],[-76.53709578937948,39.25062213156117],[-76.53709409907184,39.25062746288334],[-76.53709240760544,39.25063279420089],[-76.53709071498032,39.25063812551387],[-76.5370890223608,39.25064345592603],[-76.53708732741821,39.25064878722981],[-76.53708563248117,39.25065411763279],[-76.5370839352269,39.25065944802658],[-76.53708223797828,39.25066477751962],[-76.53708053956497,39.25067010790881],[-76.53707884115734,39.25067543739722],[-76.53707714159091,39.25068076688098],[-76.53707544086576,39.25068609636018],[-76.53707374014033,39.25069142583936],[-76.53707203941465,39.2506967553185],[-76.5370703375302,39.25070208479301],[-76.53706863448699,39.25070741426294],[-76.53706693260794,39.25071274283664],[-76.53706522956422,39.25071807230649],[-76.53706352652618,39.25072340087558],[-76.53706182348195,39.25072873034538],[-76.53706012044334,39.2507340589144],[-76.5370584162401,39.25073938837957],[-76.53705671320104,39.25074471694852],[-76.5370550101558,39.25075004641818],[-76.53705330827465,39.2507553749916],[-76.53705160522892,39.25076070446121],[-76.5370499033414,39.25076603393533],[-76.53704820145954,39.2507713625087],[-76.53704649957149,39.25077669198277],[-76.53704479884173,39.25078202146138],[-76.53704309811172,39.25078735093994],[-76.53704139853993,39.25079268042307],[-76.53703969896206,39.25079801080685],[-76.53703800170673,39.25080334029904],[-76.53703630328684,39.2508086706874],[-76.53703460718367,39.25081400108481],[-76.53703291223874,39.25081933148677],[-76.53703121729359,39.25082466188869],[-76.53702952350663,39.25082999229519],[-76.53702783087208,39.25083532360692],[-76.53702614055429,39.25084065492781],[-76.53702445023626,39.25084598624865],[-76.53702276222907,39.25085131847929],[-76.53702107422161,39.25085665070995],[-76.53701938853095,39.25086198294971],[-76.53701770631548,39.25086731520313],[-76.53701602524656,39.25087264926263],[-76.53701434765877,39.25087798243499],[-76.53701267122339,39.25088331651263],[-76.5370109970988,39.25088865150019],[-76.53700932529105,39.25089398649683],[-76.53700765580002,39.25089932150258],[-76.53700598630286,39.25090465740902],[-76.53700431912243,39.25090999332459],[-76.5370026531003,39.25091532924468],[-76.53700098823639,39.25092066516932],[-76.5369993233664,39.25092600199464],[-76.53699765965462,39.25093133882457],[-76.53699599710698,39.25093667475825],[-76.53699433455323,39.25094201159262],[-76.53699267199917,39.250947348427],[-76.53699101060342,39.25095268526589],[-76.53698934804891,39.25095802210022],[-76.53698768549415,39.25096335893448],[-76.53698602293915,39.2509686957687],[-76.53698435922536,39.25097403259835],[-76.5369826943587,39.25097936852264],[-76.53698102948597,39.25098470534763],[-76.53697936346032,39.25099004126729],[-76.53697769627588,39.25099537718232],[-76.53697602793858,39.25100071219205],[-76.53697435727817,39.25100604809332],[-76.53697268546489,39.25101138308926],[-76.53697101134017,39.2510167171753],[-76.53696933605674,39.25102205125667],[-76.53696765845604,39.25102738532895],[-76.53696597738544,39.25103271848668],[-76.53696429515603,39.25103805163982],[-76.53696260945678,39.2510433838785],[-76.53696092375729,39.25104871611713],[-76.5369592357405,39.2510540483466],[-76.53695754772347,39.25105938057602],[-76.53695585855355,39.25106471190009],[-76.53695416938339,39.25107004322413],[-76.53695247789595,39.25107537453898],[-76.5369507864083,39.25108070585384],[-76.53694909376185,39.25108603716409],[-76.53694740111516,39.25109136847427],[-76.53694570731552,39.25109669887916],[-76.53694401351571,39.25110202928396],[-76.5369423173986,39.25110735967959],[-76.53694062243389,39.25111269098056],[-76.53693892632215,39.2511180204754],[-76.53693723020427,39.25112335087092],[-76.5369355329276,39.25112868126187],[-76.53693383565071,39.25113401165281],[-76.53693213722097,39.25113934113836],[-76.53693043878503,39.25114467152465],[-76.53692874035478,39.25115000101016],[-76.53692704191833,39.25115533139635],[-76.53692534348757,39.25116066088179],[-76.53692364389801,39.25116599036263],[-76.53692194430229,39.2511713207442],[-76.53692024471222,39.25117665022496],[-76.53691854512189,39.25118197970569],[-76.53691684553135,39.2511873091864],[-76.53691514593463,39.25119263956781],[-76.53691344634353,39.25119796904845],[-76.53691174675218,39.25120329852906],[-76.53691004831911,39.2512086280142],[-76.53690834872137,39.25121395839547],[-76.53690664912925,39.25121928787599],[-76.53690495069543,39.251224617361],[-76.53690325225541,39.25122994774674],[-76.53690155382107,39.25123527723173],[-76.53689985538054,39.25124060761746],[-76.53689815809831,39.25124593800768],[-76.53689646082169,39.25125126749713],[-76.53689476469745,39.25125659789185],[-76.53689306857295,39.25126192828658],[-76.53689137244818,39.25126725868124],[-76.53688967748167,39.25127258908044],[-76.53688798251494,39.25127791947964],[-76.53688628870053,39.25128325078408],[-76.53688459489179,39.25128858118772],[-76.53688290223542,39.25129391249673],[-76.53688121073728,39.25129924381025],[-76.53687951923894,39.25130457512368],[-76.5368778288988,39.25130990644171],[-76.53687613855844,39.25131523775966],[-76.53687444937046,39.25132056998292],[-76.53687276018809,39.25132590130543],[-76.53687107216398,39.25133123263245],[-76.53686938297523,39.25133656485558],[-76.5368676949447,39.2513418970833],[-76.53686600807832,39.25134722841481],[-76.53686432004736,39.25135256064245],[-76.53686263317458,39.25135789287462],[-76.53686094746011,39.25136322511135],[-76.53685926058682,39.25136855734348],[-76.53685757487185,39.25137388958008],[-76.5368558891566,39.2513792218167],[-76.53685420344111,39.25138455405328],[-76.53685251887798,39.25138988719516],[-76.53685083316198,39.25139521943167],[-76.53684914860423,39.25140055167273],[-76.53684746404033,39.2514058848145],[-76.53684577948208,39.25141121705551],[-76.53684409608205,39.25141654930104],[-76.53684241151741,39.2514218824427],[-76.53684072811694,39.25142721468816],[-76.53683904355178,39.25143254782976],[-76.53683736015074,39.25143788007517],[-76.53683567674364,39.25144321322134],[-76.53683399333623,39.25144854636741],[-76.53683230993444,39.25145387861273],[-76.53683062652657,39.25145921175874],[-76.53682894312428,39.25146454400397],[-76.53682725971591,39.25146987714992],[-76.53682557630721,39.25147521029584],[-76.53682389290417,39.25148054254101],[-76.53682220949503,39.25148587568685],[-76.53682052724409,39.25149120883724],[-76.53681884384032,39.25149654108229],[-76.53681716043039,39.25150187422808],[-76.53681547702611,39.25150720647303],[-76.53681379245717,39.2515125396142],[-76.53681210905233,39.25151787185913],[-76.53681042564138,39.25152320500475],[-76.53680874107761,39.25152853724503],[-76.53680705766614,39.2515338703906],[-76.5368053731018,39.25153920263082],[-76.53680368853135,39.25154453577174],[-76.5368020039665,39.25154986801189],[-76.53679900983866,39.25155934585098],[-76.53679732063905,39.25156467807276],[-76.53679563028659,39.25157000938921],[-76.53679393877533,39.25157534070101],[-76.5367922472638,39.25158067201281],[-76.53679055459352,39.25158600332004],[-76.53678886308742,39.25159133373099],[-76.53678717157513,39.25159666504265],[-76.53678548006259,39.25160199635432],[-76.53678378970835,39.25160732767055],[-76.53678210050647,39.25161265989205],[-76.53678041362133,39.25161799212258],[-76.5367787278945,39.25162332435774],[-76.53677704563708,39.25162865750735],[-76.53677536569643,39.251633990666],[-76.53677368806667,39.25163932473452],[-76.53677201738189,39.25164465973121],[-76.53677035248356,39.25164999565146],[-76.53676869336574,39.25165533339604],[-76.53676703887591,39.25166067205961],[-76.5367653867029,39.25166601073231],[-76.53676373568811,39.25167134940953],[-76.53676208351453,39.25167668808216],[-76.53676043134077,39.25168202675475],[-76.53675877453851,39.25168736450823],[-76.53675711310784,39.25169270134273],[-76.53675544589024,39.25169803725354],[-76.53675377057448,39.25170337133083],[-76.53675208599626,39.25170870447079],[-76.53675038406942,39.25171403303835],[-76.53674866593482,39.25171935974043],[-76.53674693739099,39.25172468369909],[-76.53674520190167,39.25173000672955],[-76.53674346525941,39.25173532885459],[-76.53674173208661,39.25174065189411],[-76.53674000701137,39.25174597676709],[-76.53673829350345,39.25175130438799],[-76.53673659851388,39.25175663478422],[-76.53673492435387,39.25176196886575],[-76.53673326638933,39.2517673066142],[-76.53673161652829,39.25177264529539],[-76.53672997360636,39.25177798580548],[-76.53672833647086,39.25178332723916],[-76.53672670512185,39.25178866959639],[-76.53672507840078,39.25179401287264],[-76.53672345399065,39.25179935705872],[-76.53672183189725,39.25180470125395],[-76.53672021211482,39.25181004635903],[-76.53671859117951,39.25181539055875],[-76.53671697139659,39.25182073566376],[-76.53671534930223,39.25182607985887],[-76.53671372373206,39.25183142404023],[-76.53671209585642,39.2518367664109],[-76.53671046334645,39.25184210876324],[-76.5367088250495,39.25184745019196],[-76.53670718096556,39.25185279069706],[-76.53670552878357,39.25185812936862],[-76.53670386966195,39.25186346621119],[-76.53670220011927,39.25186880211185],[-76.53670052132581,39.25187413527364],[-76.53669883442838,39.25187946750267],[-76.53669714174396,39.25188479880808],[-76.5366960547745,39.25188820935181],[-76.53669544211991,39.25189012828449],[-76.53669373902005,39.25189545774718],[-76.53669203245613,39.25190078539459],[-76.53669032356906,39.25190611393361],[-76.53668861468762,39.25191144157181],[-76.53668690464742,39.25191676920544],[-76.53668519691809,39.25192209774893],[-76.53668349035287,39.25192742539618],[-76.53668178840978,39.2519327548632],[-76.53668009109457,39.25193808524921],[-76.5366783995659,39.25194341655883],[-76.53667671498218,39.25194874879658],[-76.53667503617902,39.25195408285862],[-76.53667336316825,39.25195941694354],[-76.53667169362102,39.25196475284363],[-76.53667002754911,39.25197008875737],[-76.53666836494664,39.25197542558557],[-76.53666670350242,39.25198076241834],[-76.53666504205796,39.25198609925102],[-76.53666338176592,39.25199143698903],[-76.53666172032096,39.25199677382166],[-76.53666005656457,39.25200210974438],[-76.53665838932652,39.25200744655414],[-76.53665671978293,39.25201278155315],[-76.53665504561087,39.25201811563313],[-76.53665336564595,39.2520234496902],[-76.53665168221696,39.25202878193205],[-76.53664999415362,39.25203411415556],[-76.53664830493742,39.25203944547373],[-76.53664661224538,39.25204477677813],[-76.53664491724196,39.25205010717264],[-76.53664322223824,39.25205543756709],[-76.53664152491724,39.25206076795235],[-76.5366398287545,39.25206609834218],[-76.53663813375002,39.25207142873654],[-76.53663643873945,39.25207676003162],[-76.53663474605152,39.25208209043505],[-76.53663305567446,39.25208742174832],[-76.5366313687669,39.25209275397606],[-76.53662968417022,39.25209808711369],[-76.53662800420737,39.25210342026951],[-76.53662632887252,39.25210875434436],[-76.53662465931825,39.25211409024354],[-76.53662299323931,39.25211942615642],[-76.5366213317883,39.25212476298832],[-76.53661967380675,39.25213010073464],[-76.53661801930052,39.25213543849461],[-76.53661636710518,39.25214077716446],[-76.53661471722079,39.25214611674422],[-76.5366130684947,39.25215145632847],[-76.53661142092682,39.25215679591727],[-76.53660977567577,39.25216213551519],[-76.53660812926594,39.25216747510853],[-76.53660648285,39.25217281560255],[-76.53660483643969,39.25217815519582],[-76.53660318887063,39.25218349478445],[-76.53660153899013,39.2521888334632],[-76.53659988794499,39.25219417303806],[-76.53659823459429,39.25219951080226],[-76.53659657776777,39.25220484855272],[-76.53659491862398,39.25221018629396],[-76.53659325485172,39.25221552311617],[-76.53659158645684,39.25222085811856],[-76.53658991458613,39.25222619310715],[-76.53658823576994,39.25223152716759],[-76.5365865523311,39.25223685940816],[-76.53658486194681,39.25224219072052],[-76.53658316693398,39.25224752111384],[-76.53658146613419,39.25225285058347],[-76.53657976185856,39.25225818003938],[-76.53657805296034,39.25226350767542],[-76.53657634058628,39.25226883529773],[-76.53657462705928,39.2522741620147],[-76.53657291006238,39.25227948781717],[-76.53657119190078,39.25228481451576],[-76.53656947258634,39.25229014030903],[-76.53656775327158,39.25229546610225],[-76.53656603395657,39.25230079189544],[-76.53656431464131,39.25230611768861],[-76.53656259763697,39.25231144439161],[-76.5365608817909,39.25231677109915],[-76.53655916942009,39.2523220978204],[-76.53655745936028,39.25232742545148],[-76.53655575276986,39.25233275399705],[-76.53655404733775,39.25233808254713],[-76.53655234190538,39.25234341109714],[-76.53655063763127,39.25234873965173],[-76.53654893450953,39.2523540691116],[-76.53654723255197,39.25235939767528],[-76.53654553058823,39.25236472713967],[-76.53654383094133,39.25237005661317],[-76.53654213244683,39.25237538699193],[-76.5365404351106,39.25238071737525],[-76.53653874009112,39.25238604776772],[-76.53653704738259,39.25239137907],[-76.5365353569909,39.25239671038143],[-76.53653366775744,39.25240204169737],[-76.5365319785237,39.2524073730133],[-76.53653028928385,39.25241270522995],[-76.53652860120228,39.25241803745113],[-76.53652691543752,39.25242336968144],[-76.5365252319896,39.25242870192087],[-76.53652355200519,39.25243403597544],[-76.53652187434349,39.25243936913839],[-76.53652020130387,39.25244470412114],[-76.53651853289225,39.25245004002285],[-76.53651686911451,39.25245537594284],[-76.53651520995881,39.25246071368262],[-76.53651355658971,39.25246605234597],[-76.53651190553732,39.25247139101844],[-76.53651025563738,39.25247673059617],[-76.53650860921279,39.25248207018763],[-76.536506965105,39.25248740978819],[-76.53650532214964,39.25249275029405],[-76.53650368035252,39.25249809080441],[-76.53650204086635,39.25250343222469],[-76.53650040137994,39.25250877364488],[-76.53649876305768,39.25251411416893],[-76.53649712472929,39.25251945559364],[-76.53649548755916,39.25252479702291],[-76.53649385038884,39.25253013845219],[-76.53649221321822,39.2525354798814],[-76.53649057488884,39.25254082130601],[-76.53648893655922,39.25254616273061],[-76.53648729591232,39.252551504146],[-76.53648565527101,39.25255684466061],[-76.53648401347093,39.25256218517062],[-76.53648237051209,39.25256752567607],[-76.53648072408329,39.25257286526696],[-76.53647907881275,39.25257820486241],[-76.53647743237757,39.25258354535401],[-76.53647578594803,39.25258888494483],[-76.53647414067679,39.25259422454017],[-76.53647249424087,39.2525995650317],[-76.53647084781058,39.25260490462239],[-76.53646920138004,39.25261024421314],[-76.53646755494927,39.25261558380377],[-76.53646590735967,39.25262092338982],[-76.53646425976986,39.25262626297582],[-76.53646261102125,39.25263160255727],[-76.53646096227833,39.25263694123791],[-76.53645931237071,39.25264228081468],[-76.53645766131019,39.25264761948611],[-76.53645601024938,39.2526529581575],[-76.53645435687136,39.25265829681971],[-76.53645270349301,39.25266363548191],[-76.53645104895591,39.25266897413949],[-76.53644939210736,39.25267431188715],[-76.53644773525856,39.25267964963473],[-76.53644607609836,39.25268498647245],[-76.53644441577346,39.25269032420629],[-76.53644275429566,39.25269566103475],[-76.53644109165911,39.25270099785862],[-76.53643942902231,39.25270633468249],[-76.53643776639113,39.25271167060553],[-76.53643610259526,39.25271700742471],[-76.53643443648798,39.25272234333399],[-76.53643277037457,39.25272768014401],[-76.53643110426678,39.2527330160532],[-76.53642943584755,39.2527383510525],[-76.53642776626367,39.25274368694792],[-76.53642609552689,39.25274902193799],[-76.53642442247279,39.25275435691884],[-76.53642274941843,39.2527596918997],[-76.53642107405261,39.25276502597065],[-76.53641939636951,39.25277036003237],[-76.53641771753351,39.25277569318875],[-76.53641603753282,39.2527810272413],[-76.5364143552266,39.25278635948316],[-76.53641267059714,39.25279169261657],[-76.53641098365624,39.25279702484004],[-76.53640929440391,39.25280235615359],[-76.53640760399283,39.25280768746254],[-76.53640591242291,39.2528130187669],[-76.53640421853571,39.25281835006204],[-76.53640252465414,39.25282368045644],[-76.53640082845521,39.25282901084164],[-76.53639913109747,39.25283434122223],[-76.53639743258688,39.25283967069745],[-76.53639573291747,39.25284500016807],[-76.53639403208928,39.2528503296341],[-76.53639233126084,39.25285565910008],[-76.53639062811504,39.25286098855688],[-76.53638892497493,39.25286631711291],[-76.53638722067599,39.2528716456643],[-76.53638551521233,39.25287697511186],[-76.53638380860173,39.25288230275333],[-76.53638210198494,39.25288763129551],[-76.53638039420936,39.25289295983304],[-76.53637868643942,39.25289828746984],[-76.5363769775048,39.25290361600273],[-76.53637526857582,39.25290894363489],[-76.53637355848801,39.25291427126239],[-76.53637184840001,39.25291959888991],[-76.53637013831168,39.25292492651735],[-76.53636842706457,39.2529302541402],[-76.53636671582315,39.25293558086226],[-76.53636500457553,39.25294090848506],[-76.53636329216914,39.25294623610323],[-76.53636157976837,39.25295156282062],[-76.53635986505026,39.25295688952883],[-76.53635815033188,39.25296221623704],[-76.53635643329619,39.25296754293604],[-76.53635471510758,39.25297286872964],[-76.53635299691287,39.25297819542403],[-76.53635127640663,39.25298352120843],[-76.53634955590607,39.25298884609207],[-76.53634783539938,39.25299417187644],[-76.5363461137339,39.25299949765616],[-76.53634439207399,39.25300482253513],[-76.53634266924942,39.25301014831025],[-76.53634094643047,39.25301547318457],[-76.53633922361132,39.25302079805886],[-76.53633750078598,39.25302612383387],[-76.53633577796626,39.25303144870806],[-76.53633405514627,39.25303677358228],[-76.53633233232016,39.25304209935717],[-76.53633060949971,39.25304742423129],[-76.5363288878316,39.25305275001072],[-76.53632716732768,39.25305807489391],[-76.53632544565906,39.25306340067326],[-76.53632372630726,39.25306872646174],[-76.53632200695526,39.25307405225017],[-76.53632028876147,39.2530793780431],[-76.53631857172012,39.25308470474141],[-76.53631685583704,39.25309003144422],[-76.53631513995369,39.25309535814696],[-76.53631342522861,39.25310068485428],[-76.53631171166185,39.25310601156613],[-76.53630999693627,39.25311133827338],[-76.53630828452751,39.25311666498973],[-76.53630657095404,39.25312199260226],[-76.53630485854478,39.25312731931857],[-76.53630314612938,39.25313264693556],[-76.53630143487224,39.25313797455712],[-76.5362997224622,39.25314330127335],[-76.53629801120454,39.25314862889482],[-76.53629629878812,39.25315395651168],[-76.53629458753583,39.25315928323236],[-76.53629287511887,39.2531646108492],[-76.53629116386027,39.25316993847056],[-76.53628945144862,39.25317526518654],[-76.5362877390309,39.25318059280328],[-76.53628602546029,39.25318591951464],[-76.53628431188942,39.25319124622597],[-76.53628259831235,39.253196573838],[-76.53628088358239,39.25320190054467],[-76.5362791688522,39.25320722725137],[-76.53627745296322,39.2532125539534],[-76.53627573592125,39.25321787975005],[-76.53627401887321,39.25322320644749],[-76.53627230067221,39.25322853223949],[-76.5362705801539,39.25323385802236],[-76.53626885500707,39.25323918288614],[-76.53626712639023,39.25324450683539],[-76.53626539430333,39.25324982987016],[-76.53626365989918,39.25325515289571],[-76.53626192318349,39.25326047501133],[-76.53626018530314,39.2532657980231],[-76.53625844626988,39.25327112012953],[-76.53625670839493,39.25327644224045],[-76.53625497051968,39.25328176435139],[-76.53625323380274,39.25328708646686],[-76.5362514993967,39.25329240949214],[-76.53624976730164,39.25329773342738],[-76.53624803868188,39.25330305737628],[-76.5362463146902,39.25330838224414],[-76.53624459416801,39.25331370802652],[-76.53624287943236,39.25331903473245],[-76.53624117048332,39.25332436236203],[-76.53623946847351,39.2533296918205],[-76.53623777340877,39.25333502220712],[-76.53623608413064,39.25334035351737],[-76.53623439716343,39.25334568573746],[-76.53623271251311,39.2533510179667],[-76.53623102901514,39.25335635110125],[-76.53622934899256,39.25336168424945],[-76.53622766896976,39.25336701739765],[-76.53622599125784,39.2533723514557],[-76.53622431586282,39.25337768552289],[-76.53622264046163,39.25338302049079],[-76.53622096738317,39.25338835456703],[-76.53621929661567,39.25339368955319],[-76.53621762584206,39.25339902544005],[-76.53621595623258,39.25340436043069],[-76.53621428893403,39.2534096963312],[-76.53621262163529,39.25341503223169],[-76.53621095549484,39.25342036813672],[-76.53620929050676,39.25342570494707],[-76.5362076266829,39.25343104086119],[-76.53620596285286,39.25343637767602],[-76.53620430018115,39.25344171449538],[-76.53620263750918,39.25344705131475],[-76.53620097599551,39.25345238813863],[-76.5361993156401,39.25345772496711],[-76.53619765412003,39.25346306269166],[-76.53619599376418,39.25346839952007],[-76.53619433340803,39.25347373634838],[-76.53619267304575,39.25347907407747],[-76.53619101268914,39.25348441090573],[-76.53618935232636,39.25348974863474],[-76.5361876919692,39.25349508546296],[-76.53618603161186,39.25350042229118],[-76.53618437008979,39.25350576001547],[-76.53618270973189,39.25351109684362],[-76.53618104821521,39.25351643366712],[-76.53617938669834,39.25352177049062],[-76.53617772633379,39.25352710821939],[-76.53617606828612,39.2535324459573],[-76.53617441255525,39.25353778370434],[-76.5361727568242,39.2535431214513],[-76.53617110340407,39.25354846010817],[-76.53616945114229,39.25355379876956],[-76.53616779888019,39.25355913743093],[-76.53616614893495,39.25356447610145],[-76.53616449898358,39.25356981567271],[-76.53616284903785,39.25357515434312],[-76.53616120024458,39.25358049391885],[-76.53615955145101,39.25358583349455],[-76.53615790381576,39.2535911730748],[-76.53615625502756,39.25359651174971],[-76.5361546062333,39.25360185132529],[-76.53615295743873,39.25360719090085],[-76.53615130864391,39.25361253047638],[-76.53614965869625,39.25361786914658],[-76.5361480075897,39.25362320781216],[-76.53614616827078,39.25362915825997],[-76.53614282902414,39.25363982913924],[-76.53613949093508,39.25365050002297],[-76.53613615283909,39.25366117180732],[-76.53613281590651,39.25367184269537],[-76.53612948013151,39.25368251358788],[-76.53612614319108,39.25369318537641],[-76.53612452561543,39.25369835663025],[-76.53612280509697,39.2537038562595],[-76.53611946816041,39.25371452714705],[-76.53611612889986,39.25372519892606],[-76.53611278965008,39.25373586890346],[-76.53610944807629,39.25374653977231],[-76.53610610650738,39.25375720974025],[-76.53610276146185,39.25376787969438],[-76.53609941525674,39.25377854964379],[-76.53609606789797,39.25378921868774],[-76.53609271937967,39.25379988772697],[-76.5360893708603,39.25381055676608],[-76.53608602233997,39.2538212258051],[-76.5360826738186,39.25383189484394],[-76.53607932413772,39.25384256387808],[-76.53607597561432,39.2538532329167],[-76.53607262593728,39.25386390104985],[-76.53606927625339,39.25387457008362],[-76.53606592656843,39.25388523911725],[-76.53606257572393,39.25389590814619],[-76.53605922604285,39.25390657627886],[-76.53605587519635,39.25391724530751],[-76.53605252550737,39.25392791434063],[-76.53604917466473,39.25393858246831],[-76.5360458238152,39.25394925149657],[-76.53604247297055,39.253959919624],[-76.53603912211901,39.25397058865207],[-76.53603577127234,39.25398125677923],[-76.53603241926024,39.25399192580242],[-76.53602906841155,39.25400259392933],[-76.53602571755599,39.25401326295683],[-76.53602236554674,39.2540239310789],[-76.53601901468916,39.25403460010619],[-76.53601566267785,39.254045268228],[-76.53601231181825,39.25405593725499],[-76.53600895980499,39.25406660537656],[-76.53600560894337,39.25407727440329],[-76.53600225692809,39.25408794252459],[-76.53599890607035,39.25409861065035],[-76.5359955540471,39.25410927967212],[-76.53599220318733,39.25411994779761],[-76.53598885116214,39.25413061681918],[-76.53598550030037,39.2541412849444],[-76.53598214943169,39.25415195397024],[-76.5359787985679,39.25416262209524],[-76.53597544769721,39.25417329112082],[-76.5359720968314,39.25418395924553],[-76.53596874595871,39.25419462827091],[-76.53596539509088,39.25420529639537],[-76.53596204421616,39.25421596542044],[-76.53595869449899,39.25422663444997],[-76.53595534362813,39.25423730257405],[-76.53595199390895,39.25424797160335],[-76.53594864418874,39.25425864063249],[-76.53594529446758,39.2542693096615],[-76.53594194474536,39.25427997869038],[-76.53593859502803,39.2542906468184],[-76.53593524646239,39.25430131585163],[-76.53593189789569,39.25431198488473],[-76.53592854932803,39.25432265391768],[-76.53592520075938,39.25433332295053],[-76.53592185218378,39.25434399288396],[-76.53591850477166,39.25435466192115],[-76.53591515735853,39.25436533095816],[-76.53591180994438,39.25437599999506],[-76.53590846252334,39.25438666993259],[-76.53590511626572,39.25439733897378],[-76.53590177000123,39.25440800891567],[-76.53589842374161,39.2544186779566],[-76.5358950786337,39.25442934790274],[-76.5358917335306,39.25444001694807],[-76.53588838842067,39.25445068689394],[-76.53588504330969,39.25446135683976],[-76.5358816993563,39.25447202679],[-76.53587836118879,39.2544826976637],[-76.53587503806392,39.25449337129914],[-76.53587172534745,39.25450404767788],[-76.53586842189257,39.25451472499391],[-76.53586512421776,39.25452540413421],[-76.53586183117619,39.25453608329266],[-76.5358585369751,39.25454676244645],[-76.5358552416144,39.25455744159549],[-76.53585194162437,39.25456811982539],[-76.53584863468789,39.2545787971269],[-76.5358453289148,39.25458947353209],[-76.53584202428755,39.2546001517433],[-76.53583872314087,39.25461082906733],[-76.53583542198731,39.25462150729199],[-76.53583212083278,39.25463218551652],[-76.53582881852452,39.2546428628356],[-76.53582551273963,39.25465354014082],[-76.5358222046366,39.25466421743674],[-76.53581889306865,39.25467489291733],[-76.53581557455425,39.25468556746954],[-76.53581225141043,39.25469624110251],[-76.53580892016156,39.25470691380261],[-76.53580558081352,39.254717584669],[-76.535802197492,39.25472824725444],[-76.53579875862897,39.25473889881093],[-76.53579529662304,39.25474954577192],[-76.5357918438669,39.25476019547167],[-76.53578843392961,39.25477085254673],[-76.53578509689264,39.2547815234215],[-76.53578179457035,39.2547922007388],[-76.53577850497369,39.2548028808086],[-76.53577522578549,39.25481356362179],[-76.53577195585892,39.25482424737221],[-76.53576869287683,39.25483493205074],[-76.53576543452219,39.25484561764821],[-76.53576217847193,39.25485630505624],[-76.5357589247437,39.25486699157256],[-76.53575566985593,39.25487767808416],[-76.53575241149737,39.25488836368118],[-76.53574914850354,39.25489904925973],[-76.53574587856912,39.25490973300917],[-76.5357426005355,39.2549204149249],[-76.53573931207967,39.25493109589854],[-76.53573601321337,39.25494177412863],[-76.53573270624204,39.25495245142572],[-76.53572939464718,39.25496312690287],[-76.53572607726434,39.25497380145624],[-76.53572275524628,39.25498447599115],[-76.53571943091596,39.25499514961606],[-76.53571610542603,39.25500582323625],[-76.5357127787825,39.25501649595095],[-76.53570945213201,39.2550271695663],[-76.53570612663908,39.2550378431861],[-76.53570280462093,39.25504851681951],[-76.53569948722425,39.25505919227262],[-76.53569617330226,39.25506986773938],[-76.53569286632481,39.25508054413417],[-76.53568956628608,39.25509122235787],[-76.53568627318595,39.25510190241042],[-76.5356829847191,39.25511258248119],[-76.53567969625128,39.25512326255183],[-76.53567640893513,39.25513394352767],[-76.53567312277659,39.25514462450801],[-76.53566983893418,39.25515530549736],[-76.53566655509084,39.25516598648656],[-76.53566327239918,39.25517666838096],[-76.53565998971234,39.25518734937454],[-76.53565670817727,39.25519803127328],[-76.53565342779974,39.2552087131765],[-76.53565014857986,39.25521939508415],[-76.53564686935897,39.25523007699172],[-76.53564359013116,39.25524075979988],[-76.53564031206687,39.25525144171177],[-76.5356370339957,39.25526212452428],[-76.53563375708798,39.25527280644047],[-76.5356304801734,39.25528348925732],[-76.53562720325782,39.25529417207404],[-76.53562392634713,39.25530485398986],[-76.53562064942965,39.25531553680633],[-76.53561737366967,39.25532621962727],[-76.53561409675015,39.25533690244349],[-76.53561081983553,39.25534758435881],[-76.53560754407265,39.25535826717937],[-76.53560426715016,39.25536894999522],[-76.5356009902267,39.25537963281096],[-76.53559771214958,39.25539031472119],[-76.53559443406556,39.25540099753209],[-76.53559115598648,39.25541167944208],[-76.53558787790639,39.255422361352],[-76.5355845986667,39.25543304325716],[-76.53558131826748,39.25544372515765],[-76.53557803786731,39.255454407058],[-76.53557475630754,39.25546508895365],[-76.53557147474679,39.25547577084915],[-76.53556819203233,39.2554864518392],[-76.53556490815835,39.25549713282459],[-76.53556162312479,39.25550781380525],[-76.53555833693162,39.25551849478117],[-76.53555504958484,39.25552917485165],[-76.53555172752091,39.2555398484793],[-76.53554529117659,39.25554821101597],[-76.53553137776919,39.25555010795424],[-76.53551746437286,39.25555200308936],[-76.53550354869991,39.25555389190841],[-76.53548963073258,39.25555577711366],[-76.53547571394675,39.25555765871881],[-76.53546179486065,39.25555953761091],[-76.53544787578566,39.25556141469988],[-76.53543395670987,39.25556329178718],[-76.5354200376275,39.2555651697736],[-76.53540611969706,39.25556704866366],[-76.53539220174814,39.25556893025436],[-76.53537828493357,39.25557081545098],[-76.53536436924729,39.25557270515427],[-76.5353504546835,39.255574600265],[-76.5353365423948,39.25557650168849],[-76.53532263236947,39.25557841122625],[-76.53530872344888,39.25558032887371],[-76.53529481793841,39.25558225644146],[-76.53528091583804,39.25558419392964],[-76.53526701597742,39.25558614313503],[-76.53525311950915,39.25558810496303],[-76.53523922642744,39.25559008031441],[-76.53522534015482,39.25559207730961],[-76.53521159409452,39.2555946018103],[-76.53519794531738,39.25559748610279],[-76.53518421743246,39.25560006561933],[-76.53517032219447,39.2556020157324],[-76.53515640886093,39.25560389821422],[-76.53514248875213,39.25560575364435],[-76.5351285618445,39.25560758562587],[-76.53511463044352,39.25560939596934],[-76.53510069336093,39.25561118917407],[-76.53508675289636,39.25561296795132],[-76.53507280903206,39.25561473500343],[-76.5350588640616,39.25561649394255],[-76.53504491680278,39.25561824836713],[-76.53503096955505,39.2556200009885],[-76.53501702230076,39.25562175450898],[-76.53500307733343,39.25562351254074],[-76.53498913347089,39.25562527868215],[-76.53497519301841,39.25562705474391],[-76.53496125594069,39.25562884613055],[-76.53494732339034,39.25563065374737],[-76.53493339649641,39.25563248210273],[-76.53491947524712,39.25563433299808],[-76.53490560038333,39.25563635432158],[-76.53489195287415,39.25563921876659],[-76.53488149323498,39.255644830584],[-76.53487536075401,39.25565472379992],[-76.53486930917722,39.25566464706149],[-76.53486325644018,39.25567457031809],[-76.5348572048659,39.25568449267823],[-76.53485115328402,39.25569441593873],[-76.53484510285313,39.25570434010427],[-76.53483905242054,39.25571426426948],[-76.53483300430344,39.2557241884435],[-76.5348269573373,39.25573411352251],[-76.53482091268667,39.25574403861041],[-76.534814869187,39.25575396460327],[-76.53480882799099,39.25576389240648],[-76.5348027891105,39.25577382021856],[-76.53479675253956,39.25578374894017],[-76.53479071827817,39.25579367857141],[-76.53478468632636,39.25580360911225],[-76.53477865437289,39.25581353965273],[-76.53477262241771,39.25582347019287],[-76.53476659161946,39.25583340073729],[-76.53476056081358,39.25584333218208],[-76.53475453117046,39.25585326273039],[-76.53474850151983,39.25586319417915],[-76.53474247302016,39.25587312653284],[-76.53473644452471,39.25588305798551],[-76.53473041833885,39.25589299034772],[-76.53472439215126,39.25590292270963],[-76.53471836595614,39.25591285597194],[-76.53471234207646,39.2559227892431],[-76.53470631819511,39.2559327225139],[-76.53470029662334,39.25594265669431],[-76.53469427504984,39.2559525908744],[-76.53468825462737,39.25596252595946],[-76.53468223536184,39.25597246104881],[-76.53467621724724,39.25598239704311],[-76.53467020028957,39.25599233304171],[-76.53466418564742,39.25600226904913],[-76.53465817099762,39.25601220595698],[-76.53465215865747,39.25602214377444],[-76.53464615093813,39.25603208341141],[-76.53464014784552,39.25604202396716],[-76.53463414820932,39.25605196723858],[-76.53462815435847,39.25606191143341],[-76.53462216281717,39.25607185653784],[-76.53461617358553,39.25608180255185],[-76.53461018550482,39.25609174947089],[-76.53460419858106,39.25610169639415],[-76.53459821280829,39.25611164422245],[-76.53459222588113,39.25612159114503],[-76.53458623779377,39.25613153806275],[-76.53458024739935,39.25614148316942],[-76.53457425468604,39.25615142826653],[-76.53456825850709,39.25616137154811],[-76.53456225885665,39.25617131391477],[-76.53455625342929,39.25618125355591],[-76.53455024337174,39.25619119227755],[-76.53454422638464,39.25620112736836],[-76.53453777944604,39.25621090131766],[-76.53453213815251,39.25622096670758],[-76.5345264390579,39.25623101205107],[-76.53451852084822,39.25624287806626],[-76.53451870446577,39.25624561984533],[-76.5345188822904,39.25624836160138],[-76.53451905779194,39.25625110424902],[-76.53451923329939,39.25625384599588],[-76.53451941112402,39.25625658775191],[-76.53451959358306,39.25625932952633],[-76.53451978531086,39.25626207133751],[-76.53451998631326,39.25626481228468],[-76.5345202000661,39.25626755238159],[-76.5345204219291,39.25627029251066],[-76.53452064610931,39.25627303264893],[-76.53452087144812,39.25627577279177],[-76.53452110026272,39.25627851294841],[-76.53452133255898,39.25628125221808],[-76.53452156948376,39.25628399240682],[-76.53452181105476,39.25628673081246],[-76.53452205957139,39.25628947014643],[-76.53452231504545,39.25629220860717],[-76.53452257863563,39.25629494619933],[-76.53452285033596,39.2562976838236],[-76.53452313131093,39.25630042058391],[-76.53452342156059,39.25630315648018],[-76.53452371644462,39.25630589239483],[-76.53452401248727,39.25630862831406],[-76.53452431084713,39.25631136424251],[-76.53452461153014,39.25631409927934],[-76.53452491336577,39.25631683522155],[-76.53452521752459,39.25631957027216],[-76.5345255240006,39.25632230533198],[-76.53452583163519,39.25632504039638],[-76.53452614158704,39.25632777546998],[-76.53452645385605,39.25633051055274],[-76.53452676728371,39.25633324564011],[-76.53452708419307,39.25633597984047],[-76.53452740226105,39.25633871404546],[-76.5345277226462,39.25634144825963],[-76.53452804534858,39.25634418248296],[-76.53452836920962,39.2563469167109],[-76.53452869655231,39.25634965005182],[-76.53452902504776,39.25635238429815],[-76.53452935586628,39.25635511765287],[-76.53452968900204,39.25635785101677],[-76.53453002445498,39.25636058438989],[-76.53453036223107,39.25636331687141],[-76.53453070116581,39.25636604935752],[-76.53453104357629,39.25636878185741],[-76.53453135349898,39.25637152143467],[-76.53453161933014,39.25637427074569],[-76.53453185151494,39.2563770271295],[-76.53453205817523,39.25637978881672],[-76.53453225091474,39.25638255315107],[-76.53453243900212,39.25638532016932],[-76.53453263288843,39.25638808630976],[-76.53453284069553,39.25639084980311],[-76.5345330728627,39.25639360888915],[-76.53453334099351,39.25639636091151],[-76.53453365204544,39.2563991049971],[-76.53453401878079,39.2564018384942],[-76.53453444816874,39.25640455872799],[-76.53453495295398,39.25640726574913],[-76.53453554011746,39.25640995508134],[-76.53453622124522,39.25641262677058],[-76.53453700678821,39.25641527725519],[-76.53453790369795,39.25641790656273],[-76.53453887137061,39.2564205226392],[-76.53453987613604,39.25642313616032],[-76.53454091569482,39.25642574441478],[-76.53454199003507,39.25642834920398],[-76.5345430991628,39.25643094962721],[-76.53454423960802,39.25643354476995],[-76.53454541137084,39.25643613463217],[-76.53454661444526,39.25643872011464],[-76.53454784536741,39.25644129940209],[-76.53454910528995,39.25644387339982],[-76.53455039189565,39.25644644209868],[-76.53455170519047,39.2564490045979],[-76.53455304285723,39.2564515608883],[-76.53455440373726,39.25645411096531],[-76.53455578783067,39.25645665482894],[-76.53455719282607,39.25645919156918],[-76.5345586187177,39.25646172208685],[-76.53456006320003,39.25646424457121],[-76.53456152742585,39.25646675992767],[-76.53456300791932,39.25646926814237],[-76.53456450352779,39.25647176831005],[-76.53456601540991,39.25647426043522],[-76.5345675400898,39.25647674450419],[-76.53456907872608,39.25647922052147],[-76.53457062784888,39.25648168757259],[-76.53457218745824,39.2564841456575],[-76.53457375870676,39.25648659568158],[-76.53457536714863,39.25648902783764],[-76.53457702553418,39.25649144127538],[-76.5345787280705,39.25649383597187],[-76.53458047358122,39.25649621462481],[-76.53458225626751,39.2564985781119],[-76.53458407496491,39.25650092732938],[-76.53458592386264,39.25650326495644],[-76.53458780064361,39.25650559098398],[-76.53458970065566,39.25650790809581],[-76.53459162158158,39.25651021628281],[-76.53459355992197,39.25651251913417],[-76.53459551104841,39.25651481573076],[-76.53459747146735,39.25651710876102],[-76.53459943885571,39.2565193991166],[-76.53460140740869,39.25652168857595],[-76.53460337595588,39.25652397893604],[-76.53460533985702,39.25652627107922],[-76.53460729447183,39.25652856588791],[-76.53460923862394,39.25653086605971],[-76.53461116652043,39.25653317157162],[-76.53461307582634,39.25653548511683],[-76.53461524691768,39.25653816181014],[-76.53462421362056,39.25657313201039],[-76.53463322460233,39.25661371960257],[-76.53464462641912,39.25667648377969],[-76.5346461926738,39.25676292361243],[-76.53463557920465,39.25685575569551],[-76.5346353552048,39.25695070162912],[-76.53463840356832,39.25708640696931],[-76.53464286275967,39.2571882470525],[-76.5346485463226,39.25727971058346],[-76.53466302514505,39.25738265778375],[-76.5346751342034,39.257440955114],[-76.53469818131919,39.25750006504598],[-76.53472504384355,39.25754893029438],[-76.53475451231905,39.25759936689939],[-76.53477721867894,39.25763730190995],[-76.53479397783441,39.25767310194365],[-76.53480816757038,39.2577123705776],[-76.53481277581734,39.25773901385973],[-76.53481514024607,39.25775268073536],[-76.53482145001213,39.25782872460189],[-76.53480086006194,39.25790114258181],[-76.5347991915572,39.25792607384949],[-76.53477976275053,39.25795497561671],[-76.53472470267094,39.25797741187844],[-76.53468272036618,39.25798869433363],[-76.53468090234746,39.25806823161636],[-76.53469403059852,39.25811441938776],[-76.53472597725296,39.25819884834002],[-76.53476888813073,39.25828754894652],[-76.53481687534703,39.25838559353681],[-76.53484252881969,39.25847120275138],[-76.53486447293858,39.25855654234608],[-76.53488118819628,39.25862330081575],[-76.53487852319084,39.25863409862269],[-76.53487578406767,39.25864489073124],[-76.53487337732288,39.25865570667563],[-76.53487190750174,39.2586665884845],[-76.53487216213679,39.25867759062136],[-76.53487208079267,39.25868858782425],[-76.53487168316009,39.25869958107194],[-76.53487235303369,39.25871051639485],[-76.53487469430861,39.25872135835264],[-76.53487680717454,39.25873222372643],[-76.53487865687829,39.25874311147786],[-76.53488056339691,39.25875399314882],[-76.53488267167151,39.25876485219879],[-76.53488488894668,39.2587756981689],[-76.53488710622253,39.25878654413892],[-76.53488921449909,39.25879740318869],[-76.53489116276107,39.2588082805208],[-76.53489306464289,39.25881916307374],[-76.5348950569695,39.25883003517561],[-76.53489721163523,39.25884088810341],[-76.53489945326398,39.25885173146715],[-76.53490170648571,39.25886257397593],[-76.53490389941778,39.25887342255123],[-76.53490592189569,39.25888429116903],[-76.53490778088289,39.25889517805546],[-76.53490974886485,39.25890605276273],[-76.53491193947642,39.25891690222931],[-76.53491415560214,39.2589277481938],[-76.53491618155907,39.25893861682506],[-76.53491803939059,39.25894950370657],[-76.53491994939671,39.25896038539002],[-76.53492208899611,39.25897124005881],[-76.53492437817813,39.2589820773045],[-76.53492670563131,39.25899290929715],[-76.53492897278299,39.25900374915776],[-76.53493110542144,39.25901460560023],[-76.53493314878067,39.25902547159752],[-76.53493516082784,39.25903634197456],[-76.53493719374291,39.25904721063264],[-76.53493924406173,39.2590580757565],[-76.53494136742843,39.25906893306266],[-76.5349435394939,39.25907978515698],[-76.53494574635457,39.25909063198439],[-76.53494799959685,39.25910147359075],[-76.53495020181843,39.25911232130042],[-76.53495230779113,39.25912318123959],[-76.53495439521448,39.25913404290681],[-76.53495654873983,39.259144895828],[-76.53495884836644,39.25915573221305],[-76.53496117003144,39.25916656508225],[-76.53496332008292,39.25917741798944],[-76.53496513154109,39.25918831099114],[-76.5349670949054,39.25919918567816],[-76.5349693933826,39.25921002115752],[-76.53497162923497,39.25922086539646],[-76.53497365521497,39.25923173312511],[-76.53497565915781,39.25924260436942],[-76.5349777663028,39.25925346341161],[-76.5349799198295,39.25926431723273],[-76.53498206407588,39.25927517281858],[-76.53498415383143,39.25928603359319],[-76.53498621459211,39.25929689875679],[-76.5349882915921,39.25930776128229],[-76.53499042773061,39.25931861683573],[-76.5349925882189,39.25932946978324],[-76.53499470464412,39.25934032796079],[-76.53499671786831,39.25935119834038],[-76.53499867544291,39.25936207390415],[-76.53500067011819,39.25937294601171],[-76.53500269957111,39.2593838155546],[-76.53500479743759,39.25939467726136],[-76.53500724551567,39.25940549441552],[-76.53501422590296,39.25941425323811],[-76.53502678593081,39.25941937882254],[-76.53503880385948,39.25942518774646],[-76.53505067309243,39.25943140953457],[-76.53506251368805,39.25943775821689],[-76.53507361514863,39.25944462281603],[-76.5350832681234,39.259452394161],[-76.5350911865948,39.25946122244931],[-76.53509797884006,39.25947075788785],[-76.53510407412716,39.25948073825016],[-76.5351098958956,39.25949090669135],[-76.53511586990241,39.25950100637553],[-76.53512241959331,39.25951077955673],[-76.53512966449156,39.25952019878417],[-76.53513727426218,39.25952945821749],[-76.53514491308346,39.25953870515444],[-76.53515224626872,39.25954809050057],[-76.53515907158247,39.25955770983796],[-76.53516567956488,39.25956743010177],[-76.53517245958894,39.2595770654729],[-76.53517978473626,39.25958644087692],[-76.53518751901464,39.25959562153164],[-76.53519546948159,39.25960469945286],[-76.5352035640886,39.25961370678306],[-76.53521172961696,39.25962267746179],[-76.53521989284194,39.25963164632922],[-76.53522802820241,39.25964062409353],[-76.53523619612501,39.25964958397063],[-76.53524439892709,39.25965852596977],[-76.53525263894944,39.25966744649708],[-76.5352609173508,39.25967634555719],[-76.53526923413703,39.25968522224931],[-76.53527757883313,39.25969408373811],[-76.53528592585452,39.25970294433476],[-76.53529428449986,39.2597117995721],[-76.53530266292097,39.25972064317712],[-76.53531107275144,39.25972946798955],[-76.53531952445462,39.25973826864622],[-76.53532802734681,39.2597470379778],[-76.53533659073261,39.25975577061647],[-76.53534522507516,39.25976446119902],[-76.5353539245578,39.25977311330544],[-76.53536269033317,39.25978172784113],[-76.53537151777257,39.25979030388696],[-76.53538040687613,39.25979884144284],[-76.53538935648508,39.25980734050428],[-76.53539836428808,39.25981580016131],[-76.53540743610786,39.25982421593307],[-76.53541663942916,39.25983254484954],[-76.53542595679548,39.25984079855165],[-76.53543534630693,39.25984900569827],[-76.53544476491052,39.25985719404301],[-76.53545416955951,39.25986539043868],[-76.53546353347508,39.25987361459637],[-76.53547292882381,39.25988181635833],[-76.53548234628342,39.25989000379467],[-76.53549175327605,39.25989819749419],[-76.53550111837667,39.25990641895116],[-76.53551041015433,39.25991469056049],[-76.53551959952487,39.25992303022266],[-76.53552870860875,39.25993142181126],[-76.53553776066147,39.2599398528075],[-76.53554676732855,39.25994831424968],[-76.53555574258453,39.25995679538394],[-76.53556470038033,39.25996528905921],[-76.5355736535319,39.25997378451695],[-76.53558261599605,39.25998227370542],[-76.53559159358377,39.25999075394522],[-76.53560056651546,39.25999923776902],[-76.53560951153557,39.26000773769558],[-76.53561840768222,39.26001626985597],[-76.53562723054715,39.26002484586364],[-76.53563595918612,39.26003347914739],[-76.53564460057463,39.26004216613171],[-76.53565317913875,39.26005089250088],[-76.53566171233474,39.2600596466139],[-76.53567021993054,39.26006841773971],[-76.53567871940018,39.2600771915351],[-76.53568723165841,39.26008595907495],[-76.53569577533786,39.26009470602068],[-76.53570436788915,39.26010342163198],[-76.53571303023874,39.26011209518231],[-76.53572178101939,39.26012071233305],[-76.53573065512032,39.26012925340507],[-76.53573968978357,39.26013769332403],[-76.53574884544985,39.26014605715507],[-76.53575808022499,39.26015437265642],[-76.53576734758605,39.26016266666737],[-76.53577660448009,39.26017096694159],[-76.53578580668976,39.26017930212895],[-76.53579491117392,39.26018769818166],[-76.53580387372101,39.26019618284896],[-76.53581264430858,39.26020478655935],[-76.53582124503347,39.2602134967894],[-76.53582973407592,39.26022227593672],[-76.53583817192757,39.26023108730882],[-76.53584661791542,39.26023989510933],[-76.53585513137837,39.26024866174048],[-76.53586377049673,39.26025734959971],[-76.53587250965634,39.26026597750202],[-76.53588129302963,39.26027457765449],[-76.5358901124648,39.26028315633029],[-76.53589895865719,39.26029171889724],[-76.53590782462544,39.2603002698316],[-76.53591669990637,39.26030881449671],[-76.53592557751263,39.26031735826952],[-76.53593444698684,39.26032590561258],[-76.53594332226828,39.26033445117636],[-76.53595231620019,39.26034292604733],[-76.53596135550448,39.26035137317304],[-76.5359703285142,39.26035985876916],[-76.53597912239779,39.2603684499478],[-76.5359876278291,39.26037720933095],[-76.53599587388049,39.26038612081967],[-76.53600394895751,39.26039513161787],[-76.5360119181982,39.26040420324973],[-76.53601984672297,39.26041329994172],[-76.53602779967582,39.2604223823173],[-76.53603583985993,39.26043141459382],[-76.53604403357207,39.26044035829992],[-76.53605243315211,39.26044918301627],[-76.53606099091256,39.26045791647819],[-76.53606966381818,39.26046658373729],[-76.53607841930869,39.26047520268036],[-76.53608722248302,39.26048379478796],[-76.53609603961641,39.26049237884313],[-76.53610483580772,39.26050097632641],[-76.53611357733809,39.26050960512006],[-76.5361222164963,39.26051829656261],[-76.53613059495093,39.2605271653274],[-76.53613883024471,39.26053613261091],[-76.53614711562798,39.26054505955695],[-76.53615564318054,39.26055380910623],[-76.5361646061349,39.2605622451047],[-76.53617444221418,39.26057005311043],[-76.5361853796051,39.2605770673819],[-76.53619656150033,39.26058390156295],[-76.53620709036869,39.26059119525946],[-76.53621679694356,39.26059931802008],[-76.53622622198066,39.26060796932153],[-76.53623404546374,39.2606171898899],[-76.53623891807402,39.26062707167993],[-76.53624080640151,39.26063793973842],[-76.53624061981533,39.26064929322506],[-76.53623919158504,39.26066039679813],[-76.5362310834102,39.26066920764844],[-76.53623185373048,39.26067845981142],[-76.53623884988485,39.26068857157777],[-76.53624669761537,39.26069798410516],[-76.53625472638372,39.26070699920598],[-76.53626302712901,39.26071588566919],[-76.5362714615288,39.26072471050639],[-76.53627989706587,39.26073353895058],[-76.53628819774086,39.26074243712167],[-76.53629626475548,39.26075145237053],[-76.53630420736538,39.26076053288386],[-76.53631207322888,39.26076965542982],[-76.53631989491211,39.26077880122079],[-76.53632770264043,39.2607879550631],[-76.53633552781547,39.26079709906524],[-76.53634337973597,39.26080622876007],[-76.53635118514123,39.26081538439308],[-76.53635896379328,39.26082455613376],[-76.5363667471055,39.26083372428923],[-76.53637456646788,39.26084287276953],[-76.5363824532879,39.26085198278244],[-76.53639044012007,39.26086103734179],[-76.53639854786745,39.26087002932395],[-76.53640668778296,39.26087906376878],[-76.53641499855995,39.26088801691738],[-76.53642370517447,39.26089668248043],[-76.53643302680322,39.26090485504645],[-76.53644324956085,39.2609123700029],[-76.53645437222406,39.26091923725316],[-76.5364660850756,39.26092550962069],[-76.53647810852948,39.26093123914721],[-76.53649062580793,39.26093640313582],[-76.53650360627378,39.26094090238052],[-76.53651688256714,39.26094463713581],[-76.53653046596274,39.26094747773495],[-76.53654437885692,39.26094954316815],[-76.53655842693991,39.26095113442675],[-76.53657244266331,39.26095253549321],[-76.53658646707437,39.26095384831671],[-76.5366005141417,39.26095506304387],[-76.53661457928945,39.26095617064887],[-76.53662865678893,39.26095716120069],[-76.53664274321692,39.26095802657886],[-76.53665683284468,39.26095875685221],[-76.53667094299331,39.26095918364495],[-76.53668508317888,39.26095926916219],[-76.53669923242772,39.26095920878851],[-76.536713375554,39.26095919883216],[-76.53672749156667,39.26095943738002],[-76.53674156882069,39.2609601108458],[-76.53675570732014,39.26096098722509],[-76.53676988650302,39.26096202139809],[-76.53678399632,39.26096338677962],[-76.53679792789225,39.2609652549875],[-76.53681157117057,39.26096779943656],[-76.53682497204358,39.26097109056801],[-76.53683829705349,39.26097499842707],[-76.53685137009494,39.26097952051761],[-76.53686400808688,39.26098465791917],[-76.53687602444872,39.2609904153006],[-76.53688730665456,39.2609968129361],[-76.5368980504019,39.26100386961311],[-76.53690833878521,39.26101145865062],[-76.53691822949617,39.26101943975608],[-76.53692777672697,39.2610276762259],[-76.53693704164523,39.26103602778117],[-76.5369458884163,39.26104453532178],[-76.53695400800039,39.26105350299061],[-76.53696171333128,39.26106274015751],[-76.53696935113808,39.26107202660006],[-76.5369772681324,39.26108114479791],[-76.5369857598389,39.26108990855589],[-76.53699462492617,39.26109845219564],[-76.53700373079472,39.26110685356151],[-76.53701301467061,39.26111514393283],[-76.53702241144502,39.26112335728218],[-76.53703186067909,39.26113152219591],[-76.53704138094685,39.26113963334264],[-76.53705098153524,39.26114768805665],[-76.53706064497611,39.26115569978062],[-76.53707035381291,39.2611636801557],[-76.5370800905952,39.26117163992243],[-76.53708983786642,39.26117959072193],[-76.53709959096847,39.26118753613898],[-76.53710956056091,39.26119533288053],[-76.5371196535328,39.2612030445343],[-76.53712963829224,39.26121082602078],[-76.53713928440571,39.26121883226513],[-76.53714838356626,39.26122720116512],[-76.5371570114341,39.26123587987359],[-76.53716534488517,39.26124475288837],[-76.53717355381403,39.26125370918342],[-76.53718180577447,39.26126264132665],[-76.53719026949069,39.26127144008893],[-76.53719906364663,39.26128002937245],[-76.53720806140663,39.26128849154819],[-76.53721719412111,39.26129687048335],[-76.5372264012924,39.26130520377184],[-76.53723562708099,39.26131352542297],[-76.53724736573825,39.26132421249253],[-76.53725697451507,39.26133226271748],[-76.53726658911681,39.26134030846074],[-76.5372762037149,39.26134835510389],[-76.5372858066755,39.26135640980738],[-76.53729538985274,39.26136447794359],[-76.5373049124522,39.26137259628357],[-76.53731428590378,39.26138084284529],[-76.53732357429855,39.2613891620336],[-76.53733284988549,39.26139749107917],[-76.53734218840712,39.26140576452409],[-76.53735166211239,39.26141391959907],[-76.5373613455734,39.26142189264313],[-76.53737131105078,39.26142961908531],[-76.53738165873088,39.26143701644937],[-76.53739255396761,39.26144395927862],[-76.53740390014453,39.26145051565091],[-76.53741555985103,39.2614567904151],[-76.53742739222953,39.26146288390247],[-76.53743925756388,39.26146889915137],[-76.53745141209529,39.26147463269609],[-76.53746463501137,39.26147946877587],[-76.53747787478478,39.26148420763726],[-76.53748993083818,39.26148976243736],[-76.53749962935547,39.26149702932447],[-76.53750718574851,39.26150584700877],[-76.53751344183178,39.26151559096861],[-76.53751886210662,39.26152592704606],[-76.53752390876889,39.26153651927234],[-76.53752904632016,39.2615470334892],[-76.53753449483057,39.26155730482148],[-76.53753903347059,39.26156815356756],[-76.53754721356408,39.26157621345452],[-76.53756029166378,39.26158051659728],[-76.53757374833927,39.26158469151832],[-76.5375864601957,39.26158954268627],[-76.53759909826488,39.26159451516632],[-76.53761139061452,39.26159990874536],[-76.53762314930677,39.26160593616616],[-76.53763465650837,39.26161232740785],[-76.53764589629134,39.26161903736917],[-76.53765678516054,39.26162607653077],[-76.53766724425543,39.2616334553915],[-76.5376773808141,39.26164107618959],[-76.5376873786999,39.2616488180449],[-76.53769726123329,39.26165665853006],[-76.53770705055224,39.26166457881599],[-76.53771676995949,39.26167255917756],[-76.53772644159905,39.26168057988489],[-76.53773608762073,39.26168862030757],[-76.53774573016861,39.26169666071574],[-76.53775539254525,39.26170468138417],[-76.53776507943242,39.26171267512514],[-76.53777470228924,39.26172071545331],[-76.53778426460943,39.26172879968017],[-76.53779379898849,39.26173690451402],[-76.53780333570472,39.26174500665391],[-76.537812907342,39.26175308460965],[-76.5378225430256,39.26176111417502],[-76.53783225088398,39.26176909267969],[-76.53784199135188,39.26177704609026],[-76.53785175975936,39.26178497979301],[-76.53786155378317,39.26179289467952],[-76.53787136760651,39.26180079433005],[-76.53788120005888,39.26180868054138],[-76.53789104416477,39.26181655688934],[-76.53790089874792,39.26182442607146],[-76.53791076497873,39.26183228629087],[-76.53792064169265,39.26184013844373],[-76.53793053122463,39.26184797983694],[-76.53794043472161,39.26185581227645],[-76.53795035335993,39.26186363306473],[-76.53796028598084,39.2618714421971],[-76.5379702349076,39.261879238782],[-76.53798020014018,39.26188702281939],[-76.53799018400777,39.26189479251689],[-76.53800018535154,39.26190254786992],[-76.53801020299532,39.26191029157617],[-76.53802023112225,39.26191802721583],[-76.53803026624445,39.26192575657679],[-76.53804030602707,39.26193348235208],[-76.53805034581188,39.26194120812649],[-76.5380603832639,39.26194893659314],[-76.53807041257213,39.26195667043152],[-76.53808043256028,39.2619644123393],[-76.53809043858195,39.26197216409974],[-76.53810043760679,39.26197992303792],[-76.53811045177294,39.26198767032476],[-76.53812047409313,39.26199541133741],[-76.53813049757414,39.26200315235376],[-76.53814051057645,39.26201090143496],[-76.53815050495403,39.26201866395353],[-76.53816047254337,39.26202644798443],[-76.53817040172241,39.26203425888648],[-76.53818028549215,39.26204210383843],[-76.53819011337754,39.26204999000515],[-76.5381998620818,39.26205793621131],[-76.5382094850347,39.2620659765031],[-76.53821901134999,39.26207408847568],[-76.53822847828138,39.26208224525249],[-76.53823792075949,39.26209042084855],[-76.53824737489695,39.26209858568043],[-76.53825687677715,39.26210671466841],[-76.53826646134236,39.26211478002597],[-76.53827347694178,39.26212054462122],[-76.53827616584641,39.26212275487649],[-76.5382860403766,39.26213059888207],[-76.5382961594697,39.26213825378578],[-76.53830645906392,39.26214577067948],[-76.53831685414735,39.26215321498524],[-76.53832726320171,39.26216064943655],[-76.53833760120909,39.26216814035611],[-76.53834778199895,39.26217575316154],[-76.5383576504873,39.26218363767189],[-76.53836730455461,39.2621917095996],[-76.53837695866513,39.26219977522126],[-76.53838682728895,39.26220763991263],[-76.53839712142582,39.26221510813514],[-76.53840800891115,39.26222202921876],[-76.53841932659687,39.26222854574469],[-76.53843094506004,39.26223478151049],[-76.5384427535574,39.26224083876864],[-76.53845464712724,39.26224682159595],[-76.53846651734371,39.26225283225417],[-76.5384782557751,39.26225897390578],[-76.5384897831092,39.2622653264077],[-76.53850127291631,39.26227174812036],[-76.53851266466333,39.26227828204286],[-76.53852381395834,39.26228503750184],[-76.5385345798794,39.2622921247384],[-76.53854489839415,39.26229959034111],[-76.53855231066359,39.262305301531],[-76.5385549209346,39.26230731149954],[-76.53856474536958,39.26231520572736],[-76.53857446492138,39.26232319232167],[-76.53858417512389,39.26233119148916],[-76.53859396804067,39.26233912252226],[-76.53860393687647,39.26234690742008],[-76.53861408860105,39.26235454350763],[-76.53862434164918,39.26236210072456],[-76.53863466108457,39.26236960595668],[-76.53864501197076,39.26237708608983],[-76.53865536285906,39.26238456622207],[-76.53866567649581,39.26239207323016],[-76.53867592025613,39.26239963490985],[-76.53868606037389,39.26240727635005],[-76.53869605841918,39.26241502712524],[-76.53870581074725,39.26242296699698],[-76.5387153441428,39.26243107535279],[-76.53872475526887,39.26243927690769],[-76.53873413961844,39.2624474981736],[-76.53874359617798,39.26245566297375],[-76.53875322045192,39.2624636960186],[-76.53876312423107,39.26247151217391],[-76.53877345662411,39.26247898952047],[-76.53878406854567,39.2624862463744],[-76.53879474916599,39.26249345215318],[-76.53880528535538,39.26250077356315],[-76.53881573065964,39.2625081729823],[-76.53882619924529,39.26251555627807],[-76.53883663638452,39.26252296467094],[-76.5388469861791,39.2625304411784],[-76.53885719506567,39.26253802612492],[-76.53886718153767,39.26254578044273],[-76.53887668472503,39.2625539066818],[-76.53888592822643,39.26256223187148],[-76.53889526373513,39.26257048536003],[-76.53890504178543,39.26257839649103],[-76.53891528452135,39.26258594553438],[-76.53892576600322,39.26259330905465],[-76.53893637326419,39.26260057488387],[-76.53894699216688,39.26260783265079],[-76.53895750857419,39.26261517198451],[-76.53896780834279,39.26262268341472],[-76.53897781925333,39.262630425208],[-76.53898760886123,39.26263834358348],[-76.53899727732922,39.26264635966654],[-76.53900691900894,39.26265439726213],[-76.53901663175165,39.26266237658576],[-76.53902651223801,39.26267021964986],[-76.53903668041646,39.2626778341459],[-76.53904721901655,39.26268514923766],[-76.53905795097454,39.2626923092541],[-76.53906867128917,39.26269947823152],[-76.53907917381825,39.26270681749956],[-76.53908929312587,39.26271446512762],[-76.5390991945426,39.2627222992599],[-76.5391089270437,39.26273027234783],[-76.53911848373562,39.26273837535663],[-76.53912785655415,39.26274660104858],[-76.53913703859386,39.26275494219053],[-76.53914606700336,39.26276338811888],[-76.53915495568698,39.26277193888837],[-76.53916366751363,39.26278060246023],[-76.53917216651115,39.26278938680029],[-76.53918041670127,39.26279830077502],[-76.53918837048381,39.2628073586101],[-76.53919595569774,39.26281660956482],[-76.53920325022729,39.26282601521167],[-76.53921035756487,39.26283551920826],[-76.53921738237364,39.26284506341523],[-76.53922442814611,39.26285459149017],[-76.53923151233886,39.26286409179151],[-76.53923855352714,39.26287361264134],[-76.53924555869818,39.26288314866255],[-76.539252538292,39.26289269809448],[-76.53925949814305,39.2629022546547],[-76.53926644985579,39.26291181568636],[-76.53927340157044,39.26292137671759],[-76.53928035677477,39.26293093596051],[-76.53928728990712,39.26294050412414],[-76.53929420560829,39.26295008032583],[-76.53930111201245,39.26295966099445],[-76.5393080172598,39.26296924165814],[-76.53931493064326,39.26297881875021],[-76.53932186262047,39.26298838780782],[-76.53932882016112,39.26299794615603],[-76.53933581025255,39.26300748841765],[-76.53934278753579,39.26301704053702],[-76.53934974506453,39.26302660158616],[-76.53935671304686,39.26303615907281],[-76.53936372286711,39.26304569780692],[-76.5393708024335,39.26305520258486],[-76.53937798196596,39.26306465911289],[-76.53938529052547,39.26307405309257],[-76.53939275601462,39.26308337022103],[-76.53940037028146,39.26309261677166],[-76.53940810311801,39.26310180523674],[-76.5394159231282,39.26311095260773],[-76.53942380009806,39.26312007227769],[-76.53943170264328,39.26312917943664],[-76.53943959937946,39.26313828927449],[-76.53944746123969,39.26314741699044],[-76.53945524405285,39.26315658402974],[-76.53946285124321,39.26316585216682],[-76.53947036537677,39.26317517578617],[-76.53947790743231,39.26318448239989],[-76.53948559721226,39.26319370221766],[-76.5394935556954,39.26320276275144],[-76.53950190500746,39.26321159331925],[-76.53951061487609,39.26322021632155],[-76.53951954104916,39.26322871946807],[-76.53952865564759,39.26323711345876],[-76.53953792844578,39.26324541348811],[-76.5395473304001,39.26325363115225],[-76.53955683129659,39.26326177984423],[-76.53956640207996,39.26326987296164],[-76.53957601254197,39.26327792299687],[-76.53958565327866,39.26328595063067],[-76.53959533585362,39.26329395951154],[-76.53960506962423,39.26330193616453],[-76.5396148650948,39.26330986892081],[-76.53962473276964,39.26331774611158],[-76.53963468084153,39.2633255551581],[-76.53964472097347,39.26333328439605],[-76.53965486136403,39.26334092034607],[-76.53966511366458,39.26334845314521],[-76.53967558161355,39.26335578861928],[-76.53968660548728,39.26336262994699],[-76.53969801278626,39.26336913228531],[-76.53970956577291,39.26337550458183],[-76.53972102786832,39.26338195578872],[-76.53973261110238,39.26338831018609],[-76.53974420835398,39.26339464752258],[-76.53975458579265,39.26340200515396],[-76.53976446600211,39.26340991931334],[-76.5397741093954,39.2634180793549],[-76.53978324911343,39.26342653917986],[-76.5397916241255,39.26343534730771],[-76.53979888377133,39.26344461496072],[-76.53980460575708,39.26345459990613],[-76.53980935148519,39.26346503501372],[-76.539813809189,39.26347557168025],[-76.53981846950249,39.26348595600956],[-76.53982286173496,39.26349640414363],[-76.53982708446424,39.26350690295717],[-76.53983135016632,39.26351738662584],[-76.53983586899986,39.26352778931609],[-76.53984085343532,39.26353804610423],[-76.53984640333803,39.26354812405307],[-76.53985232597093,39.26355808275891],[-76.5398585075411,39.26356795870736],[-76.5398648400549,39.26357778750607],[-76.53987121204256,39.26358760474904],[-76.53987751666902,39.26359744604851],[-76.53988364362317,39.26360734700305],[-76.5398894860641,39.26361734412571],[-76.53989517518873,39.26362739739586],[-76.53990087469676,39.26363745791256],[-76.53990654979164,39.26364753094413],[-76.53991217144728,39.26365762538443],[-76.53991770834912,39.26366774561475],[-76.53992312800071,39.26367789961468],[-76.53992839908175,39.26368809266615],[-76.53993349141308,39.26369833275787],[-76.53993837366846,39.26370862607259],[-76.5399430145159,39.26371897969369],[-76.53994745799814,39.26372939199219],[-76.53995178412455,39.26373985427391],[-76.53995597901401,39.26375036288133],[-76.53996002763235,39.26376091325179],[-76.53996391608082,39.26377150443002],[-76.53996762933693,39.26378213005185],[-76.53997115234894,39.26379278825672],[-76.5399744700769,39.26380347538276],[-76.53997756863954,39.2638141877724],[-76.5399804318439,39.26382492085848],[-76.53998302606961,39.26383567721154],[-76.53998509494868,39.26384650086595],[-76.53998666281379,39.26385739191695],[-76.53998784794712,39.26386833641563],[-76.53998876634277,39.2638793159002],[-76.53998953628289,39.26389031642166],[-76.53999027606748,39.26390132132884],[-76.53999110167902,39.26391231396136],[-76.5399922036363,39.26392393461254],[-76.53999434646693,39.26393479098389],[-76.53999655422726,39.26394564130408],[-76.53999873879638,39.26395649423565],[-76.54000081090057,39.26396735753588],[-76.54000268474213,39.26397823897562],[-76.54000433015351,39.26398914474202],[-76.5400058120461,39.26400007148637],[-76.54000709452876,39.26401101456413],[-76.54000814055163,39.26402196932646],[-76.54000891191195,39.264032930219],[-76.54000939931652,39.2640439008085],[-76.54000966186561,39.26405488042558],[-76.54000976562946,39.26406586572611],[-76.54000977783707,39.26407685337026],[-76.54000976456454,39.26408783911307],[-76.5400097976583,39.26409882233511],[-76.54000989097628,39.26410981029687],[-76.54000997501282,39.26412080002382],[-76.54000997447454,39.26413178761788],[-76.54000981637958,39.26414277009086],[-76.54000942428731,39.26415374173877],[-76.54000873910302,39.26416470233014],[-76.5400078800929,39.26417566494288],[-76.54000687855404,39.26418662789806],[-76.5400057194697,39.26419758393067],[-76.54000438781156,39.26420852757722],[-76.54000287087439,39.26421945248256],[-76.54000115364147,39.2642303513817],[-76.53999920835011,39.26424121695971],[-76.53999682539421,39.26425202947937],[-76.53999406149838,39.26426279726972],[-76.53999108570154,39.26427354171069],[-76.53998806241958,39.26428428236247],[-76.53998515954454,39.2642950387989],[-76.53998254496277,39.26430583149455],[-76.53998030086204,39.2643166733823],[-76.53997831261646,39.26432755050143],[-76.53997644708977,39.26433844431512],[-76.53997457114571,39.26434933628642],[-76.5399725539711,39.26436020698669],[-76.53997026011791,39.26437103696912],[-76.53996762010341,39.26438181965614],[-76.53996493250453,39.2643926138667],[-76.53996221818996,39.26440341788098],[-76.53995942165763,39.2644142134661],[-76.53995648855856,39.26442498329462],[-76.5399533668492,39.26443571184943],[-76.53994999987468,39.26444637999248],[-76.53994633559148,39.2644569722068],[-76.53994231965628,39.26446747026394],[-76.53993788612077,39.26447785859246],[-76.53993301992148,39.26448813713335],[-76.53992780318745,39.26449832782678],[-76.53992232036553,39.26450845262202],[-76.53991665706688,39.26451853257214],[-76.53991089774426,39.2645285887257],[-76.53990512683856,39.26453864393289],[-76.53989942996124,39.26454871924666],[-76.53989389156503,39.26455883571576],[-76.53988852667256,39.26456899970444],[-76.53988308421978,39.26457915167894],[-76.53987756768868,39.26458929075216],[-76.53987202105829,39.26459942520328],[-76.53986648945468,39.26460956511762],[-76.53986101685707,39.26461971877445],[-76.53985564840319,39.26462989445751],[-76.53985042807214,39.26464010044617],[-76.5398454009961,39.2646503459249],[-76.53984060998955,39.26466064006929],[-76.53983610134924,39.26467099116765],[-76.53983261340373,39.26468154713721],[-76.5398308161987,39.26469244301683],[-76.53982967046386,39.2647034792671],[-76.53982810916543,39.26471444903344],[-76.53982533487923,39.26472520416706],[-76.53982204885423,39.26473589243985],[-76.53981841324244,39.26474652529635],[-76.53981444439432,39.26475708298373],[-76.53981015981921,39.26476754575361],[-76.53980536871201,39.26477785340743],[-76.53979978869292,39.26478795079225],[-76.53979379465282,39.26479792224805],[-76.53978758451251,39.26480780277958],[-76.53978051398055,39.26481741691406],[-76.53977413999797,39.26482718871036],[-76.53977020679442,39.2648376087179],[-76.5397683732229,39.26484857111061],[-76.53976720574622,39.26485956313689],[-76.53976649944434,39.26487055697047],[-76.53976678745097,39.26488153668543],[-76.53976850946356,39.26489242113407],[-76.5397709559238,39.26490327149022],[-76.5397726952952,39.26491415960987],[-76.53977311787952,39.26492511463049],[-76.53977291567344,39.26493610323335],[-76.53977255466241,39.26494710022143],[-76.53977253086596,39.26495809492805],[-76.53977293100233,39.26496911651753],[-76.53977255522551,39.26498006750841],[-76.53977051829773,39.26499093902677],[-76.53976688705472,39.26500160973049],[-76.53976148658705,39.26501171232043],[-76.53975479648949,39.26502144594472],[-76.53974797458645,39.26503113401357],[-76.53974220192443,39.26504109282221],[-76.53973827788862,39.26505170472805],[-76.53973654954117,39.26506269995973],[-76.53973746775365,39.26507352541016],[-76.53974028314892,39.26508430695231],[-76.53974345648319,39.26509510701182],[-76.53974563637317,39.26510596623159],[-76.53974715998122,39.26511689043684],[-76.5397482569647,39.26512784539778],[-76.53974907798813,39.26513882720098],[-76.5397494399771,39.26514983422819],[-76.53974857189044,39.26516075896816],[-76.53974622545428,39.26517164728792],[-76.53974218732785,39.26518216146323],[-76.53973660527767,39.26519220839294],[-76.53973029673662,39.26520206781714],[-76.53972407834168,39.26521196362506],[-76.53971953538993,39.26521955732593],[-76.53971809800809,39.2652219585497],[-76.53971193121535,39.26523193743005],[-76.53970640777931,39.26524205755032],[-76.53970236329232,39.26525247891983],[-76.53969940007998,39.26526323510998],[-76.53969714935249,39.26527419406368],[-76.53969577072191,39.26528522309265],[-76.53969541915404,39.26529619129185],[-76.53969638605949,39.26530701242886],[-76.53969895820437,39.26531778040699],[-76.53970256780717,39.26532849300067],[-76.5397065868959,39.26533913783992],[-76.53971049756683,39.26534970478779],[-76.53971456154892,39.26536021738948],[-76.53971881002894,39.26537069108023],[-76.53972318499396,39.26538113734265],[-76.53972762726656,39.2653915685556],[-76.53973208115707,39.26540199531006],[-76.53973657334569,39.26541241320667],[-76.53974155632568,39.26542273394197],[-76.53974646046593,39.26543306157416],[-76.53975049802909,39.26544353984148],[-76.53975356250608,39.26545433226674],[-76.53975573327509,39.26546534908409],[-76.53975594734506,39.26547629427814],[-76.53975396451465,39.26548704079969],[-76.53975119827477,39.26549779956396],[-76.53974780530655,39.26550853245178],[-76.5397438786536,39.26551918668239],[-76.53973951251287,39.26552971038031],[-76.53973480340439,39.26554005077824],[-76.53972914624038,39.26555006138148],[-76.53972201918114,39.26555962394525],[-76.53971405806071,39.26556878960299],[-76.53970540638582,39.2655774075877],[-76.53969546880002,39.26558526028156],[-76.53968580810098,39.26559330051931],[-76.53967700355898,39.26560190349038],[-76.53966893104653,39.26561091197434],[-76.53966173752556,39.26562035717373],[-76.53965482001925,39.26562994577629],[-76.53964666925897,39.26563922598449],[-76.53964354594063,39.26564947260948],[-76.53964477636067,39.26566057762061],[-76.53964737924736,39.26567143039166],[-76.53965107412068,39.26568203973148],[-76.53965534911566,39.26569253604669],[-76.53965986110947,39.26570293870989],[-76.53966465862341,39.26571327043049],[-76.53966952693911,39.26572358441304],[-76.53967433375506,39.26573391166578],[-76.53967915101866,39.26574423625698],[-76.53968401472109,39.26575454751837],[-76.53968896085956,39.2657648338811],[-76.53969384531131,39.26577516233802],[-76.53969894921748,39.26578542229555],[-76.53970521478158,39.26579523822264],[-76.53971202434889,39.26580497160923],[-76.53971926845799,39.2658145265446],[-76.53972718314483,39.26582360039426],[-76.53973632771248,39.26583189539387],[-76.5397485558529,39.265838393732],[-76.53976161910724,39.26583976725887],[-76.53977269326595,39.26583248379678],[-76.53977961077024,39.26582289608859],[-76.53978495413452,39.26581249512137],[-76.53978886704064,39.2658019966695],[-76.5397917005991,39.26579122195528],[-76.53979426463611,39.26578037412314],[-76.53979716876542,39.26576961679988],[-76.53980000116259,39.26575884208077],[-76.53980273407029,39.26574804175016],[-76.53980542996155,39.26573723136589],[-76.5398081513035,39.26572642738671],[-76.53981095709285,39.26571564535681],[-76.53981390864375,39.26570490082955],[-76.53981706843497,39.26569420846209],[-76.5398204966101,39.26568358560474],[-76.53982425448908,39.26567304691004],[-76.53982863147756,39.26566263674895],[-76.53983382541689,39.26565240273673],[-76.53983969372273,39.26564235332224],[-76.53984609380515,39.26563249785513],[-76.53985288422699,39.26562284659035],[-76.53985987432124,39.26561331771144],[-76.53986694897266,39.26560379366729],[-76.53987412889848,39.2655942961575],[-76.53988143827455,39.26558484959754],[-76.53988889665933,39.26557547568255],[-76.53989652708167,39.26556619702191],[-76.53990435141151,39.26555703622058],[-76.53991239267201,39.26554801678873],[-76.53992067041565,39.26553916132213],[-76.53992924468091,39.26553050338445],[-76.53993843334533,39.26552216402341],[-76.53994819928224,39.26551415029945],[-76.53995841170558,39.26550643828016],[-76.53996893520605,39.26549900221338],[-76.53997963899764,39.26549181816672],[-76.53999065695994,39.26548514788787],[-76.54000456055236,39.26548182896608],[-76.54001526944738,39.26547546553756],[-76.54002273907244,39.26546596194702],[-76.540030651994,39.26545671591101],[-76.54003894610115,39.26544765602525],[-76.54004816501792,39.26543947260713],[-76.54006218294879,39.26543263481813],[-76.54006773256158,39.26543742162639],[-76.54006773254406,39.26543742432864],[-76.54006661239852,39.26544970103917],[-76.54006540679224,39.26546121806587],[-76.54006428482259,39.26547216703423],[-76.54006301223953,39.26548311180962],[-76.54006172112791,39.26549405471081],[-76.54006054586671,39.26550500166881],[-76.54005961737637,39.26551595589861],[-76.54005905729576,39.26552692238056],[-76.54005875093881,39.26553789616157],[-76.54005859982989,39.26554887415366],[-76.54005856573059,39.26555985620706],[-76.54005861157295,39.26557084037507],[-76.54005870028291,39.2655818256117],[-76.54005879593956,39.26559281177627],[-76.54005885915142,39.26560379781372],[-76.54005885284452,39.26561478267812],[-76.54005874110938,39.26562576442726],[-76.54005849265414,39.26563674383935],[-76.54005814802881,39.26564772197396],[-76.54005773620204,39.26565869894458],[-76.54005727107874,39.26566967480566],[-76.54005676540503,39.26568064960708],[-76.54005623423878,39.26569162430864],[-76.5400556903262,39.26570259896028],[-76.54005514756633,39.26571357451711],[-76.54005462103457,39.26572454923672],[-76.54005412114796,39.26573552496142],[-76.54005366528776,39.26574650175927],[-76.54005327430546,39.26575748061276],[-76.54005300610346,39.26576846715324],[-76.54005284098898,39.26577946040281],[-76.54005274073504,39.26579045841022],[-76.54005267060265,39.26580145743637],[-76.54005259583529,39.26581245644431],[-76.54005247937634,39.26582345168585],[-76.54005228763964,39.26583444032715],[-76.54005198355685,39.26584542042147],[-76.54005153238313,39.26585638913038],[-76.54005089821462,39.26586734361103],[-76.5400500451418,39.26587828192115],[-76.54004890483338,39.26588919838857],[-76.54004719237142,39.26590007117958],[-76.54004496682268,39.26591090502938],[-76.54004237297207,39.26592170951273],[-76.54003955442847,39.26593249690208],[-76.54003665828868,39.26594327768202],[-76.5400338270146,39.26595406231901],[-76.54003120538577,39.26596486128859],[-76.54002872041269,39.26597567250328],[-76.54002626669012,39.26598648924494],[-76.54002383148342,39.26599730966215],[-76.54002140091096,39.26600813009739],[-76.54001896223234,39.26601894960005],[-76.54001650155428,39.26602976631416],[-76.54001400615375,39.26604057658678],[-76.54001146213167,39.26605137946271],[-76.54000885791802,39.26606217219432],[-76.54000617730183,39.26607295291657],[-76.54000340986606,39.26608371978709],[-76.54000054172317,39.2660944700492],[-76.53999756708521,39.26610520277943],[-76.53999450099829,39.26611592073905],[-76.53999135503832,39.26612662577489],[-76.53998814656904,39.26613732065725],[-76.53998488831911,39.26614800813842],[-76.5399815953465,39.26615868917801],[-76.5399782803741,39.26616936742899],[-76.53997495961865,39.2661800438557],[-76.53997164812051,39.26619072212003],[-76.53996835745562,39.26620140406899],[-76.53996390888885,39.26621606108269],[-76.53996273332341,39.26621864979373],[-76.53996156700454,39.26622124214403],[-76.53996040647354,39.26622383541782],[-76.53995924940703,39.26622643050667],[-76.53995809234628,39.26622902469479],[-76.53995693412672,39.26623161887831],[-76.53995577011909,39.26623421213838],[-76.53995459917644,39.26623680266898],[-76.53995341666946,39.26623938955121],[-76.53995222028072,39.26624197277594],[-76.53995100886316,39.26624455053712],[-76.5399497766229,39.26624712281215],[-76.5399485235659,39.26624968870024],[-76.53994724158669,39.26625224726882],[-76.53994592721479,39.26625479760355],[-76.5399445769915,39.2662573369886],[-76.53994318861098,39.26625986361338],[-76.5399417597674,39.2662623756673],[-76.53994028699614,39.26626487133529],[-76.53993876915014,39.26626734881123],[-76.53993724203406,39.26626982625088],[-76.5399357218236,39.2662723109237],[-76.53993419811928,39.26627479828508],[-76.53993266053904,39.26627728108831],[-76.53993109753024,39.26627975388338],[-76.53992949986387,39.26628221032879],[-76.5399278559932,39.26628464407396],[-76.53992615552444,39.26628704967346],[-76.539924386911,39.26628942077677],[-76.53992254091776,39.26629175194301],[-76.5399206094627,39.26629403863669],[-76.53991862948585,39.266296302621],[-76.5399166136867,39.26629855115184],[-76.53991456553575,39.26630078514357],[-76.53991248386835,39.26630300549243],[-76.53991037333707,39.26630520951431],[-76.53990823276564,39.26630739990692],[-76.53990606563615,39.26630957578313],[-76.53990387195442,39.26631173624216],[-76.53990165518508,39.26631388309915],[-76.53989941533982,39.26631601455263],[-76.53989715356562,39.26631813240856],[-76.53989487335052,39.26632023487915],[-76.53989257468274,39.26632232376584],[-76.53989025988575,39.26632439817699],[-76.53988793011827,39.26632645811708],[-76.53988559112145,39.26632851171565],[-76.53988324402489,39.26633056348084],[-76.53988088999905,39.26633261161579],[-76.53987852557927,39.26633465430533],[-76.53987615191858,39.26633669245472],[-76.53987376902856,39.26633872426255],[-76.53987137459751,39.26634074881896],[-76.53986896978435,39.26634276612851],[-76.53986655228312,39.26634477438054],[-76.53986412209379,39.26634677357517],[-76.53986167922233,39.26634876281155],[-76.53985922251567,39.26635074118445],[-76.53985675197977,39.26635270779312],[-76.53985426645589,39.26635466263295],[-76.53985176480269,39.26635660299725],[-76.53984924817314,39.26635852979125],[-76.53984671426139,39.26636044120441],[-76.53984416190873,39.2663623372322],[-76.53984159343851,39.26636421698288],[-76.53983900538023,39.26636607954212],[-76.53983639774567,39.26636792310845],[-76.53983376707015,39.26636974586673],[-76.53983110988334,39.26637154690262],[-76.53982843080853,39.26637332803568],[-76.53982572982815,39.26637509196829],[-76.53982300926563,39.26637683780869],[-76.53982027140928,39.26637857006969],[-76.53981751742361,39.26638028785512],[-76.53981474960872,39.26638199387626],[-76.53981197027038,39.26638368994377],[-76.5398091794027,39.26638537695831],[-76.53980638162912,39.26638705673953],[-76.539803575785,39.26638873018371],[-76.53980076648786,39.26639040001119],[-76.53979795256724,39.26639206801895],[-76.53979513865818,39.26639373422513],[-76.53979232590189,39.2663954013366],[-76.53978951544546,39.26639707115925],[-76.53978670844759,39.26639874369774],[-76.53978390836133,39.2664004225686],[-76.53978111634527,39.26640210777645],[-76.53977833469948,39.26640380203253],[-76.53977549593569,39.26640554830934],[-76.5397634283753,39.26641125963759],[-76.53975137230125,39.26641698632267],[-76.5397393035899,39.26642269584237],[-76.53972719351189,39.26642835115251],[-76.53971503285568,39.26643394320929],[-76.53970283305102,39.2664394963783],[-76.53969051845547,39.26644488155289],[-76.53967799735601,39.2664499461435],[-76.53966516641702,39.26645454291955],[-76.53965218524516,39.26645889769897],[-76.53963867588338,39.2664626829215],[-76.53962527063888,39.26646649467295],[-76.53961511033052,39.26647347003652],[-76.53960730523384,39.26648268133517],[-76.5395997077724,39.26649221682366],[-76.5395905560579,39.26650055089676],[-76.53958038122143,39.26650815673909],[-76.53956977953567,39.26651546905765],[-76.53955919411715,39.26652277423282],[-76.53954880122134,39.26653023239195],[-76.53953840709453,39.26653770135457],[-76.53952783680926,39.26654499487622],[-76.53951691657377,39.26655193031994],[-76.53950557369015,39.26655846056047],[-76.53949391520416,39.26656469681223],[-76.53948198868349,39.26657063025387],[-76.53946984517198,39.26657625207783],[-76.53945740113271,39.26658139981792],[-76.53944450008512,39.26658590171404],[-76.53943149336547,39.26659025907119],[-76.5394187610446,39.26659500933789],[-76.53940661852485,39.26660065547998],[-76.53939486714704,39.2666069183806],[-76.53938306686425,39.26661303876668],[-76.5393707799475,39.26661825737385],[-76.53935758033765,39.26662180237274],[-76.53934366176679,39.26662399789927],[-76.5393296128623,39.26662592088045],[-76.53931576019876,39.26662813828068],[-76.53930185195973,39.26663016990275],[-76.53928799380482,39.26663234043814],[-76.53927431664617,39.26663501160919],[-76.53926086486813,39.26663830789625],[-76.53924754630688,39.26664196771461],[-76.53923428804728,39.2666457989143],[-76.53922101833902,39.26664960844915],[-76.53920766542606,39.26665320417356],[-76.53919419047209,39.26665649946127],[-76.53918066520995,39.26665969006077],[-76.53916709430393,39.26666277148647],[-76.53915347675333,39.26666571941365],[-76.53913981155735,39.26666850951755],[-76.53912609887409,39.26667111747807],[-76.53911229639689,39.26667345575446],[-76.5390984053608,39.26667551264148],[-76.53908445791865,39.26667733330387],[-76.5390704873881,39.26667896201],[-76.53905645228167,39.26668018511463],[-76.53904231967988,39.26668071874612],[-76.53902820358084,39.26668067414657],[-76.53901408669709,39.26668003683577],[-76.53899996833309,39.26667962741218],[-76.53898584948384,39.26667982780612],[-76.53897173027173,39.26668026239702],[-76.5389576096841,39.2666807303093],[-76.53894348644525,39.26668107120094],[-76.53892936190705,39.26668143370425],[-76.53891523505112,39.26668179619677],[-76.53890110865163,39.26668208842936],[-76.53888698550601,39.26668223654983],[-76.53887286607096,39.26668217030006],[-76.53885873991776,39.26668188963897],[-76.53884461395812,39.26668140089917],[-76.53883050562625,39.26668069604217],[-76.53881643351509,39.26667976703403],[-76.53880239564108,39.26667856252313],[-76.53878838990917,39.26667704827206],[-76.53877443928997,39.26667525589787],[-76.53876056804148,39.26667319720596],[-76.53874682986546,39.26667063280251],[-76.53873315592642,39.26666781283114],[-76.53871943787885,39.26666518274732],[-76.53870557714471,39.26666311147939],[-76.53869158253192,39.26666149187035],[-76.53867751647859,39.26666034488307],[-76.53866342738887,39.26665971124237],[-76.53864931395803,39.26665943510987],[-76.53863518056403,39.26665937778437],[-76.53862103962602,39.26665941140519],[-76.53860690354554,39.26665941081421],[-76.53859277513808,39.26665929945695],[-76.53857864575929,39.26665915926957],[-76.53856451719963,39.26665907132834],[-76.53855039126692,39.26665911400736],[-76.53853626884462,39.26665932964625],[-76.53852399547642,39.26665960299253],[-76.53852214693663,39.26665964437009],[-76.53850802685984,39.26666003386335],[-76.53849390871376,39.26666048281331],[-76.53847979378014,39.26666097230887],[-76.5384656809881,39.26666148883418],[-76.53845157361475,39.26666206302835],[-76.53843746823638,39.26666268677108],[-76.53842336498202,39.26666334024576],[-76.53840926282163,39.2666640036316],[-76.53839515956675,39.26666465710295],[-76.53838105532273,39.26666528444638],[-76.53836694882538,39.2666659018708],[-76.53835284458671,39.26666652831009],[-76.53833874131909,39.26666718357616],[-76.53832463969476,39.26666794243549],[-76.53831052508023,39.26666909487845],[-76.53829642146262,39.26667015998828],[-76.53828235845479,39.26667050464031],[-76.53826832111984,39.26666975315485],[-76.53825428432556,39.26666820629013],[-76.53824036407569,39.26666602303784],[-76.53822668590765,39.26666332189238],[-76.53821336487096,39.26665969615834],[-76.53820020928619,39.26665557565007],[-76.5381869498444,39.26665174477978],[-76.53817337080501,39.26664876928313],[-76.5381595937847,39.26664612358882],[-76.53814569354584,39.26664389356391],[-76.53813171737836,39.2666422910752],[-76.53811770109593,39.26664151082986],[-76.53810362202108,39.2666414761732],[-76.53808949224755,39.26664193133419],[-76.53807533894452,39.26664261879952],[-76.53806118579955,39.26664328194302],[-76.53804705633029,39.26664369026006],[-76.53803293235198,39.26664396708462],[-76.53801880625545,39.266644213273],[-76.5380046801295,39.26664446396341],[-76.53799055718648,39.26664475970312],[-76.53797643952106,39.26664513472963],[-76.53796232802803,39.26664562958111],[-76.53794822252551,39.26664627218074],[-76.53793412210098,39.26664702469252],[-76.53792002360655,39.26664783666101],[-76.53790592737069,39.26664865764439],[-76.53789183024553,39.26664943718719],[-76.53787773024797,39.26665012393772],[-76.53786362770074,39.26665066835489],[-76.53784951830319,39.2666510190779],[-76.53783540254825,39.26665110044402],[-76.53782128145991,39.26665093317505],[-76.53780715563977,39.26665060284643],[-76.53779302802437,39.26665019234054],[-76.53777889922105,39.2666497863321],[-76.5377647721663,39.26664946770353],[-76.53775064631434,39.2666493202242],[-76.53773652109592,39.2666494312666],[-76.53772239675732,39.26664976299939],[-76.53770827293189,39.26665019381716],[-76.53769415040588,39.26665060301987],[-76.53768002765403,39.26665086899762],[-76.53766590778622,39.26665087015868],[-76.53765179107253,39.26665056506877],[-76.53763767566775,39.26665005911065],[-76.537623561915,39.26664947749266],[-76.53760944553385,39.26664894360347],[-76.53759532572016,39.26664858084525],[-76.53758120223323,39.26664842614873],[-76.53756707572441,39.26664837953098],[-76.5375529464344,39.26664840406139],[-76.53753881691539,39.26664846371921],[-76.53752468740227,39.26664852247462],[-76.53751055929443,39.26664854340147],[-76.53749643137441,39.26664853550278],[-76.53748230094321,39.26664855731789],[-76.53746817167657,39.26664857823509],[-76.53745404263894,39.26664856402152],[-76.53743991521219,39.2666484804533],[-76.5374257919311,39.26664829421194],[-76.53741167046063,39.26664800799055],[-76.53739754588392,39.26664766500679],[-76.53738342405944,39.26664725537516],[-76.53736930623987,39.26664676468835],[-76.5373551971426,39.26664618035413],[-76.53734109916738,39.26664548977125],[-76.53732702077215,39.26664463982748],[-76.53731296359729,39.2666435566663],[-76.53729892123248,39.26664233484326],[-76.53728488142652,39.26664107609707],[-76.53727083306327,39.26663988577392],[-76.53725676738533,39.26663886292408],[-76.5372426785577,39.26663801382992],[-76.53722857999037,39.26663723675726],[-76.53721448862262,39.2666364218789],[-76.5372004178882,39.26663546385779],[-76.53718638473823,39.26663425106527],[-76.53717239643692,39.26663273578918],[-76.53715843721538,39.26663102605978],[-76.53714448886407,39.26662924881376],[-76.53713052849692,39.26662753727496],[-76.53711649363029,39.26662605513715],[-76.53710245884059,39.26662456128793],[-76.53708854810108,39.26662270311427],[-76.53707490194277,39.26662007672451],[-76.53706167968987,39.26661623956805],[-76.53704859109901,39.26661198588059],[-76.53703529278333,39.26660826281903],[-76.53702182151024,39.26660494081745],[-76.53700825832715,39.26660185265211],[-76.53699461516824,39.26659894522461],[-76.53698082312593,39.26659630113406],[-76.53696686326062,39.26659522462042],[-76.53695267604641,39.2665959586568],[-76.53693885140093,39.26659813355125],[-76.53692534159515,39.26660142754088],[-76.53691211839282,39.26660537301495],[-76.53689962461245,39.26661047795236],[-76.53688700055467,39.26661548058768],[-76.53687319105025,39.26661782037502],[-76.53685915259797,39.26661830907662],[-76.53684536744483,39.26661567490579],[-76.53683177002841,39.26661268386817],[-76.53681856094204,39.26660878458311],[-76.53680534595158,39.26660490238784],[-76.53679184991498,39.26660164781992],[-76.53677826103812,39.26659859195432],[-76.53676456788072,39.26659588967833],[-76.53675072967465,39.2665937507105],[-76.5367367289206,39.26659219299714],[-76.53672270558035,39.26659072256766],[-76.53670880560378,39.26658881574982],[-76.53669508845239,39.26658623947887],[-76.53668148054265,39.26658326009237],[-76.53666795534687,39.26658003602128],[-76.53665448641387,39.26657671398668],[-76.53664108013736,39.26657320213526],[-76.53662788518569,39.26656927045669],[-76.53661509450708,39.26656465128289],[-76.53660264142316,39.26655944073325],[-76.53659010872785,39.26655435507512],[-76.5365772550167,39.26654980680922],[-76.53656429478364,39.26654542296245],[-76.53655124075723,39.26654120628721],[-76.53653809276102,39.26653718380602],[-76.53652486132955,39.26653333934647],[-76.53651157488487,39.26652957934066],[-76.53649835002609,39.26652597090573],[-76.53649822856822,39.26652593799863],[-76.53648481625645,39.26652246573936],[-76.53647133185541,39.266519208478],[-76.53645774587253,39.26651624626663],[-76.53644396325952,39.26651376068555],[-76.53643004904193,39.26651173127367],[-76.53641608809141,39.266510115129],[-76.53640200636907,39.26650942539811],[-76.53638785123225,39.2665091533329],[-76.53637375854072,39.2665083689745],[-76.5363596942077,39.26650732350306],[-76.53634563112801,39.26650626362262],[-76.53633154352579,39.26650540991992],[-76.53631738358503,39.26650498649791],[-76.53630323656735,39.26650453610216],[-76.53628921637487,39.26650347458271],[-76.53627541161089,39.26650136541615],[-76.53626176468953,39.26649850923225],[-76.53624816102685,39.26649541721589],[-76.53623448837372,39.26649259785876],[-76.53622070527862,39.26649018791419],[-76.53620688312712,39.26648790302072],[-76.53619309411648,39.26648551196573],[-76.53617940686173,39.26648279973608],[-76.53616579656406,39.2664798373948],[-76.53615217558553,39.26647691374286],[-76.53613845875272,39.26647429507169],[-76.53612465765424,39.26647180397538],[-76.53611079103503,39.26646958645269],[-76.53609685914554,39.26646795867481],[-76.53608279177293,39.26646755720864],[-76.53606862188708,39.26646812456417],[-76.53605450183942,39.26646869031337],[-76.53604040271256,39.26646942368675],[-76.53602630266806,39.26647012012319],[-76.53601217843377,39.2664704399406],[-76.53599802883339,39.26647038583658],[-76.53598392340837,39.26647084174113],[-76.53597009566847,39.26647313451026],[-76.53595825153494,39.26647900756931],[-76.53594673824554,39.26648549896181],[-76.53593500264671,39.26649160844904],[-76.53592176988812,39.2664954150555],[-76.53590810839049,39.26649833360862],[-76.53589438759072,39.26650110600104],[-76.53588057657129,39.26650332135952],[-76.53586660678278,39.26650447588277],[-76.53585244092956,39.26650442530003],[-76.53583827218726,39.26650393062463],[-76.53582418050846,39.26650316962429],[-76.53581009990889,39.26650213212962],[-76.53579601455485,39.26650129008156],[-76.53578190787765,39.2665010505626],[-76.53576778527801,39.26650129649394],[-76.53575365676453,39.26650173786729],[-76.53573952991053,39.26650210268007],[-76.53572535374981,39.26650274203102],[-76.53571117027685,39.26650343629833],[-76.53569707823083,39.26650344003489],[-76.53568316150947,39.26650215095735],[-76.53566935689342,39.26650002190312],[-76.53565561924577,39.26649739858938],[-76.53564191328888,39.2664945366953],[-76.53563817664026,39.2664937607695],[-76.53562820607412,39.26649169010773],[-76.53561446243536,39.26648909739165],[-76.53560064914592,39.26648670076636],[-76.53558678651747,39.26648440663206],[-76.53557290275528,39.26648215474876],[-76.5355590260467,39.26647988757863],[-76.53554518458516,39.2664775466831],[-76.53553140888749,39.26647507273211],[-76.53551772482388,39.26647240817867],[-76.53550416406988,39.26646949369734],[-76.53549075249573,39.26646627174119],[-76.53547776964183,39.26646216962558],[-76.53546530125951,39.26645701023813],[-76.53545309243742,39.26645132132266],[-76.53544088829958,39.26644562521821],[-76.53542849382679,39.26644032830139],[-76.53541609334974,39.26643506378721],[-76.5354037069152,39.26642977860958],[-76.5353913052831,39.26642451408819],[-76.53537886267169,39.26641931425878],[-76.53536635100541,39.26641421954491],[-76.53535375626709,39.26640924700572],[-76.53534110299701,39.26640436521133],[-76.5353284076006,39.26639954630278],[-76.53531568645958,39.2663947660241],[-76.53530295596181,39.2663899992185],[-76.53529023481246,39.26638522073853],[-76.53527753591712,39.26638040631445],[-76.53526485459953,39.26637556223309],[-76.53525217327778,39.26637071905115],[-76.53523947205244,39.26636590731596],[-76.53522673449437,39.26636115848949],[-76.53521394070421,39.26635650311919],[-76.5352010789409,39.26635196457853],[-76.53518815859839,39.26634752398849],[-76.53517519841132,39.26634315169785],[-76.53516221596175,39.26633881715001],[-76.53514922882563,39.26633449068908],[-76.53513208870066,39.26632873447917],[-76.53512548481865,39.26632678339224],[-76.53511888914268,39.26632481792511],[-76.53511229701417,39.26632284166235],[-76.53510570723897,39.26632086000401],[-76.5350991197934,39.2663188765529],[-76.53509253001303,39.26631689579453],[-76.53508593671545,39.26631492132722],[-76.53507933986525,39.26631295855553],[-76.5350727348097,39.26631101016327],[-76.5350661215075,39.2663090824557],[-76.53505949646463,39.26630717812129],[-76.53505285965163,39.26630530166376],[-76.53504620756863,39.26630345667237],[-76.53503954373315,39.26630163685562],[-76.53503287873335,39.26629981793464],[-76.53502621139867,39.26629800170637],[-76.53501954171738,39.26629618997223],[-76.53501286853057,39.26629438272774],[-76.53500619298532,39.26629258177888],[-76.53499951274637,39.26629078981874],[-76.53499282897246,39.26628900685197],[-76.53498613934016,39.26628723377006],[-76.53497944614338,39.2662854741852],[-76.53497274707055,39.26628372718746],[-76.53496604094518,39.26628199547454],[-76.53495933007888,39.26628027995626],[-76.53495261214228,39.26627858242504],[-76.53494588597077,39.26627690377701],[-76.53493915271717,39.26627524491742],[-76.53493241236383,39.26627360854865],[-76.53492566258724,39.26627199556214],[-76.5349189033815,39.26627040685871],[-76.53491213588183,39.26626884604588],[-76.53490535427075,39.26626731670376],[-76.53489856203633,39.26626581704457],[-76.53489175918449,39.26626434616756],[-76.53488494574476,39.26626289956904],[-76.53487812404056,39.26626147635739],[-76.53487129525419,39.26626007293423],[-76.53486445823869,39.26625868749349],[-76.5348576164822,39.26625731824741],[-76.53485077001417,39.26625596069233],[-76.53484391884061,39.26625461392739],[-76.53483706529659,39.26625327525962],[-76.53483020939991,39.26625194198675],[-76.53482335347988,39.26625061231648],[-76.53481649640138,39.26624928264119],[-76.5348096416583,39.26624795027245],[-76.53480278809789,39.2662466143049],[-76.53479593805531,39.2662452720455],[-76.53478909156016,39.26624391899053],[-76.53478223680041,39.26624258932245],[-76.534775369023,39.26624130103777],[-76.53476849062805,39.2662400415353],[-76.53476160749206,39.26623879822749],[-76.53475472316805,39.26623755941844],[-76.5347478423914,39.26623630981376],[-76.5347409698621,39.26623503952366],[-76.53473410914501,39.26623373505068],[-76.53472726612245,39.26623238290662],[-76.53472044435345,39.26623097049476],[-76.53471365329108,39.26622946992875],[-76.53470689997651,39.2662278677248],[-76.53470017263918,39.26622619176027],[-76.53469346299056,39.26622446902546],[-76.53468676041882,39.26622272740209],[-76.53468005432391,39.26622099297055],[-76.5346733352586,39.26621929271649],[-76.53466659968159,39.26621763653431],[-76.53465986172245,39.26621599025079],[-76.5346531202519,39.26621434935763],[-76.53464637759932,39.26621271206244],[-76.53463963377058,39.26621107746453],[-76.53463288993619,39.26620944376695],[-76.53462614610808,39.26620780916826],[-76.53461940228614,39.2662061736684],[-76.53461266080565,39.2662045345744],[-76.53460592051972,39.26620289008008],[-76.53459918374575,39.2662012401947],[-76.5345924493428,39.26619958221139],[-76.5345857184755,39.26619791523399],[-76.53457899346724,39.26619623837097],[-76.53457227319473,39.26619454621325],[-76.53456556000509,39.26619283426625],[-76.53455885386279,39.26619110793447],[-76.53455215359728,39.26618936901485],[-76.53454545571458,39.26618762019579],[-76.53453876019111,39.26618586508032],[-76.53453206699733,39.26618410817215],[-76.53452537264508,39.26618235125903],[-76.53451867711074,39.26618059794387],[-76.53451197921794,39.2661788509244],[-76.53450527777827,39.26617711469973],[-76.53449857045655,39.26617539196292],[-76.534491857235,39.26617368541619],[-76.53448513577251,39.26617199865331],[-76.53447840604545,39.26617033527734],[-76.53447166455982,39.26616869797671],[-76.53446491361538,39.26616708946283],[-76.53445815330076,39.26616549622451],[-76.53445138594532,39.26616391646942],[-76.53444461269594,39.26616235200368],[-76.53443783122921,39.26616080371881],[-76.53443104269208,39.26615927342093],[-76.53442424707859,39.26615776201076],[-76.53441744320641,39.26615627308674],[-76.53441063223427,39.2661548066534],[-76.53440381415028,39.26615336451228],[-76.53439698777804,39.26615194936097],[-76.53439015311157,39.26615056210024],[-76.53438331129784,39.26614920453621],[-76.53437646001338,39.26614787756044],[-76.53436960155203,39.26614658478501],[-76.53436270281273,39.26614542606426],[-76.53435575313615,39.2661444364859],[-76.53434876793467,39.26614356296556],[-76.53434176494426,39.26614275152744],[-76.53433476073612,39.26614194909177],[-76.53432777073468,39.26614110077273],[-76.53432081149927,39.26614015529213],[-76.53431389961317,39.26613905776874],[-76.53430705163582,39.26613775692432],[-76.534300240384,39.26613633372039],[-76.53429344217429,39.26613486552929],[-76.53428665582425,39.26613335594942],[-76.53427988015162,39.26613180857916],[-76.53427311630323,39.2661302252246],[-76.53426636193799,39.2661286094795],[-76.53425961703225,39.26612696494694],[-76.53425288156831,39.26612529432903],[-76.5342461543696,39.26612360032356],[-76.53423943657131,39.266121886538],[-76.5342327246854,39.2661201547601],[-76.53422601984094,39.2661184094982],[-76.53421932202031,39.26611665345458],[-76.53421263005289,39.26611488842601],[-76.53420594274446,39.26611311981252],[-76.53419926129514,39.26611134131338],[-76.53419258573454,39.26610954842489],[-76.53418591606858,39.26610774024632],[-76.53417925344412,39.26610591858379],[-76.53417259554368,39.26610408342803],[-76.53416594352015,39.26610223568443],[-76.53415929620884,39.26610037624913],[-76.53415265360384,39.26609850602286],[-76.53414601686393,39.26609662501025],[-76.53413938366566,39.26609473410282],[-76.5341327540031,39.26609283420139],[-76.53412612902916,39.26609092621119],[-76.53411950758506,39.26608901012771],[-76.53411288965891,39.26608708775244],[-76.53410627525676,39.26608515818463],[-76.53409966436072,39.26608322412645],[-76.53409305465932,39.26608128466804],[-76.53408644845817,39.26607934162006],[-76.53407983759283,39.26607740305707],[-76.53407320449863,39.26607549683323],[-76.53406655037581,39.26607361664789],[-76.53405988338876,39.26607175442655],[-76.53405320707881,39.26606990027477],[-76.53404652959864,39.26606804791948],[-76.53403985681891,39.26606618567401],[-76.53403319341599,39.26606430725151],[-76.53402654640746,39.26606240277129],[-76.53401992048744,39.26606046324442],[-76.53401332381459,39.26605848149699],[-76.53400676109489,39.26605644673847],[-76.53400023701057,39.26605435178134],[-76.53399376089095,39.26605218765484],[-76.53398733511263,39.26604994536076],[-76.53398096784602,39.2660476159238],[-76.53397466493813,39.2660451912603],[-76.53396843575956,39.26604265609427],[-76.53396229201614,39.26603999245687],[-76.53395622434915,39.26603721382245],[-76.53395022338809,39.26603433546698],[-76.53394427860951,39.26603137176097],[-76.53393838065473,39.26602833617891],[-76.53393252014128,39.26602524579815],[-76.53392668539307,39.26602211408392],[-76.53392086935683,39.26601895632133],[-76.53391505919186,39.26601578687176],[-76.53390924668622,39.26601262101567],[-76.53390342131057,39.26600947402438],[-76.53389757370623,39.26600635937228],[-76.5338916933438,39.26600329233069],[-76.53388577085279,39.2660002881755],[-76.53387979570375,39.26599736217801],[-76.53387375853804,39.26599452781262],[-76.53386764998486,39.26599180035515],[-76.53386145952098,39.26598919417624],[-76.5338552023757,39.26598668411471],[-76.5338488914077,39.26598425310696],[-76.53384253015241,39.26598189215935],[-76.53383612326837,39.26597959768724],[-76.53382967660863,39.26597736070616],[-76.53382319483764,39.26597517673078],[-76.53381668147904,39.26597303856892],[-76.53381014237391,39.26597093903763],[-76.53380358103398,39.26596887274619],[-76.53379700329435,39.26596683341237],[-76.53379041383748,39.26596481384863],[-76.53378381734564,39.26596280686733],[-76.53377721732464,39.26596080797861],[-76.53377062077435,39.26595881000402],[-76.53376403005372,39.26595680664762],[-76.53375745100375,39.26595479072642],[-76.5337508894597,39.26595275595816],[-76.53374433141595,39.26595071760034],[-76.53373776637272,39.26594868642055],[-76.53373119662388,39.26594666603091],[-76.53372461984594,39.265944657323],[-76.5337180348743,39.26594266119297],[-76.53371144401454,39.26594067945152],[-76.53370484378458,39.26593871298564],[-76.53369823648413,39.26593676450663],[-76.5336916197956,39.26593483400541],[-76.53368499485418,39.26593292508952],[-76.53367836050704,39.26593103685362],[-76.5336717155716,39.26592917289608],[-76.53366506120672,39.26592733322153],[-76.53365839624182,39.26592551962683],[-76.53365172066502,39.26592373391347],[-76.53364503095267,39.26592198327367],[-76.53363828832745,39.26592034952347],[-76.53363149394211,39.26591883356818],[-76.53362465957352,39.26591740662997],[-76.53361779932204,39.2659160390394],[-76.53361092729392,39.26591470022633],[-76.53360405758943,39.2659133605213],[-76.53359720198559,39.26591199114642],[-76.53359037574732,39.26591056153617],[-76.53358359065169,39.26590904291273],[-76.5335768619637,39.26590740471048],[-76.53357020378368,39.26590561726005],[-76.53356362201798,39.26590366347023],[-76.53355707435368,39.26590163415081],[-76.53355054784325,39.26589955987653],[-76.53354404014549,39.26589744424122],[-76.53353755124276,39.26589528994705],[-76.533531077635,39.26589310058323],[-76.5335246193046,39.26589087885204],[-76.53351817506902,39.2658886283518],[-76.53351174259299,39.26588635177561],[-76.53350532185294,39.26588405272641],[-76.53349891051359,39.26588173389727],[-76.53349250623963,39.2658793979812],[-76.53348611015427,39.2658770503873],[-76.5334797199401,39.26587469110634],[-76.53347333323808,39.26587232643439],[-76.5334669500424,39.26586995727217],[-76.53346056801179,39.26586758721341],[-76.53345418595792,39.26586522075733],[-76.53344780271017,39.26586285970081],[-76.5334414182508,39.26586050674599],[-76.5334350349388,39.26585815559694],[-76.5334286962163,39.26585571995232],[-76.53342240207741,39.26585320071286],[-76.53341614079848,39.26585061854965],[-76.53340990296142,39.26584799594464],[-76.53340367683673,39.26584535446963],[-76.53339745070657,39.26584271389502],[-76.53339121283537,39.26584009669346],[-76.53338495496982,39.26583752445069],[-76.53337866422743,39.26583501783311],[-76.53337232887263,39.2658325993134],[-76.53336593950513,39.26583028867118],[-76.53335948438934,39.26582810837899],[-76.5333529529603,39.26582607911261],[-76.53334633818848,39.26582421255408],[-76.5333396811275,39.26582243320185],[-76.53333299004265,39.26582071766874],[-76.53332627075726,39.26581906147395],[-76.53331952562431,39.26581745922233],[-76.53331275584402,39.26581590461317],[-76.5333059649282,39.26581439225581],[-76.53329915522978,39.26581291675501],[-76.53329233026062,39.26581147272005],[-76.53328549121497,39.26581005475114],[-76.53327864276339,39.26580865746214],[-76.53327178725885,39.26580727545779],[-76.53326492589574,39.26580590333821],[-76.53325806218568,39.26580453571279],[-76.53325119964659,39.26580316629005],[-76.53324434063133,39.26580178967475],[-76.53323748748707,39.26580040137239],[-76.53323064257286,39.26579899508693],[-76.53322380939449,39.26579756632846],[-76.53321699146967,39.26579610880557],[-76.53321018883996,39.26579461621305],[-76.53320340616395,39.26579308496632],[-76.53319664695948,39.26579150877401],[-76.533189911268,39.26578988133084],[-76.53318320375402,39.26578819815156],[-76.53317652792951,39.26578645384546],[-76.5331699061306,39.26578459985981],[-76.5331633911823,39.26578253281596],[-76.53315696783136,39.26578028147801],[-76.53315061961244,39.26577788271208],[-76.53314432542514,39.26577537336588],[-76.53313806765129,39.26577278940015],[-76.53313182867855,39.26577016587491],[-76.53312558855347,39.26576754144403],[-76.53311932850497,39.26576495116285],[-76.53311303207357,39.26576243099674],[-76.53310667931162,39.2657600186988],[-76.53310025144806,39.26575774932439],[-76.53309376501348,39.26575557609915],[-76.53308724469125,39.26575344597578],[-76.53308069043379,39.26575136616028],[-76.53307410451134,39.26574934386775],[-76.53306748687639,39.26574738630424],[-76.53306083978714,39.26574550248642],[-76.53305416436677,39.26574369782337],[-76.53304746172657,39.26574197952556],[-76.53304073296006,39.26574035750599],[-76.53303389688094,39.26573901880187],[-76.53302684291327,39.26573821428851],[-76.53301969573923,39.26573766252044],[-76.53301258592965,39.26573706766362],[-76.53300564755554,39.26573613029462],[-76.53299901118193,39.26573455548007],[-76.53299268390377,39.26573232162976],[-76.53298653282084,39.26572972637015],[-76.53298051566121,39.26572685420556],[-76.53297459477589,39.26572379146029],[-76.53296873021628,39.26572062174697],[-76.53296288085724,39.26571743137617],[-76.53295700906762,39.26571430396974],[-76.53295109835217,39.26571128089759],[-76.53294527656153,39.26570812756709],[-76.53293952147197,39.26570487541682],[-76.53293377337103,39.26570161788951],[-76.53292797369294,39.26569845023376],[-76.5329220638839,39.26569546589685],[-76.53291598422534,39.26569275922205],[-76.53290967755338,39.26569038853206],[-76.53290313403811,39.26568826281],[-76.53289640453968,39.26568640117427],[-76.53288954212306,39.26568483986669],[-76.53288260101215,39.2656836151338],[-76.53287563543051,39.265682763222],[-76.53286866652014,39.26568224097852],[-76.53286164901624,39.26568188338223],[-76.53285459347198,39.26568167155901],[-76.53284751038723,39.26568159474136],[-76.5328404102795,39.26568163945951],[-76.53283330480743,39.26568179495065],[-76.53282620447671,39.26568204954653],[-76.53281911980505,39.26568238977748],[-76.53281206245097,39.26568280488058],[-76.53280504171998,39.26568328948829],[-76.53279804549685,39.26568392372094],[-76.53279106795814,39.26568471205922],[-76.53278410351177,39.26568562385471],[-76.5327771500418,39.26568662847275],[-76.53277020542642,39.26568769617958],[-76.53276326523228,39.26568879633128],[-76.53275632849639,39.26568989919864],[-76.5327493896326,39.26569097323251],[-76.53274244648352,39.26569199410346],[-76.53273549658941,39.26569298342019],[-76.53272854097847,39.26569396100377],[-76.53272158422637,39.26569493588009],[-76.53271462856759,39.26569592066883],[-76.53270767973653,39.26569692440047],[-76.53270073996759,39.26569795969473],[-76.53269381268369,39.26569903467214],[-76.53268690127797,39.26570016195701],[-76.53268001032012,39.265701351476],[-76.5326731420505,39.26570261494804],[-76.53266631007152,39.2657039983665],[-76.53265951660573,39.26570551615264],[-76.53265275145569,39.26570713313577],[-76.53264600673567,39.26570881505531],[-76.53263927108949,39.26571052673602],[-76.5326325343258,39.26571223210644],[-76.53262578856472,39.26571389600525],[-76.5326190236089,39.2657154832618],[-76.53261222925516,39.26571695960627],[-76.53260539646494,39.2657182898725],[-76.53259851504681,39.26571943798928],[-76.53259158955282,39.26572041658536],[-76.53258463127379,39.26572127074429],[-76.53257764703767,39.26572201940935],[-76.53257063905511,39.26572267880324],[-76.53256361300122,39.26572326696388],[-76.53255657339825,39.26572380102402],[-76.53254952360979,39.26572429811158],[-76.53254246930493,39.26572477716535],[-76.53253541385905,39.26572525351182],[-76.53252836178838,39.26572574518441],[-76.53252131760334,39.26572627111721],[-76.53251428699679,39.26572684664605],[-76.53250726879219,39.26572747446848],[-76.5325002517224,39.26572810589812],[-76.53249323465255,39.26572873732732],[-76.5324862175885,39.26572936785536],[-76.53247920052426,39.26572999838296],[-76.53247218344811,39.26573063071167],[-76.53246725340105,39.26573107588171],[-76.5324698016266,39.26575269730677],[-76.53247766156846,39.26575182332422],[-76.53249130042992,39.26575163711562],[-76.53250530793029,39.26575248375491],[-76.53251956399825,39.26575412045674],[-76.53253394389745,39.26575630892118],[-76.53254832755015,39.26575880726373],[-76.53256259254898,39.26576137539233],[-76.53257661649232,39.26576377231414],[-76.53259031142764,39.26576650841594],[-76.53260375962338,39.26577046407774],[-76.53261708455828,39.26577483720484],[-76.53263040883654,39.26577878246196],[-76.53264385620258,39.26578145722056],[-76.53265752200319,39.26578210791539],[-76.53267130718818,39.26578099447488],[-76.5326851740006,39.26577874728776],[-76.53269910463179,39.26577595899011],[-76.53271308243241,39.26577322222236],[-76.53272709191222,39.26577112962974],[-76.53274112946922,39.26577005231524],[-76.53275522626272,39.26576930581741],[-76.53276936795275,39.26576878018527],[-76.53278353478143,39.26576848434777],[-76.53279770353838,39.26576842361731],[-76.53281185215425,39.26576860601297],[-76.5328259608949,39.26576903686092],[-76.53284002034226,39.26576973864285],[-76.5328540842934,39.26577081245918],[-76.53286813073839,39.26577225732148],[-76.5328821238748,39.26577405507202],[-76.53289602558284,39.26577618754369],[-76.53290980007205,39.26577863477734],[-76.53292340289516,39.26578145965012],[-76.53293682493339,39.26578481525667],[-76.53295013104434,39.26578853070875],[-76.53296338506917,39.26579241349539],[-76.53297665200174,39.26579627201109],[-76.53298999800631,39.26579991285334],[-76.5330035138831,39.26580309677833],[-76.53301734048331,39.26580555051189],[-76.53303125318446,39.26580777488982],[-76.53304496633901,39.26581038760538],[-76.5330582036528,39.26581399377836],[-76.53307094062077,39.26581861943389],[-76.53308337578004,39.26582385370947],[-76.53309569459535,39.26582933523297],[-76.53310808253725,39.26583470173134],[-76.53312069215698,39.2658396628624],[-76.53313343880971,39.26584440294741],[-76.53314623929394,39.26584906307644],[-76.53315901873273,39.26585375194502],[-76.53317170571962,39.26585857916335],[-76.53318422537195,39.26586365432769],[-76.53319654369503,39.26586903675378],[-76.5332087309249,39.26587461862846],[-76.53322087369168,39.2658802660814],[-76.53323305629628,39.26588584703435],[-76.53324536653938,39.26589122582008],[-76.53325788987451,39.2658962712657],[-76.53327063094238,39.2659009824888],[-76.53328347965353,39.26590553650352],[-76.53329641967288,39.26590995035955],[-76.53330943813556,39.26591424202113],[-76.53332251873026,39.26591842493496],[-76.53333564627478,39.26592251705611],[-76.53334880793388,39.26592653184513],[-76.53336198621381,39.26593048634708],[-76.53337529372853,39.26593417203078],[-76.53338889703404,39.26593728329609],[-76.53340257327292,39.26594022910793],[-76.5334160831998,39.26594344358766],[-76.53342918870456,39.26594736446437],[-76.53344152553761,39.2659525802956],[-76.53345332686654,39.2659587001728],[-76.53346517710777,39.26596478331155],[-76.53347754237046,39.26597008212271],[-76.53349014398208,39.26597503507497],[-76.53350285204242,39.26597983621853],[-76.53351560335715,39.26598457988322],[-76.53352833126768,39.26598935858363],[-76.53354097258577,39.26599426574877],[-76.53355352848205,39.26599929958187],[-76.53356605629183,39.26600437563826],[-76.53357856302688,39.26600948493808],[-76.53359105688722,39.26601461400237],[-76.53360354489044,39.26601975295051],[-76.53361603291329,39.26602488919507],[-76.5336285302908,39.26603001286468],[-76.53364104289963,39.26603511137187],[-76.53365357891613,39.2660401748406],[-76.53366614421689,39.26604519068348],[-76.53367875750767,39.26605013375318],[-76.53369146680623,39.26605492677411],[-76.53370425104781,39.26605960118957],[-76.53371707742642,39.26606421181624],[-76.53372990968914,39.26606880895331],[-76.53374272673592,39.2660734294486],[-76.53375559064931,39.26607797176156],[-76.53376845574674,39.26608251047472],[-76.53378125172797,39.26608716330981],[-76.53379399265182,39.26609190690273],[-76.53380671951263,39.26609667475923],[-76.53381943349274,39.26610146328094],[-76.53383213809806,39.2661062679779],[-76.53384483334044,39.26611108704859],[-76.53385752389629,39.26611591420627],[-76.53387020861275,39.26612074854552],[-76.53388285348368,39.26612565118377],[-76.53389543629173,39.26613065265902],[-76.53390802260741,39.26613564964295],[-76.53392067221331,39.2661405378836],[-76.53393345070353,39.26614521044947],[-76.53394635105444,39.26614967812203],[-76.53395931351298,39.26615404064952],[-76.53397232051448,39.2661583258861],[-76.53398535563514,39.26616256439275],[-76.5339984024514,39.26616678673051],[-76.53401144107509,39.26617102164506],[-76.53402445508861,39.26617529879674],[-76.53403742806819,39.26617964874648],[-76.53405034709616,39.26618409756546],[-76.53406322858439,39.2661886164941],[-76.53407609482116,39.26619316418547],[-76.53408896694206,39.2661976983872],[-76.53410186723545,39.26620217775226],[-76.53411481799552,39.26620656003298],[-76.53412784035179,39.2662108038777],[-76.53414094104392,39.26621494174083],[-76.53415410564637,39.26621905283293],[-76.53416734413281,39.26622303000184],[-76.53418066882992,39.26622676070025],[-76.53419408860559,39.26623012966471],[-76.53420761933342,39.26623301355264],[-76.53422157630105,39.26623416154414],[-76.53423583844125,39.26623418748412],[-76.53424994200959,39.26623506852503],[-76.53426392226585,39.26623672914202],[-76.53427793108368,39.26623845202376],[-76.53429190042786,39.26624036300819],[-76.53430576342188,39.26624258793802],[-76.53431945086608,39.26624525354738],[-76.53433290174289,39.26624847579367],[-76.53434617482966,39.26625212700083],[-76.53435933245082,39.26625606869734],[-76.53437240171887,39.26626023073072],[-76.53438541205185,39.26626454475906],[-76.53439839403852,39.26626894064366],[-76.53441137363841,39.26627334732662],[-76.53442438142224,39.26627769737132],[-76.53443744451425,39.26628191882372],[-76.53445059348516,39.26628594424727],[-76.53446385309415,39.2662897088846],[-76.53447722085812,39.26629323794741],[-76.53449067324738,39.26629658538858],[-76.53450418559115,39.26629980245422],[-76.53451773321287,39.26630294129115],[-76.53453129259464,39.26630605405078],[-76.53454483905998,39.26630919287997],[-76.53455835142047,39.26631240813786],[-76.53457185442343,39.26631563686866],[-76.53458536684545,39.26631884311596],[-76.53459887219203,39.26632206824988],[-76.53461235282208,39.2663253518343],[-76.53462579811176,39.26632872355256],[-76.53463921864358,39.26633216002665],[-76.53465262741783,39.26633562257492],[-76.53466604091111,39.26633907252957],[-76.53467947559993,39.26634247122277],[-76.53469294448463,39.26634577997294],[-76.53470645337659,39.2663489961007],[-76.53471995858682,39.26635224373931],[-76.53473346250365,39.26635551208892],[-76.5347469722746,39.26635877145249],[-76.53476049621757,39.26636199033599],[-76.53477404263286,39.26636513994762],[-76.53478761867369,39.26636818968961],[-76.53480123149338,39.26637110896407],[-76.53481489172137,39.26637386718691],[-76.53482860418156,39.26637643555257],[-76.53484241028056,39.26637868451419],[-76.53485631831838,39.26638058527994],[-76.53487029864111,39.26638224222169],[-76.53488431927138,39.26638376060287],[-76.53489834823199,39.26638524568685],[-76.53491235469271,39.26638680454318],[-76.53492630668244,39.26638854153459],[-76.53494017338286,39.26639056192909],[-76.53495391683443,39.26639299979117],[-76.53496751442478,39.26639594600908],[-76.53498099714955,39.26639926829238],[-76.53499440073969,39.26640281905638],[-76.53500776093779,39.26640644891478],[-76.5350211015682,39.26641005887725],[-76.53503440925908,39.26641374437244],[-76.53504768516912,39.26641750540494],[-76.53506093169851,39.2664213293735],[-76.53507415472373,39.26642520369064],[-76.53508735780956,39.26642911485893],[-76.5351005456737,39.26643305028622],[-76.53511360914139,39.26643722482439],[-76.53513017828345,39.26644293914261],[-76.53514286891529,39.2664477769699],[-76.53515552669057,39.26645267771959],[-76.53516825251336,39.26645745082793],[-76.5351811495933,39.26646190754168],[-76.5351943516393,39.26646580247987],[-76.53520776714706,39.26646930642649],[-76.53522116040375,39.26647284631428],[-76.53523429919674,39.26647684548691],[-76.53524712605103,39.26648141000784],[-76.53525982739785,39.26648620642933],[-76.53527243610731,39.26649117002604],[-76.53528498153187,39.26649624236415],[-76.53529749652374,39.26650136142047],[-76.5353100127647,39.26650646696885],[-76.53532249047939,39.26651161650114],[-76.53533488043375,39.26651689629651],[-76.53534724697894,39.26652221202874],[-76.53535965332476,39.26652746666477],[-76.53537216500463,39.26653256227993],[-76.53538475500724,39.26653755371433],[-76.53539737301048,39.26654251643346],[-76.5354100378318,39.26654740817561],[-76.53542276597675,39.26655218576917],[-76.53543557511566,39.26655680514618],[-76.53544849935365,39.26656118987621],[-76.53546189783488,39.26656464418387],[-76.53547548637142,39.26656774253686],[-76.53548873632801,39.26657158178346],[-76.53550172378485,39.26657604602537],[-76.53551499953463,39.26657966288083],[-76.5355287711149,39.26658188370098],[-76.53554275171702,39.26658350633424],[-76.53555682097175,39.26658486268853],[-76.5355708596807,39.266586282875],[-76.53558484042024,39.26658788478606],[-76.53559881986607,39.26658950740802],[-76.53561281017755,39.26659106341435],[-76.53562681888488,39.26659246455931],[-76.53564086051794,39.26659361541874],[-76.53565027360378,39.26659411023007],[-76.5356549558246,39.26659435573769],[-76.53566908399763,39.26659485477857],[-76.53568320742387,39.26659537091359],[-76.53569729080779,39.26659616252419],[-76.53571129525994,39.26659750599294],[-76.53572521961607,39.26659940221609],[-76.53573912093697,39.26660145417971],[-76.53575305986558,39.26660324867019],[-76.53576708616198,39.26660444179005],[-76.5357811731899,39.26660520818344],[-76.53579529177182,39.26660575671355],[-76.53580941637172,39.26660627103649],[-76.53582352261228,39.26660693481295],[-76.53583760153394,39.26660787771838],[-76.53585166721871,39.26660907278541],[-76.53586564219297,39.26661067193785],[-76.53587937396046,39.26661313576733],[-76.53589290599682,39.26661637256717],[-76.53590666197076,39.26661885630601],[-76.53592049243791,39.26662111244288],[-76.5359343572875,39.26662324981234],[-76.53594825433164,39.26662524858884],[-76.53596217791777,39.26662708713152],[-76.53597622131515,39.26662832443169],[-76.53599032347131,39.26662925930368],[-76.53600427057759,39.26663086823798],[-76.53601803397608,39.26663328083229],[-76.53603171511828,39.26663604530098],[-76.53604537951477,39.26663888987049],[-76.53605909852273,39.26664153468319],[-76.5360729512865,39.26664374945471],[-76.53608664592707,39.26664639957256],[-76.53609915284611,39.2666513482655],[-76.53610093515408,39.26666214742941],[-76.53610089573016,39.26667314116949],[-76.53609980396868,39.26668415867647],[-76.53611060006283,39.26668758191204],[-76.53612271378688,39.26668248366411],[-76.53613165701017,39.26667384727856],[-76.53614076592694,39.26666538989919],[-76.53615342564395,39.2666604370271],[-76.5361673849365,39.26665911938892],[-76.53618164810428,39.26666006478228],[-76.5361951281202,39.26666310857695],[-76.53620819323608,39.26666722444916],[-76.53622112455238,39.26667177756561],[-76.53623410396823,39.26667624079361],[-76.53624722374481,39.26668032715191],[-76.53626035052253,39.26668440633017],[-76.53627350313589,39.26668843336433],[-76.53628671453056,39.26669233181904],[-76.53630001302285,39.2666960243399],[-76.53631342333524,39.26669945157363],[-76.53632691718633,39.26670268547013],[-76.5363404722124,39.26670577908654],[-76.53635406842605,39.26670877648159],[-76.53636768466347,39.26671172441179],[-76.53638130441946,39.26671466604889],[-76.53639490538339,39.26671764634334],[-76.5364084744911,39.26672071388511],[-76.53642202695949,39.26672384531431],[-76.53643558298188,39.2667269650459],[-76.53644916740413,39.26672999481112],[-76.53646279927834,39.26673285631803],[-76.53647650580311,39.26673546590251],[-76.53649034959287,39.26673764005452],[-76.53650430246653,39.26673943541135],[-76.53651830207984,39.2667409940486],[-76.53653231460514,39.26674235006187],[-76.53654638510467,39.26674334599434],[-76.53656047489186,39.26674422760349],[-76.53657454896256,39.26674520913433],[-76.53658862671583,39.2667461591511],[-76.53660270203429,39.26674712717197],[-76.53661675921883,39.26674821041814],[-76.53663078374673,39.26674950341314],[-76.53664477315361,39.26675102866646],[-76.5366587419564,39.26675269255541],[-76.53667270123682,39.26675439513818],[-76.5366866641707,39.26675607071063],[-76.53670062590527,39.2667577525821],[-76.53671458283486,39.26675946055525],[-76.53672853021283,39.26676121172601],[-76.53674246329228,39.26676302319026],[-76.53675636642737,39.26676498406255],[-76.53677023728284,39.26676709703595],[-76.53678410936847,39.2667691992033],[-76.53679801387632,39.26677112764833],[-76.53681198795668,39.26677269425666],[-76.53682606618945,39.26677374963686],[-76.53684018046717,39.26677460878977],[-76.53685424949532,39.26677565422184],[-76.53686818969152,39.26677726392681],[-76.53688198414558,39.26677954322805],[-76.53689567838411,39.26678226350971],[-76.53690930842806,39.26678523214904],[-76.53692291029841,39.26678825652343],[-76.53693647593677,39.26679132849414],[-76.53694997302206,39.26679460646925],[-76.53696344889818,39.26679793840542],[-76.53697695675568,39.26680116417527],[-76.53699054862625,39.26680412364693],[-76.53700426943605,39.26680668008051],[-76.53701810149789,39.26680888024626],[-76.53703200691417,39.26681084920173],[-76.53704594432295,39.2668127101893],[-76.53705987700933,39.2668145846681],[-76.53707376817601,39.26681660670787],[-76.53708763510473,39.26681879168975],[-76.53710151526829,39.26682090195829],[-76.53711544626303,39.26682268094226],[-76.5371294619501,39.26682391168962],[-76.53714353697272,39.26682475083432],[-76.53715764713917,39.2668253541142],[-76.53717177425114,39.26682584666445],[-76.53718590245155,39.26682635002653],[-76.5372000135542,39.26682698753423],[-76.53721408821406,39.26682788251676],[-76.53722813085496,39.26682906741928],[-76.53724214645283,39.26683049001677],[-76.53725612710785,39.26683211785038],[-76.53727006839658,39.26683391847502],[-76.53728396698963,39.26683586935835],[-76.53729783455698,39.26683795793548],[-76.53731168065072,39.26684014100726],[-76.53732551716978,39.26684237087967],[-76.5373393536604,39.26684460525416],[-76.53735319970387,39.26684679642778],[-76.53736706601678,39.26684890030489],[-76.5373809524171,39.26685094480869],[-76.53739484910024,39.26685301187059],[-76.53740876855237,39.26685496372202],[-76.53742272561799,39.26685665629827],[-76.53743673398868,39.26685794462932],[-76.53745079851065,39.26685879630656],[-76.53746490328012,39.26685934007742],[-76.53747903358742,39.26685969928933],[-76.53749317241132,39.26685999637998],[-76.53750730736567,39.26686035380529],[-76.53752142153517,39.26686087778942],[-76.53753553195853,39.26686144319248],[-76.53754964464099,39.26686201761048],[-76.53756375361253,39.26686262804294],[-76.53757785522085,39.26686330149857],[-76.53759194697237,39.2668640649907],[-76.53760602150957,39.2668649806434],[-76.53762004962199,39.26686644107734],[-76.53763405568579,39.26686808427904],[-76.53764807957253,39.26686930418744],[-76.5376621523143,39.26686960640219],[-76.53767625362137,39.26686925927276],[-76.53769037108113,39.26686856721042],[-76.53770449602716,39.2668677932058],[-76.53771861861699,39.26686720294726],[-76.53773278247036,39.26686668220873],[-76.53774695359579,39.26686629030715],[-76.53776098514686,39.26686668963102],[-76.53777478691936,39.2668694534701],[-76.53778673481105,39.26687539062873],[-76.53779237791511,39.26688520961016],[-76.53779523392218,39.26689612646939],[-76.53779783811144,39.26690692073357],[-76.53780047575896,39.26691773764853],[-76.53780560028727,39.26692782662062],[-76.53781470876586,39.26693631258868],[-76.53782863846942,39.26693829595747],[-76.53784039045885,39.26693445988931],[-76.53784896030891,39.26692565526254],[-76.53785757630214,39.26691688234366],[-76.53786693896103,39.26690875911502],[-76.53787806100259,39.26690183002334],[-76.53789065641838,39.26689677402386],[-76.53790443971552,39.26689508076651],[-76.53791875041424,39.26689496592967],[-76.53793287081413,39.26689471252461],[-76.53794699763277,39.2668945411131],[-76.53796112646397,39.26689441654785],[-76.5379752563893,39.26689430189366],[-76.53798938415542,39.26689416290854],[-76.53800351116148,39.26689396266637],[-76.53801763966051,39.26689371108446],[-76.53803176942961,39.26689344239125],[-76.53804589794017,39.2668931890045],[-76.53806002612811,39.26689298515709],[-76.53807415147072,39.26689286236606],[-76.53808827375114,39.26689285395907],[-76.53810239275832,39.26689299236291],[-76.53811652240927,39.26689327583085],[-76.53813065325809,39.26689373134882],[-76.53814477001227,39.26689439398666],[-76.53815885389133,39.26689530060212],[-76.53817288959118,39.26689648806654],[-76.5381868829527,39.2668979491968],[-76.53820084945612,39.26689962009907],[-76.53821479534092,39.26690143233947],[-76.53822873262271,39.26690332020902],[-76.538242667535,39.26690521617452],[-76.53825660862282,39.2669070536126],[-76.53827056674285,39.2669087668098],[-76.5382845492931,39.26691028733666],[-76.53829856480671,39.26691155037135],[-76.53831261698842,39.26691252079838],[-76.53832669851624,39.26691325533742],[-76.53834080210936,39.26691380440295],[-76.53835492282194,39.26691421571633],[-76.53836905569659,39.2669145388004],[-76.53838319345839,39.2669148231689],[-76.53839733232631,39.26691511564697],[-76.53841146501971,39.26691546664911],[-76.53842558542252,39.26691592569357],[-76.53843968974796,39.26691654050629],[-76.53845377413323,39.26691737052291],[-76.53846784232415,39.26691837432275],[-76.53848190178316,39.26691947356813],[-76.53849595997838,39.26692058902074],[-76.53851002551328,39.26692164504969],[-76.53852228569946,39.26692251472958],[-76.53852409721729,39.26692264345198],[-76.53853816606529,39.26692372471211],[-76.53855223472038,39.26692483569524],[-76.5385663047163,39.26692591875808],[-76.53858037993339,39.26692691176278],[-76.53859446191697,39.26692775526458],[-76.53860855452974,39.26692838982796],[-76.53862265925834,39.26692876501551],[-76.53863677343368,39.2669289348631],[-76.53865089558647,39.26692894710558],[-76.53866502198862,39.26692884046147],[-76.53867915353516,39.26692865546892],[-76.53869328766861,39.26692842904942],[-76.53870742180774,39.26692820172747],[-76.53872155570674,39.26692801133444],[-76.53873568795514,39.26692789659791],[-76.53874981713059,39.26692789804687],[-76.5387639431045,39.26692803549774],[-76.53877806838176,39.26692828013577],[-76.53879219320829,39.2669285941296],[-76.53880631895962,39.26692894415615],[-76.53882044356979,39.26692929147421],[-76.53883456727313,39.26692960005389],[-76.5388486914507,39.26692983567144],[-76.53886281518962,39.26692996049086],[-76.53887693754166,39.26692994208082],[-76.53889106167293,39.26692982819443],[-76.53890518737846,39.26692965035792],[-76.53891931348195,39.26692941126893],[-76.53893343878943,39.26692911632738],[-76.53894756327155,39.26692877003703],[-76.53896168575207,39.2669283750956],[-76.53897580504288,39.26692793600219],[-76.53898992227349,39.26692745726514],[-76.53900403393827,39.26692694337456],[-76.53901814123697,39.26692638802969],[-76.53903224434504,39.26692576420824],[-76.53904634436866,39.26692508002139],[-76.53906044124918,39.26692434447668],[-76.53907453491057,39.26692356928377],[-76.53908862645301,39.26692276345467],[-76.53910271581218,39.26692193689759],[-76.53911680522954,39.26692110133141],[-76.539130892329,39.26692026575439],[-76.53914498060445,39.26691942747804],[-76.5391590663568,39.26691844236461],[-76.53917314943972,39.26691733293282],[-76.53918723162658,39.2669161829612],[-76.5392013112089,39.26691507711541],[-76.53921538878973,39.26691410097084],[-76.53922946498984,39.26691333740087],[-76.53924354040672,39.2669128728816],[-76.53925761255411,39.26691291187802],[-76.53927167739539,39.26691371920062],[-76.53928573916089,39.26691500031426],[-76.53929980113833,39.26691642735168],[-76.53931386428584,39.26691767423814],[-76.53932798108019,39.26691851148315],[-76.539341962121,39.26691991117497],[-76.53935342056484,39.26692629393618],[-76.53936075714213,39.26693571683985],[-76.53936322864038,39.26694646010465],[-76.53936536698887,39.26695729213958],[-76.53936728595123,39.26696818186393],[-76.53936902853614,39.26697910872873],[-76.53937063310563,39.26699005396831],[-76.53937214383306,39.26700099613738],[-76.53937358397559,39.26701192271652],[-76.53937489427821,39.267022857794],[-76.53937609094606,39.26703380413573],[-76.53937720529505,39.26704475736068],[-76.53937826978816,39.26705571489389],[-76.53937931573546,39.26706667325508],[-76.53938037675286,39.26707763077457],[-76.53938148415644,39.26708858307131],[-76.53938266925043,39.2670995275658],[-76.53938396566255,39.26711046078688],[-76.53938540353835,39.26712138015046],[-76.53938701534688,39.26713228218075],[-76.53938883007487,39.26714316428923],[-76.53939083149383,39.26715402731286],[-76.53939299292878,39.26716487475025],[-76.53939528771643,39.26717570829826],[-76.5393976891817,39.26718653145533],[-76.53940017297886,39.26719734592756],[-76.53940271011525,39.26720815520423],[-76.53940527392164,39.26721896188315],[-76.53940784004638,39.26722976857108],[-76.53941038182019,39.26724057786569],[-76.53941287026208,39.26725139145491],[-76.53941529027878,39.26726221378337],[-76.53941660760938,39.26727313897864],[-76.53941676580689,39.26728411547551],[-76.5394143455791,39.26730563977926],[-76.5394185104483,39.26731615187981],[-76.53942512251601,39.26732580073217],[-76.53943838072571,39.26732752996111],[-76.53945248153336,39.26732602242507],[-76.53946642440454,39.26732403145551],[-76.53947869370809,39.26731940187312],[-76.5394803629313,39.2673171745105],[-76.53948582295538,39.26730989158145],[-76.53949146600743,39.26729976113668],[-76.53949298481049,39.26728892813294],[-76.53949065534051,39.26727807913822],[-76.53948629207333,39.26726760319368],[-76.53948268866155,39.26725699781553],[-76.53948044250292,39.2672461680633],[-76.53947869863613,39.26723525650916],[-76.53947722841502,39.26722431900492],[-76.53947580452761,39.26721338438468],[-76.53947433673599,39.26720242977526],[-76.53947286206821,39.2671914634288],[-76.53947141988147,39.26718049180506],[-76.53947004835091,39.2671695249622],[-76.53946878798077,39.26715857116596],[-76.53946767580479,39.26714763776776],[-76.53946675348016,39.26713673393865],[-76.53946607773966,39.26712586710723],[-76.5394733045363,39.26711667877306],[-76.53948661835467,39.26711251177745],[-76.53950031428516,39.26710999648848],[-76.53951435066722,39.26710858867786],[-76.53952842956953,39.26710759268397],[-76.53954254673711,39.26710694994011],[-76.53955666202552,39.2671069539397],[-76.5395707753794,39.26710725608473],[-76.53958489132722,39.26710769425443],[-76.53959900780863,39.2671082288069],[-76.53961312278089,39.26710881739788],[-76.53962723650692,39.26710941949384],[-76.53964134691468,39.26710999725432],[-76.53965545497003,39.2671105804085],[-76.53966956048025,39.26711119868099],[-76.53968366341023,39.26711185747636],[-76.53969776255445,39.26711256399594],[-76.53971185671337,39.26711332454049],[-76.53972594334739,39.26711417332925],[-76.53974002486173,39.26711509686012],[-76.53975410382523,39.26711605641008],[-76.5397681816479,39.26711701325158],[-76.53978226205139,39.2671179295669],[-76.53979634761015,39.26711876573217],[-76.5398104397225,39.26711948482144],[-76.53982454226188,39.26712002559751],[-76.53983866168787,39.26712028539797],[-76.53985279046941,39.26712035336948],[-76.53986692554135,39.26712034479851],[-76.53988105919751,39.26712037585416],[-76.53989518607867,39.26712055821083],[-76.53990930880026,39.26712084593954],[-76.53992343010626,39.2671211732949],[-76.53993755121968,39.26712153037315],[-76.53995167103433,39.26712190906311],[-76.53996579078483,39.26712229765959],[-76.53997990935929,39.26712268895209],[-76.53999403038571,39.26712305953475],[-76.54000815519798,39.26712338238979],[-76.54002228239224,39.267123695344],[-76.54003640707639,39.26712403801204],[-76.54005052550555,39.26712445181467],[-76.54006463394083,39.26712497727193],[-76.54007872978448,39.26712565761052],[-76.54009280417215,39.26712660899498],[-76.54010686317217,39.267127789113],[-76.54012091223706,39.26712907187811],[-76.54013496147174,39.2671303285199],[-76.54014901749305,39.26713143205578],[-76.54016308808242,39.26713225460693],[-76.54017718104437,39.26713266469157],[-76.54019129423639,39.26713263527818],[-76.54020542205411,39.26713231587257],[-76.54021955535308,39.26713186587517],[-76.54023369194135,39.26713144471353],[-76.54024782266309,39.26713121358964],[-76.54026195010428,39.26713113107814],[-76.54027608086999,39.26713107199797],[-76.54029021139645,39.2671310498467],[-76.54030434041404,39.26713108173401],[-76.54031846782939,39.26713118207182],[-76.54033259122582,39.26713136616377],[-76.54034670893702,39.26713171237029],[-76.54036081929675,39.2671322990518],[-76.54037492668566,39.26713298660613],[-76.54038903207243,39.26713362550942],[-76.54040316136621,39.26713397265524],[-76.54041673996066,39.26713131988335],[-76.54042867094002,39.26712541609053],[-76.54043509280936,39.26711524631207],[-76.5404216400967,39.26711420822527],[-76.54040720896558,39.26711502009154],[-76.54039316092114,39.26711626312235],[-76.54037903999813,39.26711641323281],[-76.54036491683333,39.26711655162281],[-76.54035079026806,39.26711667828783],[-76.54033666264314,39.26711678963387],[-76.54032253281149,39.26711688385502],[-76.5403084019553,39.26711695735271],[-76.54029427125074,39.26711700742931],[-76.54028013954498,39.26711703317951],[-76.5402660080201,39.26711703100486],[-76.54025187785241,39.26711699820764],[-76.54023774905946,39.26711693208568],[-76.54022362281164,39.26711683084191],[-76.54020949797361,39.26711669086892],[-76.54019537587347,39.26711648604952],[-76.5401812568613,39.26711616233894],[-76.54016714079721,39.26711574135511],[-76.54015302636491,39.26711524741363],[-76.54013891340091,39.26711470573544],[-76.54012480175351,39.26711413973992],[-76.5401106889359,39.26711357553964],[-76.54009657479625,39.26711303655406],[-76.54008246033578,39.26711254710783],[-76.54006834440727,39.26711210539494],[-76.54005422602717,39.26711168438844],[-76.54004010756546,39.26711127599074],[-76.54002598906885,39.26711087299577],[-76.54001187057831,39.26711046909839],[-76.53999775214629,39.26711005619183],[-76.53998363497247,39.26710962797542],[-76.53996951910355,39.26710917724319],[-76.53995540458628,39.26710869678917],[-76.53994129262624,39.2671081794119],[-76.53992718324081,39.26710762240917],[-76.53991307638347,39.26710703298696],[-76.53989897085441,39.26710641744594],[-76.53988486661875,39.26710578119054],[-76.5398707624768,39.26710513052157],[-76.53985665954063,39.26710447264946],[-76.53984255662219,39.2671038120734],[-76.53982845367482,39.26710315599937],[-76.53981434949884,39.26710251072809],[-76.53980024521798,39.26710188166852],[-76.53978613847376,39.26710127511685],[-76.53977203038998,39.26710069648212],[-76.5397579209139,39.267100153871],[-76.53974380635903,39.26709967969678],[-76.53972968667844,39.26709928116537],[-76.53971556435916,39.26709893216432],[-76.53970143954133,39.26709861107556],[-76.53968731585907,39.26709829359267],[-76.53967319346418,39.26709795629619],[-76.53965907367336,39.26709757487053],[-76.53964496010309,39.26709712771132],[-76.53963085176413,39.26709658869246],[-76.53961674399223,39.26709596229951],[-76.53960263565791,39.26709524402415],[-76.53958853856513,39.26709440058416],[-76.53957446452375,39.26709339779669],[-76.53956042650825,39.26709220058255],[-76.53954641184244,39.26709079808278],[-76.53953234948501,39.26708924496587],[-76.53951831870584,39.26708746858026],[-76.53950442091976,39.26708537654429],[-76.53949075521861,39.26708287736818],[-76.53947806791298,39.26707835709721],[-76.53946828005471,39.26707042346924],[-76.53946085815642,39.26706092997816],[-76.53945801298438,39.26705026722047],[-76.53945561838525,39.2670394567019],[-76.53945342232184,39.26702858751105],[-76.5394514443703,39.26701767864084],[-76.53944970990651,39.26700674820624],[-76.53944823850074,39.26699581610085],[-76.53944708578534,39.26698488074138],[-76.53944640392099,39.26697388687685],[-76.53944620195549,39.26696286877198],[-76.53944647263775,39.26695187233759],[-76.53944722379256,39.26694094174207],[-76.53944963864181,39.26693006270946],[-76.53945382394561,39.26691956894312],[-76.53946226807295,39.26691082135562],[-76.53947517402977,39.26690628614849],[-76.53948833165147,39.26690225455625],[-76.53950153600935,39.26689834204742],[-76.53951473464213,39.26689441870538],[-76.53952784624779,39.26689033468362],[-76.53954105392417,39.26688626725103],[-76.53955435287841,39.26688224070937],[-76.5395672057606,39.26687766835247],[-76.53957907750311,39.2668719688879],[-76.53958990258779,39.26686506008897],[-76.53960009167182,39.26685740926376],[-76.53961004156575,39.26684947465831],[-76.53962014906271,39.26684171722071],[-76.53963051306843,39.26683425263715],[-76.53964087821903,39.2668267898587],[-76.53965125374373,39.26681933522688],[-76.53966164770125,39.26681189688026],[-76.53967207046209,39.26680448386718],[-76.53968253240255,39.2667971043352],[-76.53969307501598,39.26678979267621],[-76.53970371097869,39.26678255974912],[-76.53971438727399,39.26677536120835],[-76.53972505204371,39.26676815271302],[-76.53973564995354,39.26676088990845],[-76.53974612914553,39.26675352845378],[-76.53975643889696,39.26674602761558],[-76.53976662763631,39.2667384245153],[-76.53977673915703,39.26673075625605],[-76.53978678267084,39.26672303188168],[-76.53979676740103,39.26671525863458],[-76.53980670486516,39.26670744736904],[-76.53981660196317,39.26669960621912],[-76.53982647137724,39.2666917451429],[-76.53983632116028,39.26668387317969],[-76.53984616058824,39.26667598946506],[-76.53985597236144,39.26666808132048],[-76.53986573224515,39.26666013333787],[-76.53987541599311,39.26665213191076],[-76.53988500052355,39.26664406253634],[-76.53989446043705,39.26663591070289],[-76.53990376111115,39.26662765465628],[-76.53991281607088,39.26661922740079],[-76.53992164720434,39.2666106488392],[-76.53993030523408,39.26660195970489],[-76.53993883855948,39.26659320162282],[-76.53994729217943,39.26658440449488],[-76.53995567539913,39.26657556295277],[-76.53996397897185,39.26656667335723],[-76.53997219133331,39.26655773205997],[-76.53998030206063,39.26654873811935],[-76.539988301907,39.26653968789606],[-76.53999614119773,39.2665305577756],[-76.54000371834159,39.26652128881004],[-76.54001109451923,39.26651191726981],[-76.54001834362278,39.26650248487979],[-76.54002558234225,39.26649304524248],[-76.54003303630856,39.26648364968472],[-76.54004038629407,39.26647420597846],[-76.54004722398722,39.26646459992822],[-76.54005313992941,39.26645471553268],[-76.5400574032751,39.26644432023342],[-76.5400603759919,39.2664335271436],[-76.54006307910856,39.26642267264621],[-76.54006607461342,39.26641193909626],[-76.54006895782889,39.26640118799179],[-76.54007174265425,39.26639042028805],[-76.54007445802348,39.26637964150294],[-76.54007703565169,39.26636883875827],[-76.54007937371431,39.26635798913605],[-76.5400816388622,39.26634712571661],[-76.54008401046313,39.26633628613411],[-76.54008666557897,39.26632550621179],[-76.54008978011269,39.26631482176867],[-76.54009351613809,39.2663042568594],[-76.5400978632961,39.26629380063417],[-76.54010270801686,39.26628345444962],[-76.54010793671891,39.26627322146399],[-76.54011343929119,39.26626310574991],[-76.54011931288798,39.26625313561161],[-76.54012556806647,39.26624329127355],[-76.5401320464041,39.26623352167208],[-76.54013859065464,39.26622377304605],[-76.54014612630527,39.26621231593844],[-76.54014844041241,39.26620712755849],[-76.5401507660892,39.26620194192613],[-76.54015309523025,39.26619675810876],[-76.54015542321807,39.26619157338612],[-76.54015774425881,39.26618638773544],[-76.54016005142343,39.26618119752649],[-76.54016233891804,39.26617600273669],[-76.5401645998077,39.26617080063642],[-76.54016683756282,39.26616559214019],[-76.54016907184135,39.26616038363026],[-76.54017130266085,39.26615517240445],[-76.5401735253804,39.26614995934533],[-76.54017573537084,39.266144743534],[-76.5401779291618,39.26613952405613],[-76.54018010212988,39.26613429909202],[-76.5401822531164,39.26612906863726],[-76.54018437518046,39.26612383086299],[-76.54018646715757,39.26611858666551],[-76.54018852558306,39.26611333422965],[-76.54019057706735,39.26610807996504],[-76.54019262508102,39.26610282478605],[-76.54019466731221,39.26609756778281],[-76.54019670491977,39.26609230895994],[-76.54019873326872,39.26608704829918],[-76.5402007523649,39.26608178489987],[-76.54020275988486,39.26607651965366],[-76.5402047546817,39.26607125075445],[-76.54020673443191,39.26606597909404],[-76.54020869913562,39.26606070467236],[-76.54021064532814,39.26605542567434],[-76.54021257300374,39.26605014300065],[-76.54021447869195,39.26604485573703],[-76.54021636239284,39.2660395638834],[-76.54021822178882,39.26603426743078],[-76.54022005572122,39.26602896637452],[-76.54022184683788,39.26602365614293],[-76.540223589351,39.26601833581254],[-76.54022529136593,39.26601300631585],[-76.54022695865315,39.26600767127859],[-76.54022859817677,39.2660023289264],[-76.54023021801891,39.26599698379484],[-76.54023182397917,39.26599163500581],[-76.5402334229983,39.26598628438804],[-76.5402350208585,39.2659809337657],[-76.54023662565926,39.26597558497205],[-76.54023824550602,39.26597023893961],[-76.54023988386334,39.26596489748342],[-76.5402415499954,39.26595956154056],[-76.54024325084883,39.26595423203901],[-76.5402449921999,39.26594891170367],[-76.54024678100104,39.26594360056175],[-76.54024860567645,39.26593829676636],[-76.54025044886825,39.26593299664658],[-76.54025231058225,39.26592769930152],[-76.54025419081256,39.26592240563203],[-76.54025608840051,39.26591711563353],[-76.54025800450484,39.26591182931057],[-76.54025993912551,39.26590654666312],[-76.54026189226248,39.26590126769121],[-76.54026386275126,39.26589599329103],[-76.54026585175055,39.26589072346712],[-76.5402678604249,39.26588545732329],[-76.54026988644515,39.26588019665191],[-76.54027193097589,39.26587494055683],[-76.5402739928584,39.2658696890335],[-76.54027607441014,39.26586444209094],[-76.54027817446065,39.26585920152615],[-76.54028037634063,39.26585398297843],[-76.54028273789994,39.26584880018576],[-76.54028521169397,39.26584364305395],[-76.54028775260164,39.26583850059715],[-76.5402903108493,39.26583336451352],[-76.54029284015712,39.26582822381273],[-76.54029529423931,39.26582306840502],[-76.54029762448693,39.26581788909257],[-76.54029978461429,39.26581267578561],[-76.540301727177,39.26580741838996],[-76.54030341977682,39.26580210957271],[-76.54030489827669,39.26579675848193],[-76.54030619739228,39.26579137245972],[-76.5403073518452,39.26578595794733],[-76.54030839288671,39.26578052047169],[-76.54030935406786,39.26577506827118],[-76.54031026779863,39.26576960687716],[-76.54031116763599,39.26576414362719],[-76.54031208598394,39.26575868495355],[-76.54031305525245,39.26575323638771],[-76.54031409626383,39.2657478034157],[-76.54031511411185,39.26574236855151],[-76.54031609029148,39.26573692631801],[-76.54031703636696,39.26573148036363],[-76.54031796276107,39.26572603162982],[-76.54031887989676,39.26572058105827],[-76.54031980050271,39.26571513140101],[-76.5403207338431,39.26570968359513],[-76.54032169032902,39.26570424038369],[-76.54032268270093,39.26569880271734],[-76.5403237213816,39.2656933715376],[-76.54032481794106,39.26568794959213],[-76.5403259804788,39.26568253871412],[-76.54032722405259,39.26567713986329],[-76.54032855560334,39.26567175486836],[-76.54033001448157,39.2656663910895],[-76.54033161459223,39.26566104858116],[-76.54033333276627,39.26565572635185],[-76.54033514239329,39.26565041799198],[-76.54033701916308,39.26564511980342],[-76.54033894107104,39.26563982989841],[-76.54034088150699,39.26563454186739],[-76.5403428173135,39.26562925291746],[-76.54034472302739,39.2656239584451],[-76.54034657549131,39.26561865565731],[-76.54034834924788,39.26561333904991],[-76.54035001998098,39.26560800582531],[-76.54035156686246,39.26560265139828],[-76.54035302924298,39.26559728312891],[-76.54035443259734,39.26559190381922],[-76.54035578154888,39.26558651528891],[-76.54035708420301,39.26558111847041],[-76.54035834634173,39.26557571518791],[-76.54035957375886,39.26557030546414],[-76.54036077223054,39.26556489202396],[-76.54036194755636,39.26555947398931],[-76.54036310782416,39.26555405499493],[-76.54036425767475,39.26554863415821],[-76.54036540404316,39.26554321420864],[-76.540366552723,39.26553779516887],[-76.54036770139683,39.2655323770298],[-76.54036878059847,39.2655269505119],[-76.54036979612745,39.26552151473703],[-76.54037076881197,39.26551607429064],[-76.54037171950358,39.26551063015508],[-76.54037267134795,39.26550518692476],[-76.54037364518496,39.26549974738362],[-76.54037466417775,39.26549431342379],[-76.54037574915444,39.26548888963065],[-76.54037692096078,39.26548347788735],[-76.54037819696617,39.26547808006341],[-76.54037956675947,39.26547269341579],[-76.54038095824548,39.26546753564855],[-76.54038101760024,39.26546731699375],[-76.54038253905988,39.26546195075657],[-76.54038412302128,39.26545659557326],[-76.54038575559122,39.26545124958785],[-76.54038742980559,39.26544591457462],[-76.54038913292409,39.26544058958294],[-76.54039102494038,39.26543526172747],[-76.54039365361591,39.26543016194751],[-76.54039764548058,39.26542570434695],[-76.54040238844944,39.26542157035993],[-76.5404065943884,39.26541715863536],[-76.54041066872632,39.26541266983018],[-76.54041482963089,39.26540823360828],[-76.54041952756998,39.26540407422279],[-76.54042411212704,39.26539988737024],[-76.54042744921075,39.26539508311208],[-76.54043030984016,39.26538995181126],[-76.54043231991525,39.265384644234],[-76.54043307666493,39.26537926509502],[-76.54043311997488,39.26537383001858],[-76.54043274990639,39.26536834828594],[-76.54043212971351,39.26536284035291],[-76.54043142151481,39.26535732306771],[-76.54043078857597,39.26535181508478],[-76.54043032930232,39.26534633030068],[-76.54042982828501,39.26534084985706],[-76.54042927628319,39.2653353692139],[-76.54042870342413,39.26532988848913],[-76.54042813982926,39.26532440870137],[-76.54042761563743,39.26531892816699],[-76.54042716097007,39.2653134479047],[-76.54042680596007,39.26530796713165],[-76.54042658189933,39.2653024850695],[-76.54042651543293,39.26529700272334],[-76.54042651280797,39.26529150351231],[-76.54042652305745,39.26528598453476],[-76.54042656814497,39.26528045398358],[-76.54042666772814,39.26527491824096],[-76.54042684145308,39.26526938549082],[-76.54042711243615,39.26526386483131],[-76.54042749918214,39.26525836173942],[-76.54042802364286,39.26525288620958],[-76.5404287054819,39.26524744372331],[-76.54042956665096,39.26524204427503],[-76.54043063028399,39.26523669426066],[-76.5404326347514,39.26523153618906],[-76.54043573168421,39.26522659587516],[-76.5404393644354,39.26522176214728],[-76.54044297749337,39.26521692744148],[-76.54044613922082,39.26521200179318],[-76.54044917951954,39.26520703873799],[-76.5404522845263,39.26520210385979],[-76.5404555801759,39.26519725439996],[-76.5404591508987,39.2651925150096],[-76.54046297814899,39.26518788651691],[-76.54046704435315,39.26518339857846],[-76.54047158837817,39.26517920525986],[-76.5404765282336,39.26517526300333],[-76.54048147840047,39.26517133880227],[-76.54048651389338,39.26516747979034],[-76.54049172790501,39.26516378901993],[-76.54049746370325,39.26516058220294],[-76.54050352072956,39.26515769461438],[-76.54050843114091,39.26515382520363],[-76.54051293602119,39.26514959209637],[-76.54051730599362,39.26514525577333],[-76.54052163551478,39.26514090307798],[-76.54052580587047,39.26513643536195],[-76.54052862746259,39.26513142460887],[-76.54053125140034,39.26512633741773],[-76.54053384182771,39.26512123568305],[-76.54053640220339,39.26511612212077],[-76.54053893830935,39.265110998555],[-76.54054145245154,39.26510586679625],[-76.54054394925897,39.26510072776352],[-76.54054643451364,39.26509558328088],[-76.54054891051558,39.2650904360597],[-76.54055138074101,39.26508528611351],[-76.54055385096603,39.26508013616728],[-76.54055632581401,39.26507498804062],[-76.54055880643195,39.26506984353955],[-76.54056129976645,39.26506470359203],[-76.54056380812337,39.26505957000863],[-76.54056632110313,39.26505443824475],[-76.54056883524132,39.26504930648538],[-76.54057134822041,39.26504417472142],[-76.54057386004619,39.26503904205207],[-76.5405763707129,39.2650339093782],[-76.5405788790676,39.26502877579438],[-76.54058138394576,39.26502364219692],[-76.54058388535898,39.26501850678434],[-76.54058638214278,39.2650133704528],[-76.54058887314419,39.26500823229703],[-76.54059135836322,39.26500309231706],[-76.54059390732391,39.26499795078481],[-76.54059584053181,39.26499269965205],[-76.54059583205928,39.26498720672316],[-76.54059549221226,39.2649817088948],[-76.54059510128185,39.26497622617972],[-76.5405946674726,39.26497074419764],[-76.54059410387943,39.26496526260857],[-76.54059346495701,39.26495978252638],[-76.54059336946891,39.26495430637166],[-76.54059360453456,39.26494878286847],[-76.54059386652516,39.26494321713444],[-76.54059429527405,39.26493766736582],[-76.54059503175601,39.26493219446573],[-76.54059621233394,39.26492685571618],[-76.54059837830918,39.26492180546481],[-76.54060261591783,39.26491732810046],[-76.54060732261262,39.26491306245038],[-76.54061198782996,39.26490893895951],[-76.5406169714107,39.26490504010484],[-76.54062220524631,39.26490132598602],[-76.54062817287144,39.26489846146121],[-76.54063422460541,39.26489567112828],[-76.54063943543389,39.26489193079634],[-76.54064435694771,39.26488795333072],[-76.5406478554336,39.26488327040025],[-76.54065026000507,39.26487805714101],[-76.54065272555746,39.26487291077725],[-76.54065501760293,39.26486771689473],[-76.54065722404187,39.26486250105879],[-76.54065940040597,39.26485727699825],[-76.54066156404117,39.26485205018556],[-76.54066372884058,39.2648468224766],[-76.54066590982698,39.26484160023554],[-76.54066812552249,39.26483638623714],[-76.54067036667477,39.26483117774287],[-76.54067261360875,39.26482597107271],[-76.5406748501313,39.26482076165944],[-76.5406770565673,39.26481554582306],[-76.54067921557085,39.26481031809111],[-76.54068130746678,39.26480507478358],[-76.54068333110808,39.26479981409435],[-76.54068530267618,39.2647945423922],[-76.54068723607004,39.26478926063222],[-76.54068914516523,39.26478397337251],[-76.54069104384902,39.26477868336977],[-76.54069294600292,39.26477339428135],[-76.54069486781999,39.26476811067434],[-76.54069681162929,39.26476283075649],[-76.5406987670023,39.26475755448684],[-76.54070072006336,39.26475227730735],[-76.5407026603956,39.26474699737574],[-76.54070457295884,39.26474171103006],[-76.54070644733039,39.26473641732886],[-76.54070827425788,39.2647311135336],[-76.54071007688678,39.2647258042386],[-76.54071185868156,39.26472049125904],[-76.54071362427722,39.26471517461298],[-76.54071537483242,39.26470985430501],[-76.54071711612916,39.26470453215921],[-76.54071884816166,39.26469920907641],[-76.54072057557066,39.26469388417397],[-76.54072229950326,39.26468855925786],[-76.54072402459425,39.26468323434627],[-76.54072574736757,39.26467790942557],[-76.54072746782899,39.26467258359504],[-76.54072918597271,39.26466725775544],[-76.54073090064576,39.26466193100143],[-76.54073261184826,39.26465660333303],[-76.54073432073885,39.26465127475478],[-76.54073602499426,39.26464594615844],[-76.54073772462036,39.26464061664315],[-76.54073942077585,39.26463528621345],[-76.540741112302,39.26462995486491],[-76.54074279919877,39.26462462259742],[-76.54074448146629,39.26461928941105],[-76.54074615794566,39.26461395530122],[-76.54074783095447,39.264608620277],[-76.54074949238741,39.26460328340598],[-76.54075113299218,39.2645979419496],[-76.54075274350471,39.26459259497088],[-76.54075431466114,39.26458724153288],[-76.54075583720324,39.26458187979776],[-76.54075732733568,39.26457651253126],[-76.54075881052144,39.26457114433678],[-76.54076028444882,39.26456577430456],[-76.54076175258808,39.26456040334891],[-76.54076321378649,39.26455503056449],[-76.54076466803235,39.2645496577529],[-76.54076611649593,39.26454428311715],[-76.54076755917157,39.26453890755795],[-76.54076899721788,39.26453353107983],[-76.54077043062907,39.26452815458359],[-76.54077185941676,39.26452277626768],[-76.54077328356939,39.26451739793364],[-76.54077470424556,39.26451201958598],[-76.54077612260994,39.26450664032848],[-76.54077753750376,39.26450126015663],[-76.54077894660374,39.26449587996206],[-76.54078031171854,39.26449049238931],[-76.54078163052492,39.26448509833006],[-76.54078292155667,39.26447969875761],[-76.54078419984809,39.26447429823449],[-76.54078548276838,39.26446889863023],[-76.54078674253729,39.26446349533234],[-76.54078797799023,39.26445808923702],[-76.5407892203954,39.26445268316888],[-76.5407905056265,39.26444728447437],[-76.5407918707395,39.26444189690139],[-76.54079330878783,39.26443651952208],[-76.54079475724699,39.26443114488577],[-76.54079615593322,39.26442576194789],[-76.54079744579242,39.26442036417213],[-76.54079865924555,39.26441495528829],[-76.54079986575198,39.26440954547653],[-76.54080106415881,39.2644041338315],[-76.54080225214277,39.26439872124494],[-76.5408034297097,39.26439330681612],[-76.54080459685954,39.26438789054496],[-76.54080575242784,39.26438247332774],[-76.5408068952617,39.26437705425917],[-76.54080802536102,39.26437163333922],[-76.54080914040847,39.26436621055888],[-76.54081024155681,39.26436078682337],[-76.5408113276533,39.26435536122749],[-76.54081239753917,39.26434993376664],[-76.54081345353183,39.26434450444992],[-76.54081449794292,39.26433907418711],[-76.54081553193122,39.26433364298277],[-76.54081655666118,39.26432820994071],[-76.54081757328578,39.26432277596609],[-76.54081858296369,39.26431734106358],[-76.54081958568912,39.26431190613385],[-76.54082058263245,39.26430646937994],[-76.54082157609363,39.26430103351317],[-76.54082256609014,39.26429559583131],[-76.54082355492197,39.26429015904566],[-76.54082454144201,39.26428472135014],[-76.54082552911477,39.26427928455993],[-76.54082651795197,39.26427384687348],[-76.5408275079419,39.26426841009226],[-76.54082850140784,39.26426297332462],[-76.54082949950269,39.26425753747586],[-76.54083050338518,39.26425210255044],[-76.54083152348379,39.26424666858924],[-76.54083254589381,39.26424123553777],[-76.54083354862293,39.26423579970704],[-76.54083450503221,39.26423035919139],[-76.54083541743323,39.26422491490047],[-76.54083631941725,39.26421946876736],[-76.54083721329593,39.26421402170168],[-76.54083810022796,39.26420857370812],[-76.54083898136628,39.26420312569189],[-76.54083985786959,39.26419767765745],[-76.54084073090824,39.26419222780797],[-76.54084159930602,39.26418677884111],[-76.5408424665508,39.26418132896894],[-76.54084333378965,39.26417587999749],[-76.54084419987544,39.26417043012076],[-76.54084506827851,39.26416498025307],[-76.54084593899309,39.26415953129516],[-76.54084680739012,39.26415408232823],[-76.54084767116375,39.26414863154163],[-76.54084852682044,39.26414318162404],[-76.54084936974265,39.2641377298551],[-76.54085019761311,39.26413227622577],[-76.54085100694971,39.26412682162316],[-76.54085179775831,39.26412136514659],[-76.54085258162036,39.2641159077421],[-76.54085335737125,39.26411045030586],[-76.54085412270513,39.26410499102732],[-76.54085487645759,39.26409953080269],[-76.54085561630534,39.26409407052371],[-76.5408563422599,39.26408860838887],[-76.54085704968657,39.26408314438005],[-76.54085773857945,39.26407767939794],[-76.54085840662113,39.26407221343354],[-76.54085905960517,39.26406674650945],[-76.54085969869615,39.26406127772952],[-76.54086032504696,39.26405580799902],[-76.54086093981049,39.26405033822318],[-76.54086154415127,39.2640448675058],[-76.54086214039259,39.26403939495522],[-76.54086272735826,39.2640339232691],[-76.54086330737738,39.26402845065508],[-76.54086388044989,39.26402297711312],[-76.54086445004033,39.26401750445829],[-76.54086501500166,39.26401203088454],[-76.54086556838153,39.26400655636477],[-76.54086610438056,39.26400108177706],[-76.5408666230104,39.26399560531981],[-76.54086712195364,39.2639901269841],[-76.54086760119861,39.26398464857133],[-76.54086806190985,39.26397916918535],[-76.54086850060541,39.26397368971327],[-76.54086888949351,39.26396820734414],[-76.54086922973298,39.26396272208245],[-76.54086954679802,39.26395723673019],[-76.54086986386886,39.26395175047716],[-76.54087020641973,39.26394626612526],[-76.54087059067851,39.26394078283722],[-76.54087099114766,39.26393530141407],[-76.54087140320969,39.26392981913547],[-76.54087182337689,39.2639243377893],[-76.54087224586142,39.2639188564522],[-76.54087305984021,39.26390820622409],[-76.54087330353435,39.2638972258859],[-76.54087355533946,39.26388624557941],[-76.54087381062067,39.26387526528646],[-76.54087406242557,39.26386428497986],[-76.54087430496075,39.263853304637],[-76.54087453359126,39.26384232423973],[-76.54087474137064,39.26383134286014],[-76.54087492596982,39.26382036229066],[-76.54087509898768,39.26380938077511],[-76.5408752604183,39.2637983992142],[-76.54087541026172,39.26378741760799],[-76.54087554388317,39.26377643593829],[-76.54087565897092,39.26376545329529],[-76.54087575319016,39.2637544723723],[-76.54087582308223,39.26374349045328],[-76.54087580838238,39.26373250910435],[-76.54087554802953,39.26372152769569],[-76.54087512311038,39.26371055014742],[-76.54087463907962,39.26369957507035],[-76.54087411912887,39.26368859985279],[-76.54087357367494,39.26367762633699],[-76.54087300968182,39.26366665274873],[-76.54087243641921,39.26365567912413],[-76.54087181447331,39.26364470801153],[-76.54087115080239,39.26363373853727],[-76.54087048482005,39.26362276815311],[-76.54086982810765,39.26361179780521],[-76.54086911923594,39.26360082995561],[-76.54086836864506,39.26358986284367],[-76.54086761457241,39.26357889661887],[-76.54086683500839,39.26356793029431],[-76.54086600791419,39.26355696738695],[-76.54086509504074,39.2635460095488],[-76.54086396773627,39.26353506168149],[-76.5408627708746,39.2635241189468],[-76.54086164704691,39.26351317109294],[-76.54086054292935,39.26350222151458],[-76.540859379683,39.26349127710964],[-76.54085807384585,39.26348034295637],[-76.5408565199172,39.26346942764999],[-76.54085479440103,39.26345852698572],[-76.54085303525959,39.26344762979306],[-76.54085124016953,39.2634367369636],[-76.54084941609487,39.26342584672309],[-76.54084759086201,39.2634149564779],[-76.54084578997428,39.26340406452638],[-76.54084406562011,39.26339316386631],[-76.54084239344324,39.26338225800554],[-76.54084069111715,39.26337135562996],[-76.54083887516256,39.26336046452004],[-76.5408368899091,39.26334959256501],[-76.54083483276399,39.26333872843574],[-76.54083273503562,39.26332786865156],[-76.54083060484665,39.2633170114427],[-76.54082844914346,39.2633061577371],[-76.5408262772074,39.26329530576946],[-76.54082409831393,39.26328445467532],[-76.54082191710368,39.26327360357204],[-76.5408197451638,39.26326275250496],[-76.54081758018847,39.26325189966345],[-76.54081532939379,39.26324105819634],[-76.5408128826097,39.26323024208511],[-76.54081032100964,39.2632194417387],[-76.54080774548845,39.26320864404009],[-76.54080519780609,39.26319784194636],[-76.54080265940577,39.2631870380873],[-76.54080011868879,39.26317623421911],[-76.54079756752681,39.26316543301226],[-76.54079499200952,39.2631546353132],[-76.54079238402014,39.26314384199089],[-76.54078968555946,39.26313306272705],[-76.54078679340375,39.26312231243107],[-76.54078386296516,39.26311156919147],[-76.54078091628811,39.26310082859052],[-76.54077787332891,39.26309010472762],[-76.54077482225964,39.26307938083288],[-76.54077174682946,39.26306866134659],[-76.54076859599125,39.26305795597764],[-76.54076532101554,39.26304727444391],[-76.54076189986951,39.26303661936156],[-76.5407583893879,39.26302598194506],[-76.54075486035063,39.2630153471582],[-76.5407513812027,39.26300470265782],[-76.5407480203949,39.26299403520008],[-76.54074472921509,39.2629833518006],[-76.54074141482141,39.26297267461566],[-76.54073798324258,39.26296202129307],[-76.54073434047822,39.26295141398447],[-76.54073050510837,39.2629408464571],[-76.54072659200183,39.26293029483942],[-76.54072261043987,39.26291975736616],[-76.54071856853929,39.26290923316834],[-76.54071447442263,39.26289872047609],[-76.54071033388925,39.26288821841137],[-76.54070615736747,39.26287772701499],[-76.54070194951542,39.26286724270201],[-76.54069767317894,39.26285677703721],[-76.54069327962861,39.26284633973836],[-76.54068879787273,39.26283592461361],[-76.54068425693123,39.26282552366946],[-76.54067968464211,39.26281513251099],[-76.54067509842666,39.26280474490086],[-76.54067044836751,39.26279437505627],[-76.54066575072156,39.26278401763607],[-76.5406610356673,39.26277366465144],[-76.54065633221893,39.26276330900962],[-76.5406516728782,39.26275294183012],[-76.54064708782957,39.26274255422327],[-76.54064260028186,39.26273214087526],[-76.54063816960489,39.2627217133372],[-76.54063374589892,39.26271128312387],[-76.54062929317436,39.26270086090375],[-76.54062486483033,39.26269043157268],[-76.54062035291581,39.2626800244337],[-76.5406156576021,39.26266966702023],[-76.54061092398278,39.2626593202659],[-76.54060616947925,39.26264897793352],[-76.54060139175654,39.26263864271627],[-76.54059658965595,39.26262831460957],[-76.54059176086011,39.26261799360434],[-76.54058690536327,39.26260768060136],[-76.54058201968338,39.26259737648778],[-76.5405770864169,39.26258708479855],[-76.54057208233732,39.26257681354978],[-76.54056697957189,39.26256657254086],[-76.54056175721176,39.26255636979688],[-76.54055645242259,39.26254619195173],[-76.5405510861075,39.26253603188103],[-76.54054565709036,39.26252589228238],[-76.54054016188937,39.26251577404305],[-76.54053459816951,39.26250567985613],[-76.54052896361939,39.26249560881178],[-76.5405232640324,39.26248556093267],[-76.54051751334791,39.26247553086881],[-76.54051172667562,39.26246551147297],[-76.54050592141925,39.26245549921033],[-76.54050011151806,39.26244548873069],[-76.54049431323457,39.26243547379237],[-76.54048854282549,39.26242544905429],[-76.54048289087288,39.26241538334397],[-76.54047716226742,39.26240534525731],[-76.54047116422311,39.2623954024984],[-76.54046509533698,39.2623854846835],[-76.54045894746911,39.26237559628465],[-76.54045271015629,39.26236574266546],[-76.54044638223395,39.26235592472212],[-76.54043998810471,39.26234613174084],[-76.5404335428607,39.26233635927691],[-76.54042706044707,39.26232660107944],[-76.54042055363854,39.26231685269462],[-76.54041402591706,39.26230711323523],[-76.54040743778215,39.26229739876058],[-76.54040081014861,39.26228770034482],[-76.54039417787628,39.26227800281126],[-76.54038757231977,39.26226829547338],[-76.54038099581402,39.26225857563804],[-76.54037443208476,39.26224885134841],[-76.54036786952186,39.26223912616219],[-76.54036129766789,39.26222940454223],[-76.54035470490099,39.26221969184777],[-76.54034807960514,39.26220999253716],[-76.54034142526802,39.26220030482244],[-76.54033476628632,39.26219061889068],[-76.54032809220848,39.26218093830406],[-76.54032139024223,39.26217127021864],[-76.54031464761296,39.26216161908827],[-76.54030785269282,39.26215199117281],[-76.54030099269551,39.26214239272763],[-76.54029403045557,39.26213283711871],[-76.54029077964751,39.26212845925716],[-76.54028696827866,39.26212332615669],[-76.54027983754273,39.262113845552],[-76.54027266614384,39.26210438190232],[-76.54026548776554,39.26209492272866],[-76.54025832565743,39.26208545641206],[-76.54025116820348,39.26207598741092],[-76.54024400145279,39.26206652287679],[-76.54023680681382,39.26205707084375],[-76.54022956801256,39.26204763935504],[-76.54022226992765,39.26203823735923],[-76.54021489280893,39.26202887288584],[-76.54020741108374,39.26201955844549],[-76.54019984451385,39.26201028420716],[-76.54019222098947,39.26200103766914],[-76.54018456724204,39.26199180632542],[-76.54017691233793,39.26198257497658],[-76.54016928300855,39.26197333111661],[-76.5401616490348,39.26196408903943],[-76.54015392205309,39.26195489523914],[-76.54014601601736,39.26194579621883],[-76.54013791581227,39.26193680002623],[-76.54012970165542,39.26192786553997],[-76.54012145379377,39.26191894713501],[-76.5401132559327,39.2619100019021],[-76.54010514527268,39.26190101107079],[-76.54009707067391,39.26189199876163],[-76.54008898793143,39.26188299182461],[-76.54008085285763,39.26187401440748],[-76.5400726387211,39.26186507901635],[-76.54006438620418,39.26185616599353],[-76.54005609648303,39.26184727264135],[-76.54004776954605,39.26183840076126],[-76.54003940306414,39.26182955214573],[-76.54003100518904,39.26182072052121],[-76.54002259800565,39.26181189516504],[-76.54001417455025,39.26180307785144],[-76.54000572783576,39.26179427395761],[-76.53999724971055,39.2617854897571],[-76.53998873204041,39.26177672882105],[-76.53998016668552,39.26176799562148],[-76.53997151757484,39.26175931343704],[-76.53996275795367,39.26175069837682],[-76.53995392505753,39.26174212626591],[-76.53994505842158,39.26173357564058],[-76.53993619527553,39.2617250232267],[-76.53992732747935,39.26171647349621],[-76.53991843176019,39.26170794167101],[-76.53990948368647,39.26169944296852],[-76.53990046346144,39.26169099262425],[-76.53989127567037,39.26168265241751],[-76.53988194010428,39.26167440801356],[-76.53987262547835,39.26166615108004],[-76.53986336439327,39.26165785742391],[-76.53985412774774,39.26164954764898],[-76.53984494928368,39.2616412002689],[-76.53983583600562,39.26163280720413],[-76.53982673436323,39.2616244069781],[-76.53981758383652,39.26161604078909],[-76.53980832391142,39.26160774893454],[-76.53979889058024,39.26159957440071],[-76.53978933270602,39.26159148675272],[-76.5397797305998,39.26158343045763],[-76.53977010404087,39.26157539298204],[-76.53976043790215,39.26156738417517],[-76.5397507589617,39.26155938432503],[-76.53974109631501,39.26155137372869],[-76.53973149539594,39.26154331473182],[-76.5397219084474,39.26153524588041],[-76.53971224696596,39.26152723528619],[-76.53970241315534,39.26151935462738],[-76.53969231151336,39.26151167919446],[-76.53968209109837,39.26150409427289],[-76.53967194172716,39.26149645378112],[-76.53966187038672,39.2614887523419],[-76.53965181301689,39.26148104104811],[-76.53964173935177,39.26147334139954],[-76.53963165520818,39.261465649816],[-76.53962157105511,39.26145796003296],[-76.53961148225783,39.26145027203247],[-76.53960138996335,39.26144258762039],[-76.53959129068392,39.2614349085847],[-76.53958118325502,39.26142723582151],[-76.53957107465799,39.26141956485446],[-76.53956096024636,39.26141189746676],[-76.53955083651493,39.26140423814856],[-76.53954069531787,39.2613965922725],[-76.53953053314999,39.26138896432879],[-76.539520306924,39.26138138747688],[-76.53950083131822,39.26136711855523],[-76.53949080077292,39.26135938573389],[-76.5394807725588,39.26135165111928],[-76.5394707408592,39.2613439182917],[-76.53946070449783,39.26133618994874],[-76.53945065416444,39.2613284723594],[-76.53944058287186,39.26132077090085],[-76.53943052438537,39.26131306048391],[-76.53942050201283,39.2613053204823],[-76.53941050176833,39.26129756345193],[-76.53940051433574,39.26128979656244],[-76.53939053156341,39.26128202608733],[-76.53938055810356,39.26127424934243],[-76.53937062659205,39.26126643673039],[-76.53936056112784,39.26125873258531],[-76.53935031047223,39.26125117634007],[-76.53933995497692,39.26124370615667],[-76.53932950044701,39.26123632025632],[-76.5393190109662,39.26122896394332],[-76.5393085762492,39.26122156100415],[-76.53929815784934,39.26121414371567],[-76.5392877522672,39.26120671566727],[-76.53927736183184,39.26119927506657],[-76.53926697024001,39.26119183446042],[-76.53925665903139,39.26118432751163],[-76.53924654932783,39.26117665921377],[-76.53923652583009,39.26116892009232],[-76.53922653145337,39.26116115766423],[-76.53921651378261,39.26115341406006],[-76.53920644020542,39.26114571527417],[-76.53919634217547,39.26113803530765],[-76.53918623017351,39.26113036609464],[-76.53917611583881,39.2611226995739],[-76.53916600732894,39.26111502857126],[-76.53915591746527,39.26110734142701],[-76.53914583924893,39.2610996453199],[-76.53913573540953,39.26109196982907],[-76.5391255791572,39.26108433646782],[-76.53911538446627,39.26107673448188],[-76.53910517347421,39.26106914504179],[-76.5390949683011,39.26106155202054],[-76.53908478643227,39.26105393927291],[-76.53907461738117,39.26104631576542],[-76.53906445299033,39.26103868867224],[-76.53905429325388,39.26103105889408],[-76.53904413469003,39.2610234273181],[-76.53903397729287,39.26101579484502],[-76.53902381872754,39.26100816416798],[-76.53901365784118,39.26100053438171],[-76.53900349929192,39.26099290190138],[-76.53899334539121,39.2609852676369],[-76.53898318684632,39.26097763515478],[-76.53897302014028,39.26097001074669],[-76.5389628347982,39.2609624015776],[-76.53895259239107,39.26095483722211],[-76.53894234065818,39.26094728183684],[-76.53893214018981,39.26093968341488],[-76.53892196650756,39.26093206437947],[-76.5389118079721,39.2609244327918],[-76.53890165759047,39.26091679492986],[-76.53889151303945,39.26090915168531],[-76.53888137896546,39.26090150127482],[-76.53887126003823,39.26089383831213],[-76.53886115975141,39.26088616010855],[-76.53885106528936,39.26087847742319],[-76.5388409813101,39.2608707866711],[-76.53883091248355,39.26086308246609],[-76.53882086926693,39.26085536034535],[-76.53881086449329,39.26084760684773],[-76.53880089698649,39.26083982467089],[-76.53879094229158,39.26083203263499],[-76.53878097363049,39.26082425045188],[-76.53877098866244,39.26081648171544],[-76.53876100020305,39.26080871566668],[-76.53875100941679,39.26080095140947],[-76.53874101979136,39.26079318715595],[-76.53873103133853,39.26078542110459],[-76.53872104754596,39.26077765146758],[-76.53871107074849,39.26076987555181],[-76.53870111024483,39.26076208888993],[-76.53869115790668,39.26075429415227],[-76.53868120672352,39.26074650031908],[-76.53867124506772,39.26073871365001],[-76.53866126362318,39.26073094131468],[-76.53865126470129,39.26072318422295],[-76.53864125530674,39.26071543429533],[-76.53863123776277,39.26070769064022],[-76.53862120857578,39.2606999559462],[-76.53861116890442,39.26069223021783],[-76.53860111874874,39.26068451345508],[-76.53859103715907,39.26067681998796],[-76.53858090082747,39.26066917044269],[-76.53857075634053,39.26066152807059],[-76.53856065029083,39.26065385522246],[-76.53855058152544,39.2606461509929],[-76.53854052557203,39.26063843690435],[-76.53853045679929,39.26063073447452],[-76.53852035075835,39.26062306162284],[-76.53851017949469,39.26061544075868],[-76.53849994300847,39.26060787188197],[-76.53848967739384,39.26060032811149],[-76.53847941645122,39.26059277895377],[-76.53846919511027,39.26058519842385],[-76.53845900871298,39.26057759010644],[-76.53844883746831,39.26056996833609],[-76.53843866971356,39.26056234477702],[-76.53842849031575,39.26055473017898],[-76.53841828529488,39.26054713619701],[-76.53840805115732,39.26053956551979],[-76.53839780420638,39.2605320056005],[-76.53838756424474,39.2605244403032],[-76.53837734642286,39.26051685617577],[-76.53836717285493,39.26050923799209],[-76.53835708548706,39.26050154988622],[-76.53834706916884,39.26049380531023],[-76.5383370551818,39.26048605894096],[-76.53832697597213,39.2604783645591],[-76.53831682455854,39.26047072664107],[-76.53830663935852,39.26046311741397],[-76.53829643902193,39.2604555198365],[-76.538286244516,39.26044791687641],[-76.53827607796653,39.26044029150603],[-76.53826594403174,39.26043264014064],[-76.53825581941523,39.2604249816048],[-76.53824567732724,39.26041733741171],[-76.53823549098388,39.2604097281738],[-76.53822526503725,39.26040215120699],[-76.53821502860632,39.26039458320572],[-76.53820481315064,39.26038699727063],[-76.53819464660693,39.26037937369458],[-76.5381845150186,39.26037172052962],[-76.53817440323517,39.26036405122781],[-76.53816429960557,39.2603563756517],[-76.53815418782651,39.26034870634813],[-76.53814406439851,39.2603410469063],[-76.5381339374792,39.26033339015212],[-76.53812380939758,39.26032573429326],[-76.53811368364715,39.26031807664115],[-76.53810356139245,39.26031041629957],[-76.53809344613293,39.26030274967918],[-76.53808333785688,39.26029507858151],[-76.53807323424694,39.26028740299748],[-76.53806313995531,39.26027972024301],[-76.53805305498788,39.26027202941742],[-76.53804298282066,39.26026433053428],[-76.53803291533133,39.26025662536333],[-76.5380228571544,39.26024891392269],[-76.53801281062492,39.26024119351926],[-76.53800277807183,39.26023346236069],[-76.53799276881131,39.26022571327751],[-76.53798279450031,39.2602179355062],[-76.5379728364948,39.2602101451874],[-76.53796287149257,39.26020236204638],[-76.53795287505642,39.26019460220083],[-76.53794282388411,39.26018688537607],[-76.53793271098272,39.26017921784995],[-76.53792255964854,39.26017158079794],[-76.53791239667135,39.26016395270689],[-76.53790224884091,39.26015631206378],[-76.53789212663212,39.26014865170357],[-76.53788200908944,39.26014098685704],[-76.5378718950367,39.26013332022174],[-76.53786178331512,39.2601256517932],[-76.53785166927261,39.26011798425545],[-76.53784155289731,39.26011031940988],[-76.5378314307075,39.26010265814361],[-76.5378213189947,39.26009498971152],[-76.53781121544743,39.26008731320375],[-76.53780109442283,39.26007965193939],[-76.53779093030148,39.26007202563458],[-76.53778069745799,39.2600644549062],[-76.53777039239304,39.26005694334348],[-76.53776004305506,39.26004946943799],[-76.53774967625729,39.26004200807367],[-76.53773932110691,39.26003453774649],[-76.53772898926086,39.26002704769319],[-76.53771864343689,39.26001956929389],[-76.53770829062205,39.2600120971716],[-76.53769794247926,39.26000461966211],[-76.53768761180648,39.25999712870888],[-76.5376773114192,39.25998961355311],[-76.53766705180408,39.25998206522847],[-76.53765685742181,39.25997446401417],[-76.53764678766885,39.25996676330405],[-76.5376367971289,39.25995899804942],[-76.53762682522925,39.25995121755414],[-76.53761681023289,39.25994347201846],[-76.53760673816548,39.25993577219644],[-76.53759664398025,39.25992808850035],[-76.53758655211452,39.2599204048125],[-76.53757648355311,39.25991270139855],[-76.53756644877086,39.25990497109362],[-76.53755643494624,39.2598972255572],[-76.53754643277489,39.2598894701573],[-76.53753643642828,39.2598817102756],[-76.53752643659035,39.25987395308162],[-76.53751641346418,39.25986621381045],[-76.53750638102404,39.2598584817079],[-76.53749636256622,39.25985073794952],[-76.53748638136344,39.25984296731379],[-76.53747645838889,39.259835151868],[-76.53746661926192,39.25982727189606],[-76.53745686629398,39.25981932830789],[-76.53744716340844,39.25981134528222],[-76.53743747681663,39.25980335151063],[-76.53742776695421,39.25979537295969],[-76.53741800119117,39.2597874383255],[-76.53740816673537,39.25977955476383],[-76.53739829851074,39.25977169719065],[-76.53738839304118,39.25976386559223],[-76.53737845029752,39.25975606447238],[-76.53736846563916,39.2597482947135],[-76.53735843089106,39.25974056619191],[-76.53734830413632,39.2597329102694],[-76.53733811915185,39.2597253000559],[-76.53732792368899,39.25971769790723],[-76.53731776317559,39.25971006707061],[-76.53730764808653,39.25970240038123],[-76.53729754929707,39.25969472204515],[-76.53728745634409,39.25968703742574],[-76.53727736455198,39.25967935281005],[-76.53726726576907,39.2596716744713],[-76.53725715185544,39.25966400688127],[-76.53724702046449,39.25965635453462],[-76.53723687627189,39.25964871114432],[-76.53722672159486,39.25964107671951],[-76.53721655876842,39.25963344856709],[-76.53720639244474,39.25962582400305],[-76.53719622262963,39.25961820212671],[-76.53718603651348,39.25961059279597],[-76.53717583875427,39.25960299242618],[-76.53716564215593,39.25959539206001],[-76.53715545721084,39.2595877818304],[-76.53714526760399,39.25958017608536],[-76.53713507451164,39.25957257212721],[-76.53712488840854,39.25956496279107],[-76.53711472094589,39.25955733821441],[-76.5371045825984,39.2595496912323],[-76.53709447687136,39.25954201735473],[-76.53708439210203,39.25953432824578],[-76.53707432364985,39.25952662478795],[-76.53706427034454,39.2595189087781],[-76.53705423100982,39.25951118291397],[-76.53704420216378,39.2595034480826],[-76.5370341837947,39.25949570608544],[-76.53702418290156,39.25948794974401],[-76.53701420296602,39.25948017817117],[-76.53700423353104,39.25947239582963],[-76.53699427106768,39.25946461081238],[-76.53698430511882,39.25945682758207],[-76.53697432869738,39.25944905151574],[-76.53696433596306,39.25944128979661],[-76.53695432111097,39.2594335442032],[-76.53694430159706,39.25942580309445],[-76.53693427743903,39.259418063768],[-76.53692424511978,39.25941033251546],[-76.5369141988344,39.25940261111542],[-76.53690413390711,39.25939490585491],[-76.53689404453294,39.2593872185125],[-76.5368839272008,39.25937955447898],[-76.53687377492342,39.25937191913145],[-76.53686358071964,39.25936431694625],[-76.53685335389974,39.2593567416546],[-76.53684310496207,39.25934918248866],[-76.53683284669864,39.25934163229278],[-76.53682258844326,39.25933408119522],[-76.53681234183526,39.25932652113499],[-76.53680211736122,39.25931894314568],[-76.53679192433722,39.25931134005793],[-76.5367817452956,39.25930372531439],[-76.53677157208462,39.25929610518832],[-76.53676140819783,39.25928847699114],[-76.53675125828161,39.25928083893974],[-76.53674112351811,39.2592731874356],[-76.53673100854768,39.25926552159633],[-76.53672091571126,39.25925783782803],[-76.53671084965512,39.25925013434755],[-76.5367008418565,39.25924238155355],[-76.53669094237218,39.25923454361278],[-76.53668118143264,39.25922660443051],[-76.53667160441302,39.25921853536127],[-76.53666226137577,39.25921029967092],[-76.5366530242885,39.25920198603077],[-76.53664376157224,39.25919369390717],[-76.53663447558534,39.25918541700414],[-76.53662524313323,39.25917710428076],[-76.53661613169923,39.25916871276625],[-76.53660717154325,39.25916022186234],[-76.53659833588122,39.25915165218107],[-76.53658959561783,39.25914302342471],[-76.53658099727502,39.25913430875367],[-76.53657266525646,39.2591254429026],[-76.53656463676775,39.25911640620143],[-76.53655658735507,39.25910738022633],[-76.53654840770645,39.25909842579843],[-76.53654026991796,39.25908944901582],[-76.53653230072794,39.25908038192014],[-76.53652440015253,39.25907127636149],[-76.53651659142318,39.25906212342391],[-76.53650891986202,39.25905290256859],[-76.53650144591231,39.25904358430856],[-76.53649416142815,39.25903417401647],[-76.53648700130238,39.25902470566456],[-76.53648000152916,39.259015167685],[-76.53647313307785,39.25900556987159],[-76.53646623092203,39.25899598813864],[-76.53645278479706,39.25897768812406],[-76.53644443444016,39.25896595863731],[-76.53643020361079,39.25894628544816],[-76.53641032006519,39.25891395751601],[-76.53638928115001,39.25887616183717],[-76.53636894725254,39.2588333192107],[-76.53635633191108,39.25880686597489],[-76.53633897597808,39.25876559433676],[-76.53633386981751,39.25875192928175],[-76.53632137339903,39.25871596796293],[-76.53631433945999,39.2586925147131],[-76.53629719906947,39.25863599565132],[-76.53628626332197,39.25859366302517],[-76.53627901222731,39.25855220068211],[-76.53627175699887,39.25849878237553],[-76.53626815033095,39.25846381457675],[-76.53626857331578,39.2584398647205],[-76.53626919883872,39.25840442361506],[-76.53627141816361,39.25832863061501],[-76.53627166399706,39.25830909474182],[-76.53627220407368,39.25826616067594],[-76.53628752934642,39.25820306807117],[-76.53632873348431,39.25803705275166],[-76.53635594343289,39.25792688227035],[-76.53636533290816,39.25788807264676],[-76.53638499748691,39.25780311199689],[-76.53640475320627,39.25771873630276],[-76.53642231874061,39.25763884140516],[-76.53643671001383,39.2575760828727],[-76.53644568717434,39.25753705722755],[-76.53645238749365,39.25750673936563],[-76.5364590465406,39.2574836266171],[-76.536492161795,39.25736190357636],[-76.53651341042513,39.25727881914935],[-76.53653197106671,39.25720813945137],[-76.53655304521851,39.25712621001607],[-76.53658542111263,39.25699452327915],[-76.53659748615301,39.25694764696138],[-76.53660953547465,39.25689802952946],[-76.53663204238413,39.25680975528236],[-76.536646560907,39.25674413365731],[-76.53665704623809,39.25670850174393],[-76.53666099908123,39.25669205752778],[-76.53669665196101,39.25663213110116],[-76.53674534490661,39.25654987101471],[-76.53679120796954,39.25647211171217],[-76.53681842503168,39.25642544826925],[-76.53687957460883,39.25632019640061],[-76.53693476704072,39.25622674094158],[-76.53699718557203,39.25612299379773],[-76.53707398156584,39.25599556524326],[-76.5371447320376,39.25588228736167],[-76.53721279241979,39.25576983114595],[-76.53728630799907,39.25564394334621],[-76.53734295907422,39.25554713264655],[-76.53741858828002,39.25542041266502],[-76.5374632351419,39.25534468763859],[-76.53752400476371,39.2552442917797],[-76.53759699037322,39.25512222276134],[-76.53766061051191,39.25501673337307],[-76.53773965823429,39.25488493636335],[-76.53780855167089,39.25477058332725],[-76.53788254982844,39.25464677240652],[-76.53794115038767,39.25454853413828],[-76.53799630206093,39.25445610756663],[-76.53803157589422,39.25439710971196],[-76.5380843212566,39.25430801729752],[-76.53815747813894,39.2541863944619],[-76.53817816573353,39.25415151593236],[-76.53817965449414,39.25414902664678],[-76.53818114210196,39.25414653645593],[-76.53818262970969,39.25414404626501],[-76.53818411731139,39.25414155697479],[-76.53818560491891,39.25413906678389],[-76.53818709252631,39.2541365765929],[-76.53818858013362,39.2541340864019],[-76.53819006774077,39.25413159621088],[-76.53819155534786,39.25412910601989],[-76.538193042949,39.25412661672956],[-76.53819453055588,39.25412412653851],[-76.53819601816262,39.25412163634742],[-76.53819750461075,39.25411914615173],[-76.53819899221733,39.25411665596059],[-76.53820047982374,39.25411416576948],[-76.53820196743011,39.25411167557827],[-76.53820345387778,39.25410918538253],[-76.53820494148393,39.25410669519128],[-76.53820642909,39.25410420500008],[-76.53820791669594,39.25410171480882],[-76.53820940430172,39.25409922461752],[-76.53821089074306,39.25409673532244],[-76.5382123783487,39.25409424513111],[-76.53821386595418,39.25409175493976],[-76.53821535355961,39.25408926474837],[-76.53821684116494,39.25408677455703],[-76.53821832877016,39.25408428436561],[-76.53821981636935,39.25408179507497],[-76.53822130397435,39.25407930488352],[-76.5382227927378,39.2540768146966],[-76.5382242803426,39.2540743245051],[-76.53822576794144,39.25407183521436],[-76.53822725670457,39.25406934502739],[-76.53822874430314,39.25406685573661],[-76.53823023306606,39.25406436554958],[-76.53823172182302,39.25406187626331],[-76.53823321058579,39.25405938607625],[-76.53823469934252,39.25405689678991],[-76.53823618810505,39.25405440660285],[-76.53823767686158,39.25405191731646],[-76.53823916561802,39.25404942803009],[-76.53824065553289,39.25404693874823],[-76.5382421442891,39.2540444494618],[-76.53824363420378,39.25404196017989],[-76.53824512411839,39.25403947089799],[-76.53824661403284,39.2540369816161],[-76.53824810394718,39.25403449233411],[-76.53824959386148,39.25403200305215],[-76.53825108492829,39.25402951467548],[-76.53825257484237,39.25402702539343],[-76.53825406590899,39.2540245370167],[-76.53825555813994,39.25402204774379],[-76.53825704920639,39.25401955936697],[-76.53825854143128,39.25401707099474],[-76.53826003365604,39.25401458262251],[-76.53826152588073,39.25401209425024],[-76.5382630181053,39.25400960587793],[-76.53826451148831,39.25400711751017],[-76.53826600370681,39.25400463003857],[-76.53826749708961,39.25400214167078],[-76.53826898931376,39.25399965329842],[-76.53827048269049,39.25399716583131],[-76.53827197607302,39.25399467746344],[-76.53827346944954,39.25399218999631],[-76.53827496283181,39.25398970162841],[-76.53827645736671,39.25398721416577],[-76.53827795074876,39.25398472579784],[-76.53827944412487,39.2539822383306],[-76.53828093750671,39.25397974996263],[-76.5382824320412,39.25397726249989],[-76.53828392541699,39.25397477503261],[-76.53828541879852,39.25397228666458],[-76.53828691217414,39.25396979919723],[-76.53828840555548,39.25396731082915],[-76.53828989893086,39.25396482336178],[-76.53829139231196,39.25396233499364],[-76.53829288568717,39.25395984752623],[-76.53829437906809,39.25395735915805],[-76.53829587244888,39.25395487078988],[-76.53829736582374,39.25395238332239],[-76.53829885804579,39.2539498949496],[-76.53830035026775,39.25394740657679],[-76.53830184364814,39.2539449182085],[-76.53830333586988,39.25394242983563],[-76.53830482693299,39.25393994145821],[-76.53830631915453,39.25393745308529],[-76.53830781137594,39.25393496471239],[-76.53830930243873,39.2539324763349],[-76.53831079350724,39.25392998705662],[-76.53831228456983,39.25392749867907],[-76.53831377447956,39.25392500939623],[-76.53831526438925,39.25392252011333],[-76.53831675429879,39.25392003083043],[-76.53831824420823,39.25391754154747],[-76.53831973295901,39.25391505226],[-76.53832122171556,39.25391256207173],[-76.53832270930761,39.25391007277962],[-76.53832419690541,39.25390758258676],[-76.53832568450309,39.25390509239384],[-76.5383271709421,39.25390260219642],[-76.53832865738099,39.25390011199892],[-76.5383301438257,39.25389762090065],[-76.53833162911171,39.25389512979785],[-76.53833311439176,39.2538926395957],[-76.53833459967755,39.25389014849284],[-76.53833608496326,39.25388765738993],[-76.53833756909032,39.25388516628249],[-76.53833905321727,39.25388267517499],[-76.53834053850265,39.25388018407204],[-76.53834202262941,39.25387769296449],[-76.53834350675605,39.25387520185694],[-76.53834499088845,39.25387270984864],[-76.53834647385629,39.25387021873644],[-76.53834795798262,39.25386772762884],[-76.53834944210884,39.25386523652119],[-76.53835092624082,39.25386274451279],[-76.53835241036683,39.25386025340514],[-76.53835389449274,39.25385776229744],[-76.53835537977709,39.25385527119428],[-76.53835686390279,39.25385278008653],[-76.53835834918692,39.25385028898334],[-76.53835983331241,39.25384779787556],[-76.53836131859636,39.25384530677232],[-76.53836280503285,39.25384281657434],[-76.53836429031657,39.25384032547106],[-76.5383657767529,39.25383783527305],[-76.53836726318909,39.25383534507506],[-76.53836874962522,39.25383285487702],[-76.53837023721975,39.25383036468348],[-76.53837172597274,39.25382787449449],[-76.53837321356124,39.25382538520171],[-76.53837470231403,39.2538228950127],[-76.53837619221939,39.25382040572897],[-76.53837768212469,39.2538179164452],[-76.53837917202398,39.25381542806218],[-76.53838066308762,39.25381293878297],[-76.53838215530384,39.25381045040901],[-76.53838364636135,39.25380796203046],[-76.53838513857734,39.25380547365646],[-76.53838663079324,39.25380298528246],[-76.53838812416761,39.25380049691297],[-76.53838961638324,39.25379800853892],[-76.53839110975156,39.25379552107015],[-76.53839260312556,39.2537930327006],[-76.53839409765214,39.25379054523634],[-76.53839559102015,39.25378805776749],[-76.53839708555236,39.25378556940245],[-76.53839858007869,39.25378308193811],[-76.53840007460485,39.25378059447376],[-76.53840156913097,39.25377810700943],[-76.53840306249838,39.25377561954048],[-76.53840455702428,39.25377313207609],[-76.53840605155003,39.25377064461163],[-76.53840754607572,39.25376815714718],[-76.53840904060125,39.25376566968271],[-76.53841053513258,39.2537631813175],[-76.53841202965792,39.25376069385297],[-76.53841352302464,39.25375820638391],[-76.53841501754977,39.25375571891936],[-76.5384165109221,39.25375323054948],[-76.53841800428853,39.25375074308033],[-76.53841949766066,39.25374825471042],[-76.53842099102681,39.25374576724123],[-76.5384224832402,39.2537432788667],[-76.53842397545347,39.25374079049214],[-76.53842546882518,39.25373830212214],[-76.53842696103825,39.25373581374757],[-76.5384284532512,39.25373332537298],[-76.53842994546406,39.25373083699837],[-76.53843143767681,39.25372834862373],[-76.53843292988945,39.25372586024907],[-76.53843442326054,39.25372337187893],[-76.53843591546712,39.25372088440501],[-76.53843740767945,39.25371839603028],[-76.53843889989169,39.2537159076555],[-76.53844039210381,39.25371341928074],[-76.53844188431583,39.25371093090597],[-76.53844337652775,39.25370844253117],[-76.53844486873956,39.25370595415635],[-76.53844636095127,39.25370346578151],[-76.53844785316288,39.25370097740665],[-76.53844934537437,39.25369848903173],[-76.53845083642717,39.25369600065228],[-76.53845232864433,39.2536935113766],[-76.53845382085551,39.25369102300166],[-76.53845531190805,39.25368853462214],[-76.53845680296044,39.25368604624257],[-76.53845829517716,39.25368355696683],[-76.5384597862294,39.25368106858722],[-76.53846127728738,39.25367857930686],[-76.53846276718082,39.25367609092267],[-76.53846425823859,39.2536736016423],[-76.53846574929035,39.25367111326263],[-76.53846723918939,39.2536686239776],[-76.53846873024681,39.25366613469718],[-76.53847022014563,39.25366364541213],[-76.53847171003844,39.25366115702781],[-76.53847319877846,39.25365866773819],[-76.53847468868278,39.25365617755235],[-76.53847617742261,39.25365368826268],[-76.53847766616232,39.25365119897297],[-76.53847915374925,39.25364870877794],[-76.53848064133609,39.25364621858293],[-76.53848212776424,39.25364372838331],[-76.53848361419233,39.25364123818367],[-76.53848510062612,39.25363874708327],[-76.53848658589541,39.25363625687902],[-76.53848807117052,39.25363376577403],[-76.53848955644547,39.25363127466899],[-76.53849104172031,39.25362878356397],[-76.53849252699504,39.2536262924589],[-76.53849401110529,39.25362380225005],[-76.53849549637982,39.25362131114491],[-76.53849698165425,39.25361882003978],[-76.53849846577003,39.25361632893008],[-76.53849995104426,39.25361383782492],[-76.53850143747694,39.2536113467243],[-76.5385029227451,39.25360885651988],[-76.53850440801899,39.25360636541465],[-76.53850589444548,39.25360387521469],[-76.53850738203043,39.25360138501929],[-76.5385088684567,39.25359889481928],[-76.53851035604144,39.25359640462386],[-76.53851184477877,39.25359391533366],[-76.53851333352183,39.25359142514272],[-76.53851482341751,39.25358893585708],[-76.53851631330721,39.25358644747214],[-76.53851780551975,39.25358395819555],[-76.53851929772048,39.25358147072048],[-76.53852079339674,39.253578983259],[-76.53852228907292,39.2535764957975],[-76.53852378705433,39.25357401014659],[-76.53852528504149,39.25357152359492],[-76.53852678418127,39.25356903794853],[-76.53852828447948,39.25356655230666],[-76.53852978477758,39.25356406666476],[-76.53853128622832,39.25356158192816],[-76.53853278652622,39.25355909628625],[-76.53853428797667,39.25355661154961],[-76.53853578827436,39.25355412590764],[-76.5385372874134,39.25355164026111],[-76.53853878655231,39.25354915461455],[-76.53854028453846,39.25354666806265],[-76.53854178136594,39.25354418150617],[-76.53854327704063,39.25354169404443],[-76.53854477039812,39.25353920657351],[-76.53854626376135,39.25353671820184],[-76.5385477548074,39.25353422982104],[-76.53854924470063,39.25353174053486],[-76.53855073459381,39.25352925124874],[-76.53855222332831,39.253526761958],[-76.53855371206856,39.25352427176647],[-76.53855519964431,39.25352178247117],[-76.53855668722576,39.25351929227507],[-76.53855817480715,39.25351680207898],[-76.53855966122987,39.25351431187829],[-76.53856114881106,39.25351182168213],[-76.53856263523947,39.25350933058065],[-76.53856412166188,39.25350684037989],[-76.53856560808423,39.25350435017915],[-76.53856709566494,39.25350185998288],[-76.53856858208708,39.25349936978208],[-76.5385700696676,39.25349687958578],[-76.53857155840072,39.25349439029481],[-76.53857304713968,39.25349190010304],[-76.53857453587258,39.253489410812],[-76.53857602576394,39.25348692152549],[-76.53857751680792,39.25348443314427],[-76.53857900901617,39.25348194386683],[-76.53858050121255,39.25347945639088],[-76.53858199573186,39.25347696802325],[-76.53858349139787,39.25347448146163],[-76.53858498938085,39.25347199490916],[-76.53858648851644,39.2534695092619],[-76.53858798996313,39.2534670245245],[-76.53858949256829,39.25346453979168],[-76.53859099633188,39.25346205506335],[-76.53859250008951,39.25345957123573],[-76.53859400500558,39.25345708741265],[-76.53859550992152,39.25345460358959],[-76.53859701483157,39.25345212066721],[-76.5385985197473,39.2534496368441],[-76.5386000246688,39.2534471521202],[-76.53860152842579,39.25344466829244],[-76.53860303103001,39.25344218355939],[-76.53860453247553,39.25343969882178],[-76.53860603160976,39.25343721317428],[-76.53860753074969,39.253434726626],[-76.53860902641392,39.25343224006407],[-76.53861052092537,39.25342975259678],[-76.53861201196688,39.25342726421508],[-76.53861350070298,39.25342477402277],[-76.53861498712183,39.25342228382129],[-76.53861647007085,39.25341979270541],[-76.5386179507143,39.25341729977893],[-76.53861942904064,39.25341480684327],[-76.53862090622,39.25341231210159],[-76.53862237992362,39.25340981734621],[-76.53862385362716,39.25340732259077],[-76.53862532502524,39.25340482602478],[-76.53862679525876,39.25340233035492],[-76.53862826433952,39.25339983377973],[-76.53862973342602,39.25339733630378],[-76.53863120134798,39.253394839724],[-76.53863266927577,39.25339234224347],[-76.53863413720345,39.25338984476293],[-76.53863560512509,39.25338734818309],[-76.53863707305256,39.2533848507025],[-76.53863854213259,39.25338235412717],[-76.53864001236519,39.25337985845714],[-76.53864148376212,39.25337736189091],[-76.53864295515305,39.25337486622535],[-76.5386444300137,39.25337237147424],[-76.53864590486835,39.25336987762382],[-76.53864738319858,39.25336738378706],[-76.53864886268133,39.25336489085559],[-76.53865034447523,39.25336239883391],[-76.53865182973884,39.25335990772665],[-76.53865331730765,39.25335741842999],[-76.53865480835205,39.25335492914691],[-76.53865630286028,39.25335244167898],[-76.53865780430205,39.25334995694062],[-76.53865931268328,39.25334747403106],[-76.53866082683957,39.2533449938465],[-76.53866234793527,39.25334251549067],[-76.53866387481189,39.25334003895914],[-76.53866540631088,39.25333756424726],[-76.5386669424322,39.25333509135506],[-76.53866848317591,39.25333262028261],[-76.53867002853613,39.25333015193053],[-76.53867157621329,39.25332768358754],[-76.5386731273484,39.25332521796047],[-76.53867468080053,39.25332275234245],[-76.5386762353935,39.2533202894312],[-76.53867789984307,39.25331785847865],[-76.53868045986758,39.25331596250097],[-76.53868333196608,39.25331435869906],[-76.53868671748879,39.25331361895429],[-76.53869024375979,39.25331368415282],[-76.53869375092555,39.25331401500426],[-76.53869717368039,39.25331467700851],[-76.53870060342751,39.25331533273472],[-76.53870404384161,39.253315951571],[-76.53870749374074,39.25331653711591],[-76.53871094482771,39.25331711816148],[-76.53871439827279,39.25331769291078],[-76.53871785409358,39.2533182586616],[-76.53872131229592,39.2533188145132],[-76.5387247740676,39.25331935596627],[-76.53872824179594,39.25331987222108],[-76.53873171426973,39.25332037137967],[-76.53873518793728,39.25332086513824],[-76.53873865921165,39.25332137059737],[-76.53874212454704,39.25332189855236],[-76.53874558393169,39.25332245080475],[-76.53874903977051,39.25332301385241],[-76.53875249440402,39.2533235841014],[-76.53875594668536,39.25332415974567],[-76.53875939894925,39.25332473809211],[-76.5387628512073,39.25332531733924],[-76.53876630347712,39.25332589478469],[-76.53876975694068,39.25332646683015],[-76.53877321158038,39.25332703617779],[-76.53877666622598,39.25332760462457],[-76.53878012203604,39.25332817217505],[-76.53878357668763,39.25332873972086],[-76.53878703133921,39.25332930726662],[-76.53879048715534,39.25332987391604],[-76.53879394180707,39.25333044146156],[-76.53879739762326,39.25333100811077],[-76.53880085227512,39.25333157565613],[-76.53880430692702,39.25333214320134],[-76.53880776157308,39.25333271164721],[-76.53881121737783,39.25333328009751],[-76.5388146720182,39.25333384944393],[-76.53881812550004,39.25333441878567],[-76.53882158013467,39.25333498903268],[-76.53882503359912,39.2533355610765],[-76.53882848822217,39.25333613312471],[-76.53883194051645,39.25333670696529],[-76.53883539396344,39.25333728171106],[-76.53883884741056,39.25333785645667],[-76.5388422996933,39.25333843209848],[-76.53884575312883,39.2533390086454],[-76.53884920541168,39.25333958428695],[-76.53885265768872,39.25334016082915],[-76.53885610996589,39.25334073737126],[-76.53885956340743,39.25334131301705],[-76.53886499470462,39.25334221890741],[-76.53887466342705,39.25331058929868],[-76.53887272457072,39.25331031955908],[-76.53887079168264,39.25331002281974],[-76.53886886475118,39.25330970088209],[-76.53886694609926,39.25330935285452],[-76.53886503573271,39.25330897783628],[-76.538863133634,39.25330857852956],[-76.53886124097924,39.25330815223674],[-76.53885935775669,39.25330770075927],[-76.53885748628349,39.25330722410627],[-76.53885562424249,39.25330672226862],[-76.53885377395081,39.25330619525545],[-76.53885193656704,39.25330564307132],[-76.53885011092667,39.25330506661243],[-76.53884829935282,39.25330446498705],[-76.5388465006809,39.25330383909144],[-76.53884471722814,39.25330318893474],[-76.53884294783593,39.25330251451233],[-76.53884119365699,39.25330181672955],[-76.53883945585568,39.25330109469021],[-76.53883773442617,39.25330034929501],[-76.5388360293626,39.25329958144474],[-76.53883434299382,39.25329878934702],[-76.53883267414368,39.2532979756995],[-76.538831022818,39.25329713960151],[-76.53882939133975,39.25329628016129],[-76.53882777969143,39.25329540008122],[-76.53882618672611,39.25329449755509],[-76.53882461591363,39.25329357349748],[-76.53882306493101,39.25329262879988],[-76.53882153494266,39.25329166256622],[-76.53882002825401,39.25329067660704],[-76.53881854255376,39.25328967001246],[-76.53881708015318,39.25328864369238],[-76.53881564105225,39.25328759764681],[-76.53881422525092,39.25328653187571],[-76.53881283390204,39.25328544728441],[-76.53881146700543,39.25328434387288],[-76.53881012455535,39.25328322254192],[-76.53880880771028,39.25328208329604],[-76.53880751647027,39.25328092613525],[-76.53880625199385,39.25327975106411],[-76.53880501311072,39.25327855987957],[-76.5388038021439,39.25327735169002],[-76.53880261792889,39.25327612739158],[-76.53880146045996,39.25327488788505],[-76.53880033205998,39.25327363227878],[-76.53879923156452,39.25327236146894],[-76.53879816012629,39.25327107636087],[-76.53879711659266,39.25326977604922],[-76.53879610326898,39.25326846234466],[-76.53879511899666,39.25326713524262],[-76.53879416492842,39.25326579564835],[-76.53879324107008,39.25326444266118],[-76.53879234741588,39.25326307718183],[-76.53879148395984,39.25326170011102],[-76.53879065186058,39.25326031145333],[-76.53878985111811,39.25325891120873],[-76.53878908287922,39.25325750118332],[-76.53878834483265,39.25325608046721],[-76.53878763928387,39.25325465087103],[-76.53878696624453,39.25325321059322],[-76.53878632453849,39.25325176233156],[-76.53878571648873,39.2532503051944],[-76.53878513977237,39.2532488400733],[-76.53878459670054,39.25324736787822],[-76.53878408727323,39.25324588860908],[-76.5387836103378,39.25324440136065],[-76.53878316703528,39.25324290883967],[-76.5387827573656,39.25324141104615],[-76.53878238133458,39.25323990707935],[-76.53878203893058,39.25323839874076],[-76.53878173015353,39.25323688603043],[-76.53878145500354,39.25323536894829],[-76.53878121463318,39.25323384839974],[-76.53878100787809,39.25323232528086],[-76.53878083590268,39.25323079869552],[-76.53878069753667,39.25322927044066],[-76.5387805939328,39.25322774142155],[-76.53878052394415,39.25322620983217],[-76.53878048871184,39.25322467837936],[-76.53878048708302,39.25322314615775],[-76.5387805202046,39.25322161497341],[-76.53878058808242,39.25322008392558],[-76.53878068955204,39.25321855391053],[-76.53878082576625,39.25321702583346],[-76.53878099556641,39.25321549968989],[-76.53878120010529,39.25321397638508],[-76.53878143822428,39.2532124559145],[-76.53878171108192,39.25321093828271],[-76.53878201750794,39.25320942528664],[-76.5387823575083,39.25320791602553],[-76.53878273222971,39.25320641230547],[-76.53878313936103,39.25320491321659],[-76.53878358004906,39.25320342056489],[-76.53878405545812,39.25320193345427],[-76.53878456325954,39.25320045367705],[-76.53878510345909,39.25319898033251],[-76.53878567720363,39.25319751522667],[-76.53878628334051,39.25319605745428],[-76.5387869230165,39.25319460882133],[-76.53878759392036,39.25319316841804],[-76.53878829720486,39.25319173714968],[-76.53878903286405,39.25319031591695],[-76.53878979973943,39.25318890471537],[-76.53879059898368,39.2531875044502],[-76.53879142827971,39.25318611511236],[-76.5387922899388,39.25318473761166],[-76.53879318049111,39.25318337103373],[-76.53879410340063,39.25318201719372],[-76.53879505518579,39.25318067697874],[-76.53879603701689,39.25317934859184],[-76.53879704888219,39.25317803383448],[-76.53879808961736,39.25317673360285],[-76.53879916038673,39.25317544700083],[-76.53880025886153,39.25317417582076],[-76.5388013862062,39.25317291916646],[-76.53880254009776,39.25317167792956],[-76.53880372285326,39.25317045211918],[-76.53880493330249,39.25316924353225],[-76.53880616913422,39.25316805125888],[-76.53880743266552,39.25316687530827],[-76.53880872273197,39.25316571657656],[-76.53881003701073,39.25316457595541],[-76.5388113778188,39.25316345345387],[-76.5388127428391,39.25316234906294],[-76.53881413322434,39.25316126368783],[-76.53881554666329,39.25316019641872],[-76.53881698430278,39.25315914906164],[-76.53881844614284,39.25315812161662],[-76.53881992987219,39.25315711317385],[-76.53882143547915,39.25315612553472],[-76.53882296296369,39.25315515869928],[-76.53882451233176,39.25315421176681],[-76.53882608357155,39.25315328653877],[-76.53882767436602,39.25315238300607],[-76.53882928471515,39.25315150116875],[-76.53883091577754,39.25315064103127],[-76.53883256407751,39.25314980258006],[-76.53883423192043,39.25314898762571],[-76.53883591815952,39.25314819436212],[-76.53883762162452,39.25314742458623],[-76.53883934231541,39.25314667829809],[-76.53884107907949,39.25314595459241],[-76.53884283190507,39.25314525527068],[-76.53884459963953,39.25314457942756],[-76.53884638344128,39.25314392706765],[-76.53884817982312,39.25314329997875],[-76.53884999111372,39.25314269636844],[-76.53885181614299,39.25314211803376],[-76.53885365259372,39.25314156496557],[-76.53885550163621,39.25314103536687],[-76.53885736325284,39.25314053193998],[-76.53885923513251,39.25314005377502],[-76.5388611172751,39.25313960087199],[-76.53886300852217,39.25313917322631],[-76.53886491002632,39.25313877174332],[-76.53886682063492,39.25313839551769],[-76.53886873802506,39.25313804544111],[-76.53887066451375,39.25313772152266],[-76.5388725966254,39.25313742374865],[-76.53887453551854,39.2531371521237],[-76.53887431239004,39.25313565236075],[-76.53887327171172,39.25313498260224],[-76.53887226250122,39.25313428414251],[-76.53887128358255,39.2531335596794],[-76.53887033843124,39.25313280922641],[-76.53886942704149,39.25313203368436],[-76.53886855173033,39.25313123306237],[-76.53886771132171,39.25313041005812],[-76.53886690929124,39.25312956468527],[-76.5388661444687,39.2531286987407],[-76.5388654191711,39.25312781223362],[-76.53886473454531,39.25312690697005],[-76.53886409059136,39.25312598294993],[-76.53886348729162,39.2531250428756],[-76.53886292696328,39.2531240867561],[-76.5388624095945,39.25312311639292],[-76.53886193634392,39.25312213179065],[-76.53886150719393,39.25312113565155],[-76.53886112213871,39.25312012887637],[-76.53886078348947,39.25311911237491],[-76.53886048892912,39.25311808613811],[-76.53886024190984,39.25311705378257],[-76.5388600401146,39.25311601529928],[-76.53885988469609,39.2531149715935],[-76.53885977680694,39.25311392357048],[-76.53885971526529,39.25311287482875],[-76.53885970008274,39.25311182356677],[-76.53885973239449,39.2531107733921],[-76.53885981219459,39.25310972520548],[-76.53885993832463,39.25310867900239],[-76.53886011077284,39.25310763658425],[-76.53886032952749,39.25310659975266],[-76.53886059573544,39.25310557031361],[-76.53886090592697,39.25310454735271],[-76.53886126239561,39.25310353448209],[-76.5388616639888,39.25310253079641],[-76.53886211068308,39.2531015398987],[-76.53886260133166,39.25310055998287],[-76.53886313474663,39.25309959554814],[-76.53886371093984,39.25309864479305],[-76.5388643298877,39.25309771132058],[-76.53886498927913,39.25309679422079],[-76.53886569026093,39.25309589529986],[-76.53886642934576,39.25309501634558],[-76.53886720884482,39.25309415826777],[-76.53886802528254,39.25309332105288],[-76.53886887980573,39.25309250650682],[-76.53886976893293,39.25309171551681],[-76.53887069265238,39.25309094988427],[-76.53887165097004,39.25309020870849],[-76.53887264155702,39.25308949378187],[-76.53887366324312,39.25308880690135],[-76.5388747148757,39.2530881471616],[-76.53887579644299,39.25308751636415],[-76.53887690446356,39.25308691539612],[-76.5388780389374,39.25308634425747],[-76.53887919753565,39.25308580474063],[-76.53888038026432,39.25308529594484],[-76.53888158478865,39.25308482056327],[-76.53888280996185,39.25308437678977],[-76.53888405460781,39.25308396732215],[-76.53888531641533,39.25308359125059],[-76.53888659422,39.25308324947112],[-76.53888788570478,39.2530829419748],[-76.53888919085792,39.25308267056307],[-76.53889050853262,39.25308243342987],[-76.53889183407711,39.25308223325928],[-76.5388931686617,39.25308206825432],[-76.53889450996347,39.25308193930667],[-76.53889585566529,39.25308184640718],[-76.53889720576139,39.25308179045669],[-76.53889855678187,39.25308177054069],[-76.53889990756248,39.25308178755546],[-76.53890125695044,39.25308184059567],[-76.53890260378144,39.25308193055752],[-76.53890394458564,39.25308205652662],[-76.53890528052163,39.25308221850754],[-76.53890660695521,39.25308241648202],[-76.53890857879453,39.25308278003101],[-76.53890748574862,39.25308161103877],[-76.5389064194428,39.25308042773911],[-76.53890537871851,39.25307923012759],[-76.5389043658928,39.2530780182132],[-76.53890337980133,39.2530767928922],[-76.53890242043815,39.25307555506538],[-76.53890149012635,39.25307430384095],[-76.53890058770138,39.25307304011529],[-76.53889971316333,39.25307176388826],[-76.53889886881751,39.25307047697053],[-76.53889805235274,39.25306917845224],[-76.53889726492176,39.25306786923868],[-76.53889650652442,39.25306654932986],[-76.53889577831352,39.25306521963108],[-76.53889508028902,39.25306388014236],[-76.53889441128659,39.25306253175984],[-76.53889377362323,39.25306117449266],[-76.53889316614038,39.25305980833626],[-76.53889258999082,39.25305843419594],[-76.53889204285153,39.25305705296339],[-76.53889152820406,39.25305566375151],[-76.53889104487807,39.2530542683572],[-76.53889059171506,39.25305286677587],[-76.53889017103214,39.25305145901675],[-76.53888978050639,39.25305004597138],[-76.53888942361333,39.2530486276535],[-76.53888909687741,39.25304720404937],[-76.53888880260403,39.25304577696968],[-76.5388885407931,39.25304434641432],[-76.53888831028614,39.25304291237885],[-76.53888811224172,39.25304147486776],[-76.53888794664802,39.25304003568256],[-76.53888781235246,39.25303859391794],[-76.53888771166625,39.2530371504838],[-76.53888764226637,39.25303570627174],[-76.53888760531146,39.25303426128634],[-76.53888760079563,39.25303281642832],[-76.53888762872474,39.25303137079692],[-76.53888768908703,39.25302992619371],[-76.53888778188252,39.25302848261863],[-76.5388879071054,39.25302704097243],[-76.53888806360297,39.25302560034982],[-76.5388882536806,39.25302416256149],[-76.53888847502117,39.25302272759817],[-76.53888872761887,39.25302129636071],[-76.53888901379661,39.25301986795743],[-76.53888933122556,39.2530184441808],[-76.53888967991165,39.25301702412998],[-76.53889006100174,39.25301560961108],[-76.53889047333715,39.25301420061949],[-76.53889091807653,39.2530127971598],[-76.53889139290274,39.25301139922296],[-76.5388919001212,39.25301000861943],[-76.53889243741484,39.25300862534025],[-76.53889300594216,39.25300724938989],[-76.53889360454457,39.25300588076385],[-76.53889423436901,39.25300452126815],[-76.53889489426271,39.25300316999746],[-76.53889558537844,39.25300182785715],[-76.53889630539318,39.2530004957388],[-76.53889705547138,39.25299917274626],[-76.53889783444275,39.25299786067644],[-76.53889864230733,39.25299655952941],[-76.53889948022366,39.25299526930967],[-76.53890034703315,39.25299399001263],[-76.53890124156557,39.25299272343528],[-76.53890216382683,39.25299146867689],[-76.53890311496956,39.25299022664276],[-76.53890409382937,39.25298899822899],[-76.5389050992536,39.25298778253045],[-76.53890613238906,39.25298658135303],[-76.5389071920831,39.25298539379154],[-76.53890827832983,39.25298422074668],[-76.53890938997067,39.2529830622139],[-76.53891052815842,39.2529819190985],[-76.5389116917286,39.25298079229666],[-76.5389128795286,39.25297968090316],[-76.538914092711,39.25297858582321],[-76.53891533011733,39.2529775070523],[-76.53891659174174,39.25297644549118],[-76.53891787643155,39.25297540023456],[-76.53891918416913,39.25297437398463],[-76.53892051496631,39.25297336493997],[-76.53892186881714,39.25297237400125],[-76.53892324340457,39.25297140115946],[-76.53892464103981,39.25297044732433],[-76.53892605824727,39.25296951248232],[-76.53892749733819,39.25296859754326],[-76.53892895600131,39.25296770159727],[-76.53893043423081,39.25296682554509],[-76.53893193202666,39.25296596938677],[-76.53893344938301,39.252965134023],[-76.53893498514135,39.25296431944923],[-76.53893653814316,39.25296352566097],[-76.53893810954692,39.25296275266275],[-76.53893969702972,39.25296200134621],[-76.53894130175019,39.25296127171588],[-76.53894292254965,39.2529605637672],[-76.53894455826963,39.25295987749568],[-76.53894621006282,39.25295921380653],[-76.53894787561217,39.25295857269078],[-76.53894955607618,39.25295795415288],[-76.53895124913778,39.25295735818371],[-76.53895295594968,39.2529567856887],[-76.53895467535918,39.25295623576235],[-76.5389564073604,39.25295570930562],[-76.53895814963634,39.25295520630927],[-76.53895990333962,39.25295472767863],[-76.53896166732346,39.25295427160769],[-76.53896344157026,39.2529538407987],[-76.53896522609175,39.2529534334501],[-76.53896701857084,39.25295304955284],[-76.5389688189959,39.25295269090837],[-76.53897062737266,39.25295235661599],[-76.53897244254269,39.25295204667114],[-76.53897426566445,39.25295176107834],[-76.53897609325658,39.25295150072473],[-76.53897792764188,39.25295126471863],[-76.53897976650342,39.25295105305103],[-76.53898160982934,39.25295086752327],[-76.53898345763146,39.25295070633398],[-76.53898313272559,39.25294935750146],[-76.53898208612169,39.25294870843834],[-76.53898106982703,39.25294803066952],[-76.53898008498838,39.25294732600102],[-76.53897913159993,39.25294659533355],[-76.53897821081432,39.2529458395724],[-76.53897732494875,39.25294505872677],[-76.53897647514991,39.25294425460258],[-76.53897566141201,39.25294342810067],[-76.53897488488771,39.25294258012633],[-76.53897414672976,39.25294171158485],[-76.53897344808495,39.25294082428223],[-76.53897279011177,39.25293991822314],[-76.53897217280441,39.25293899430819],[-76.53897159614539,39.25293805523971],[-76.53897106245751,39.25293710012606],[-76.53897057288184,39.252936131674],[-76.53897012509537,39.25293515077523],[-76.53896972256794,39.25293415834409],[-76.53896936529368,39.25293315528133],[-76.5389690521023,39.25293214338399],[-76.53896878414655,39.25293112355727],[-76.53896856257907,39.25293009670651],[-76.53896838738818,39.25292906463322],[-76.53896825740364,39.25292802913437],[-76.53896817378393,39.25292699021443],[-76.53896813767595,39.25292594967955],[-76.53896814790944,39.2529249093266],[-76.53896820448441,39.25292386915562],[-76.53896830738911,39.25292283096811],[-76.53896845661188,39.25292179656554],[-76.53896865214686,39.25292076684868],[-76.53896889398234,39.25291974361906],[-76.53896918095973,39.25291872687209],[-76.5389695130674,39.2529177184093],[-76.53896989145221,39.25291672003677],[-76.5389703126326,39.25291573264146],[-76.53897077892569,39.25291475623263],[-76.53897128799686,39.25291379350336],[-76.53897183984023,39.25291284535441],[-76.53897243329143,39.25291191268192],[-76.53897306834465,39.25291099638677],[-76.53897374498813,39.25291009827035],[-76.53897445974624,39.25290921831904],[-76.53897521492442,39.25290835834349],[-76.53897600703533,39.25290752013147],[-76.5389768372433,39.25290670278682],[-76.53897770205528,39.25290590899813],[-76.53897860262967,39.25290513877],[-76.53897953779637,39.25290439389933],[-76.5389805052382,39.25290367437701],[-76.53898150379082,39.25290298109929],[-76.53898253344258,39.2529023158676],[-76.53898359187632,39.25290167867293],[-76.53898467792769,39.25290107041139],[-76.53898579043228,39.25290049197928],[-76.53898692823155,39.25289994337195],[-76.53898809015534,39.25289942638639],[-76.53898927504504,39.25289894101807],[-76.53899048057775,39.25289848815865],[-76.53899170559492,39.25289806780351],[-76.53899294776781,39.25289768174515],[-76.5389942071081,39.25289732818202],[-76.53899548128116,39.25289700980724],[-76.53899677029287,39.25289672572011],[-76.53899806950324,39.25289647680316],[-76.53899938007078,39.25289626306096],[-76.53900069851404,39.25289608538059],[-76.53900202483888,39.25289594286133],[-76.53900335672235,39.25289583639474],[-76.53900469184744,39.25289576597185],[-76.53900603021408,39.25289573159259],[-76.53900736834086,39.25289573414408],[-76.53900870623946,39.25289577182483],[-76.53901004158115,39.2528958464272],[-76.53901137321321,39.25289595704595],[-76.53901269882442,39.25289610277118],[-76.53901401724458,39.2528962853999],[-76.53901532616828,39.25289650312146],[-76.53901662443695,39.2528967559313],[-76.53901854940371,39.25289720036402],[-76.53901752873219,39.25289594788499],[-76.53901653595332,39.25289468200384],[-76.53901557222562,39.25289340272511],[-76.53901463639062,39.2528921100443],[-76.5390137307536,39.25289080577203],[-76.53901285300343,39.25288948899835],[-76.53901200660982,39.25288816063775],[-76.53901118925566,39.25288682068116],[-76.53901040093517,39.2528854700292],[-76.53900964396533,39.25288410869109],[-76.53900891833453,39.25288273846826],[-76.53900822173739,39.25288135755015],[-76.53900755763777,39.25287996775187],[-76.53900692371857,39.25287856906439],[-76.53900632229109,39.25287716239748],[-76.5390057522026,39.25287574684591],[-76.5390052134356,39.2528743251119],[-76.53900470600168,39.25287289539391],[-76.53900423104777,39.25287145949807],[-76.53900378857965,39.25287001652354],[-76.53900337857979,39.25286856917268],[-76.53900300105992,39.25286711564391],[-76.53900265601416,39.25286565683799],[-76.53900234343084,39.25286419455647],[-76.53900206331576,39.25286272789852],[-76.53900181682165,39.25286125776949],[-76.53900160278991,39.25285978416482],[-76.53900142237329,39.25285830798981],[-76.53900127441321,39.25285682923992],[-76.53900115889793,39.25285534971661],[-76.53900107815635,39.25285386762756],[-76.53900102985374,39.25285238566585],[-76.53900101399596,39.25285090293079],[-76.53900103173575,39.25284942032757],[-76.53900108307299,39.25284793785634],[-76.53900116684346,39.25284645641316],[-76.53900128419964,39.25284497690344],[-76.53900143514757,39.25284349842639],[-76.53900161851691,39.25284202277889],[-76.53900183547206,39.25284054906487],[-76.53900208484279,39.25283907908118],[-76.53900236662906,39.2528376128279],[-76.53900268198946,39.25283615030943],[-76.5390030297596,39.2528346924222],[-76.5390034099336,39.25283324006677],[-76.5390038236758,39.25283179234697],[-76.53900426866338,39.25283035015456],[-76.53900474604893,39.2528289143947],[-76.53900525466811,39.2528274859637],[-76.53900579684385,39.25282606396986],[-76.53900636909468,39.25282464930027],[-76.53900697372595,39.25282324376554],[-76.53900760959081,39.25282184555962],[-76.53900827667765,39.25282045648406],[-76.53900897498634,39.25281907653876],[-76.53900970451113,39.25281770662453],[-76.53901046409926,39.25281634583607],[-76.53901125373321,39.25281499687563],[-76.53901207342471,39.25281365794169],[-76.53901292316782,39.25281232993501],[-76.53901380179245,39.25281101465255],[-76.53901471046279,39.25280971119811],[-76.5390156480205,39.25280841956712],[-76.53901661445376,39.25280714156108],[-76.53901760976841,39.2528058762793],[-76.53901863280016,39.25280462461789],[-76.53901968354307,39.25280338747767],[-76.53902076200302,39.25280216395781],[-76.53902186700979,39.25280095585537],[-76.53902299972188,39.25279976317477],[-76.53902415898078,39.25279858591161],[-76.53902534362791,39.25279742406124],[-76.53902655481605,39.25279627852895],[-76.53902779138657,39.25279514931026],[-76.5390290521751,39.25279403730129],[-76.53903033834023,39.25279294250664],[-76.53903164872342,39.25279186492173],[-76.53903298331872,39.25279080544736],[-76.53903434096189,39.2527897649797],[-76.539035722823,39.25278874172179],[-76.53903712656759,39.25278773836679],[-76.53903855220727,39.25278675311319],[-76.53903999973036,39.25278578776252],[-76.53904146913689,39.25278484231472],[-76.53904295926827,39.2527839167653],[-76.53904446896014,39.25278301201044],[-76.53904600053545,39.25278212715851],[-76.53904755050688,39.2527812639973],[-76.53904911888607,39.25278042072539],[-76.53905070681991,39.25277959914872],[-76.53905231314407,39.25277880016363],[-76.53905393671164,39.25277802196397],[-76.53905557751091,39.25277726635126],[-76.5390572343892,39.25277653242023],[-76.53905890849343,39.2527758219769],[-76.53906059751817,39.25277513321068],[-76.53906230261026,39.25277446792762],[-76.53906402145265,39.25277382611861],[-76.53906575405112,39.25277320688292],[-76.53906750155265,39.2527726120266],[-76.53906926048734,39.25277204063521],[-76.53907103317233,39.25277149271795],[-76.53907281728465,39.25277096916631],[-76.53907461282441,39.25277046998045],[-76.53907641979153,39.25276999516025],[-76.53907823702747,39.25276954470125],[-76.53908006337375,39.25276911859886],[-76.53908189998303,39.25276871775836],[-76.53908374454409,39.25276834126995],[-76.53908559705103,39.25276799003436],[-76.53908745750395,39.25276766405158],[-76.5390893247443,39.25276736331703],[-76.539091198772,39.25276708783079],[-76.53909307842859,39.25276683758825],[-76.53909496370824,39.25276661349018],[-76.53909685346407,39.25276641373055],[-76.53909874768435,39.25276624011083],[-76.53910064521064,39.25276609262652],[-76.53909840621291,39.25276512271229],[-76.53909732175967,39.25276459330446],[-76.53909626067008,39.25276403426281],[-76.53909522525547,39.25276344649719],[-76.53909421666263,39.25276283181367],[-76.53909323605011,39.25276219021679],[-76.53909228573498,39.25276152171559],[-76.53909136570554,39.25276082811165],[-76.53909047595596,39.25276011030568],[-76.5390896199559,39.25275936921206],[-76.53908879770546,39.25275860483086],[-76.53908801035145,39.25275781896806],[-76.53908725905237,39.25275701162823],[-76.53908654379657,39.25275618461283],[-76.53908586573669,39.25275533882726],[-76.53908522602545,39.25275447517674],[-76.53908462580964,39.25275359546733],[-76.53908406509512,39.25275269879834],[-76.53908354501706,39.25275178877719],[-76.53908306673986,39.25275086450782],[-76.5390826290932,39.25274992778709],[-76.53908223438835,39.2527489795249],[-76.53908188261364,39.25274802152273],[-76.53908157376313,39.25274705468129],[-76.53908130783107,39.2527460799014],[-76.53908108597007,39.25274509808835],[-76.53908090816259,39.25274411194434],[-76.53908077441451,39.25274312056863],[-76.53908068586676,39.25274212666807],[-76.53908064136088,39.2527411302381],[-76.53908064203776,39.25274013398547],[-76.53908068789168,39.25273913881097],[-76.53908077660543,39.2527381447055],[-76.53908091164298,39.25273715348418],[-76.53908108951705,39.25273616693487],[-76.53908131254465,39.25273518506673],[-76.53908157839118,39.25273421057287],[-76.53908188820931,39.25273324435855],[-76.5390822419991,39.25273228642379],[-76.53908263743173,39.25273133856101],[-76.5390830756599,39.25273040167556],[-76.53908355551333,39.25272947756433],[-76.53908407582774,39.25272856712348],[-76.53908463774982,39.25272767215912],[-76.53908523896853,39.25272679176143],[-76.53908587830756,39.25272592862802],[-76.53908655692567,39.25272508276355],[-76.53908727248808,39.25272425686108],[-76.53908802500077,39.25272345001991],[-76.53908881329335,39.25272266403696],[-76.53908963619574,39.25272190070923],[-76.53909049371373,39.25272115913591],[-76.53909138235416,39.25272044200565],[-76.53909230327555,39.25271974932296],[-76.53909325531937,39.25271908108336],[-76.53909423615107,39.25271843997992],[-76.53909524461204,39.25271782600817],[-76.53909628070231,39.25271723916801],[-76.53909734209893,39.25271668035118],[-76.53909842763174,39.25271615135463],[-76.53909953730074,39.25271565217827],[-76.53910066763024,39.25271518280862],[-76.53910181861451,39.25271474414625],[-76.53910298792464,39.25271433798365],[-76.53910417557246,39.25271396251937],[-76.53910537922333,39.25271362044649],[-76.53910659772454,39.2527133108597],[-76.53910782875316,39.25271303465068],[-76.53910907115655,39.2527127909142],[-76.53911032491713,39.2527125823524],[-76.53911158657101,39.25271240715018],[-76.53911285495383,39.25271226620374],[-76.53911412890707,39.25271215950857],[-76.53911540726627,39.25271208796078],[-76.53911668772034,39.25271205065064],[-76.53911797026326,39.25271204847886],[-76.53911925026111,39.25271208142718],[-76.53912053004248,39.25271214770331],[-76.53912180495578,39.25271224999119],[-76.53912307386003,39.25271238558409],[-76.53912433674348,39.25271255628356],[-76.53912559130079,39.2527127602789],[-76.53912683520903,39.25271299846184],[-76.53912868038476,39.25271341915948],[-76.53912763326069,39.25271213685198],[-76.5391266151877,39.25271084114688],[-76.53912562732441,39.2527095320487],[-76.5391246673536,39.25270820954846],[-76.53912373758659,39.25270687455594],[-76.53912283686486,39.2527055270666],[-76.53912196750544,39.25270416708951],[-76.53912112717953,39.25270279641712],[-76.53912031821008,39.25270141415774],[-76.53911954058543,39.25270002211285],[-76.53911879315868,39.25269861847648],[-76.53911807822935,39.25269720595993],[-76.53911739348629,39.25269578365333],[-76.53911674124065,39.25269435246658],[-76.53911612033392,39.25269291239508],[-76.53911553307141,39.25269146524953],[-76.53911497598934,39.25269000921464],[-76.53911445255149,39.25268854610561],[-76.53911396275208,39.25268707682327],[-76.5391135042798,39.25268560045768],[-76.53911307944016,39.25268411881947],[-76.53911268708036,39.25268263100333],[-76.5391123283473,39.25268113881533],[-76.53911200208825,39.25267964135016],[-76.53911170945,39.25267814041386],[-76.53911145159704,39.25267663511023],[-76.53911122620053,39.25267512723173],[-76.53911103442489,39.25267361588206],[-76.53911087625841,39.25267210286275],[-76.5391107517069,39.25267058727312],[-76.53911066076454,39.25266907001385],[-76.53911060457816,39.252667552891],[-76.53911058084236,39.25266603409403],[-76.5391105918567,39.2526645163342],[-76.53911063647432,39.25266299780549],[-76.5391107146777,39.25266148121019],[-76.53911082647849,39.25265996474679],[-76.53911097185916,39.2526584511175],[-76.53911115199001,39.25265693852537],[-76.53911136453628,39.2526554296636],[-76.53911161182681,39.25265392273975],[-76.53911189152701,39.25265242044695],[-76.53911220480126,39.25265092188906],[-76.5391125516495,39.25264942706607],[-76.53911293206006,39.25264793777946],[-76.53911334487439,39.25264645402468],[-76.53911379125105,39.25264497580626],[-76.53911427002569,39.25264350402046],[-76.53911478119825,39.2526420386672],[-76.53911532592721,39.25264057975111],[-76.53911590188395,39.25263912906453],[-76.53911651138537,39.25263768661662],[-76.53911715211451,39.25263625239818],[-76.53911782407138,39.25263482640934],[-76.53911852840277,39.25263341045606],[-76.53911926395598,39.25263200363306],[-76.53912003072519,39.25263060684109],[-76.53912082870451,39.25262922098088],[-76.53912165673547,39.25262784604794],[-76.5391225159707,39.25262648294753],[-76.53912340525756,39.25262513077434],[-76.53912432458426,39.2526237913299],[-76.53912527279827,39.25262246370888],[-76.53912625104631,39.25262114971734],[-76.53912725817567,39.25261984844999],[-76.53912829417474,39.25261856170832],[-76.5391293590493,39.25261728859159],[-76.53913045163505,39.25261602999601],[-76.53913157308459,39.25261478682683],[-76.53913272108672,39.25261355817425],[-76.53913389562977,39.25261234583976],[-76.5391350978781,39.25261114892716],[-76.53913632666733,39.25260996833262],[-76.53913758083313,39.2526088049524],[-76.53913886153391,39.25260765879096],[-76.53914016761711,39.25260652894314],[-76.53914149790661,39.25260541810647],[-76.53914285357259,39.25260432448412],[-76.5391442322922,39.25260324896774],[-76.53914563521229,39.25260219336333],[-76.53914706118596,39.25260115586482],[-76.53914851020153,39.25260013827378],[-76.53914998226487,39.25259913968944],[-76.53915147621161,39.25259816100795],[-76.53915299087738,39.25259720312555],[-76.53915452742066,39.25259626604682],[-76.53915608353024,39.25259534886185],[-76.53915766151154,39.25259445338128],[-76.53915925789474,39.25259357869069],[-76.53916087382676,39.25259272659617],[-76.53916250816073,39.25259189529159],[-76.53916416088492,39.25259108657855],[-76.53916583199936,39.25259030045697],[-76.53916752034556,39.25258953692236],[-76.53916922476488,39.25258879597013],[-76.53917094525742,39.25258807760028],[-76.53917268181151,39.25258738361433],[-76.53917443328021,39.25258671220622],[-76.53917620081626,39.2525860642813],[-76.53917798093823,39.25258544072659],[-76.53917977480462,39.25258484154668],[-76.53918158242131,39.25258426584081],[-76.53918340261806,39.25258371540593],[-76.53918523424802,39.25258318843606],[-76.53918707729954,39.25258268673257],[-76.53918893177259,39.25258221029556],[-76.53919079651449,39.25258175821971],[-76.53919267035504,39.25258133230196],[-76.53919455446443,39.25258093074537],[-76.53919644651977,39.25258055444159],[-76.53919834651521,39.25258020429136],[-76.5392002544566,39.25257987939395],[-76.53920216917957,39.25257958064554],[-76.53920408953142,39.25257930714083],[-76.53920601666492,39.25257905978514],[-76.53920575460437,39.25257784541496],[-76.5392046922354,39.25257730528548],[-76.53920365437686,39.2525767373282],[-76.53920264335177,39.25257614065151],[-76.53920165914244,39.25257551795759],[-76.53920070291329,39.25257486835028],[-76.53919977696977,39.25257419364018],[-76.53919888131178,39.25257349382725],[-76.5391980182447,39.25257277072215],[-76.53919718776858,39.2525720243248],[-76.53919639103025,39.25257125644133],[-76.53919562918816,39.25257046707623],[-76.53919490223656,39.25256965713027],[-76.53919421248074,39.25256882841408],[-76.53919356107343,39.2525679818329],[-76.53919294685021,39.25256711828293],[-76.53919237212234,39.25256623867406],[-76.53919183804835,39.25256534301084],[-76.53919134228774,39.25256443488714],[-76.53919088948633,39.25256351251969],[-76.53919047730371,39.25256257950235],[-76.5391901069042,39.25256163493892],[-76.53918977942884,39.25256068153627],[-76.53918949371321,39.2525597201905],[-76.53918925206855,39.25255875181153],[-76.5391890544949,39.25255777639936],[-76.53918889981605,39.25255679665167],[-76.53918878918479,39.25255581347375],[-76.53918872258939,39.25255482866709],[-76.53918870003567,39.25255384133099],[-76.53918872265882,39.25255285507295],[-76.53918878814761,39.25255186898315],[-76.53918889764297,39.2525508857684],[-76.5391890522977,39.25254990633396],[-76.53918924978873,39.2525489315715],[-76.53918949126887,39.25254796238634],[-76.53918977556785,39.25254700057543],[-76.53919010267978,39.25254604703948],[-76.53919047143451,39.25254510357546],[-76.53919088299637,39.25254416928723],[-76.53919133618342,39.25254324777313],[-76.53919183099566,39.25254233903326],[-76.53919236511022,39.25254144395923],[-76.53919293967975,39.25254056345635],[-76.53919355237551,39.25253969931704],[-76.53919420435015,39.25253885244652],[-76.53919489328081,39.25253802373651],[-76.53919561916163,39.2525372140878],[-76.53919638082816,39.25253642439652],[-76.53919717711614,39.25253565555889],[-76.53919800685527,39.2525349093719],[-76.53919887004551,39.25253418583551],[-76.53919976552254,39.25253348584588],[-76.5392006909635,39.25253281029477],[-76.53920164635659,39.25253216098363],[-76.53920263054916,39.25253153700717],[-76.53920364120665,39.25253094105851],[-76.53920467833485,39.25253037223696],[-76.53920574076945,39.25252983143866],[-76.53920682618163,39.25252932045609],[-76.53920793457726,39.25252883838844],[-76.53920906246913,39.25252838702357],[-76.53921021101561,39.25252796636607],[-76.53921137789391,39.25252757730755],[-76.53921256079282,39.25252721893818],[-76.53921375853621,39.25252689395568],[-76.53921497112999,39.25252660145929],[-76.53921619625703,39.25252634143992],[-76.53921743159447,39.25252611478921],[-76.5392186759838,39.25252592150262],[-76.53921992826062,39.2525257624764],[-76.53922118726636,39.25252563770589],[-76.53922245184847,39.25252554628591],[-76.53922371852532,39.25252548910356],[-76.53922498729121,39.25252546705951],[-76.53922625699929,39.25252547834776],[-76.53922752532074,39.25252552476073],[-76.5392287899503,39.25252560448776],[-76.53923005087616,39.25252571933047],[-76.53923130579302,39.25252586747819],[-76.53923255353649,39.25252604982711],[-76.53923379178954,39.25252626636814],[-76.53923501940531,39.25252651529528],[-76.53923623637213,39.25252679841002],[-76.53923743923188,39.25252711299643],[-76.53923862681442,39.2525274608515],[-76.53924061404445,39.25252741460354],[-76.53923940893341,39.25252601908033],[-76.53923839285652,39.25252477292645],[-76.53923740583065,39.25252351337503],[-76.53923644553282,39.25252224131763],[-76.53923551544455,39.25252095586722],[-76.53923461323707,39.2525196588161],[-76.53923374007465,39.25251834926815],[-76.53923289711015,39.25251702812867],[-76.53923208318491,39.25251569539304],[-76.53923129944582,39.25251435286741],[-76.53923054590456,39.25251299875021],[-76.53922982254355,39.25251163574369],[-76.53922912937456,39.2525102620464],[-76.53922846753849,39.25250888036508],[-76.53922783704712,39.25250748889825],[-76.53922723672429,39.25250609034367],[-76.53922666889882,39.25250468290884],[-76.53922613240046,39.25250326839078],[-76.53922562722914,39.25250184678948],[-76.53922515338496,39.2525004181049],[-76.53922471201477,39.25249898414314],[-76.53922430312433,39.2524975440034],[-76.53922392554924,39.25249609858196],[-76.53922358160668,39.25249464788781],[-76.53922326897366,39.25249319281269],[-76.53922298996136,39.25249173426643],[-76.53922274341133,39.25249027224447],[-76.5392225293235,39.25248880674683],[-76.53922234769787,39.25248733777344],[-76.53922219851695,39.25248586802663],[-76.53922208295097,39.25248439570941],[-76.53922200099399,39.25248292172255],[-76.53922195147588,39.25248144786297],[-76.53922193440242,39.25247997322994],[-76.53922194977365,39.2524784978235],[-76.53922199989486,39.25247702345417],[-76.53922208129057,39.25247555010839],[-76.53922219627773,39.25247407779518],[-76.53922234485057,39.25247260741532],[-76.53922252585049,39.25247113896427],[-76.53922273927171,39.25246967334277],[-76.53922298510832,39.25246821145159],[-76.53922326452475,39.2524667523945],[-76.53922357519805,39.2524652970632],[-76.53922391943362,39.2524638472682],[-76.53922429608458,39.25246240120352],[-76.53922470398071,39.25246096066611],[-76.53922514543325,39.25245952656578],[-76.53922561813097,39.25245809799272],[-76.53922612206215,39.25245667674841],[-76.53922665839119,39.25245526193667],[-76.53922722711225,39.25245385445822],[-76.53922782590239,39.2524524552047],[-76.5392284559202,39.2524510641807],[-76.53922911716562,39.25244968138623],[-76.53922980962696,39.25244830862276],[-76.53923053215151,39.25244694498502],[-76.53923128589203,39.25244559137823],[-76.53923206968997,39.25244424779795],[-76.53923288238089,39.25244291514028],[-76.53923372512338,39.25244159340986],[-76.53923459790566,39.25244028440811],[-76.53923549842249,39.25243898632451],[-76.53923642897915,39.25243770096959],[-76.53923738841711,39.25243642833883],[-76.53923837557787,39.25243516842772],[-76.53923939044974,39.25243392303769],[-76.53924043303849,39.25243269126803],[-76.53924150334421,39.25243147311873],[-76.53924260135524,39.25243027039126],[-76.53924372476021,39.25242908217582],[-76.53924487587045,39.25242790938223],[-76.53924605236891,39.25242675200148],[-76.53924725424966,39.25242561093415],[-76.53924848150687,39.25242448708114],[-76.53924973415235,39.25242337864086],[-76.53925101100985,39.25242228831107],[-76.53925231208537,39.25242121519101],[-76.53925363737881,39.25242015928063],[-76.53925498571998,39.25241912237692],[-76.53925635712065,39.25241810267837],[-76.53925775156314,39.25241710288727],[-76.53925916674216,39.25241612119296],[-76.53926060496309,39.25241515940609],[-76.53926206391469,39.25241421661681],[-76.5392635435911,39.25241329372582],[-76.53926504398655,39.25241239163389],[-76.53926656510679,39.25241150944033],[-76.53926810463483,39.25241064713598],[-76.53926966371161,39.25240980742763],[-76.53927124003768,39.25240898760395],[-76.53927283591831,39.2524081894756],[-76.53927444903067,39.25240741393412],[-76.53927607938645,39.2524066591781],[-76.53927772581542,39.25240592700445],[-76.53927938831757,39.2524052174132],[-76.53928106689288,39.25240453040433],[-76.53928276154137,39.25240386597784],[-76.53928446878751,39.25240322412007],[-76.53928619094246,39.2524026057409],[-76.53928792684769,39.25240201083579],[-76.5392896765032,39.25240143940466],[-76.53929143759191,39.2524008914385],[-76.53929321126658,39.2524003678426],[-76.53929499521013,39.25239986860781],[-76.53929679174541,39.25239939284258],[-76.53929859739108,39.25239894143387],[-76.53930041330557,39.25239851438635],[-76.53930223832459,39.25239811259615],[-76.53930407245394,39.25239773516255],[-76.53930591452924,39.25239738298182],[-76.53930776339786,39.25239705514852],[-76.53930962021244,39.25239675256806],[-76.53931148381443,39.25239647523586],[-76.53931335304542,39.25239622314735],[-76.53931522675258,39.2523959953973],[-76.53931494834681,39.25239444317316],[-76.53931391609476,39.25239372571042],[-76.53931291646857,39.25239297955096],[-76.53931195176781,39.25239220740609],[-76.53931102083394,39.25239140927129],[-76.53931012713664,39.25239058606091],[-76.5393092706643,39.2523897395765],[-76.53930845256957,39.2523888707233],[-76.53930767285246,39.25238797950138],[-76.53930693497095,39.25238706862657],[-76.53930623776658,39.25238613809435],[-76.53930558239202,39.25238518881],[-76.53930496999411,39.2523842225796],[-76.53930440172547,39.2523832403084],[-76.53930387757447,39.25238224379797],[-76.53930339869964,39.25238123305277],[-76.53930296393067,39.25238020986982],[-76.53930257673154,39.25237917606421],[-76.53930223593784,39.25237813253224],[-76.53930194154958,39.25237707927377],[-76.53930169470192,39.25237601989647],[-76.53930149540061,39.25237495349957],[-76.53930134362236,39.25237388368601],[-76.53930124053151,39.2523728095596],[-76.53930118495785,39.25237173291734],[-76.53930117804816,39.25237065556522],[-76.5393012197908,39.25236957930483],[-76.53930130902721,39.25236850413152],[-76.53930144573988,39.25236743274765],[-76.53930163224581,39.25236636516217],[-76.53930186505781,39.25236530316306],[-76.53930214532262,39.25236424855636],[-76.53930247303444,39.25236320224273],[-76.53930284702886,39.25236216511851],[-76.53930326729422,39.25236113898502],[-76.53930373382464,39.25236012474321],[-76.53930424429723,39.25235912328459],[-76.53930479985299,39.25235813731602],[-76.53930540049778,39.25235716593676],[-76.53930604273845,39.25235621183538],[-76.53930672772763,39.25235527591723],[-76.53930745430105,39.25235435907842],[-76.53930822129426,39.25235346221528],[-76.53930902870142,39.25235258622843],[-76.53930987419386,39.25235173291041],[-76.53931075660709,39.25235090315733],[-76.53931167709379,39.25235009787452],[-76.53931263217265,39.25234931794907],[-76.53931362183775,39.25234856428175],[-76.53931464492474,39.25234783776877],[-76.53931570026336,39.25234714020706],[-76.53931678554238,39.2523464706868],[-76.53931789959167,39.25234583100489],[-76.53931904240534,39.2523452220622],[-76.53932021166051,39.25234464475029],[-76.5393214061986,39.25234409906461],[-76.53932262485525,39.25234358590142],[-76.53932386414908,39.25234310614781],[-76.53932512523276,39.25234266070905],[-76.53932640579508,39.25234224867532],[-76.5393277035014,39.25234187273977],[-76.53932901836343,39.25234153110093],[-76.53933034689399,39.2523412255466],[-76.53933168792858,39.25234095697306],[-76.53933304032046,39.25234072357424],[-76.5393344028935,39.25234052804781],[-76.53933577218386,39.25234036857864],[-76.53933714933835,39.25234024697282],[-76.53933852972872,39.25234016231138],[-76.53933991450772,39.25234011549963],[-76.53934129904697,39.25234010561859],[-76.53934268449916,39.25234013357366],[-76.53934406738883,39.2523401993511],[-76.53934544540468,39.25234030204112],[-76.53934681969942,39.25234044254901],[-76.53934818565065,39.2523406190551],[-76.5393495432466,39.25234083336088],[-76.53935089134058,39.25234108366026],[-76.53935222645104,39.25234137084043],[-76.53935420319361,39.25234186861656],[-76.53935313580892,39.25234067360643],[-76.53935209516389,39.25233946428884],[-76.53935108125862,39.25233824066376],[-76.53935009408133,39.25233700453273],[-76.53934913596072,39.2523357541033],[-76.5393482057209,39.25233449207318],[-76.53934730336753,39.25233321754164],[-76.53934642890073,39.25233193050869],[-76.53934558347311,39.25233063187962],[-76.53934476823733,39.25232932255967],[-76.53934398087642,39.25232800253983],[-76.53934322370741,39.25232667182914],[-76.53934249672443,39.25232533132841],[-76.53934179876894,39.25232398103299],[-76.539341132158,39.25232262095206],[-76.53934049456291,39.25232125287805],[-76.53933988830651,39.25231987591919],[-76.53933931337714,39.2523184918771],[-76.53933876862203,39.25231709984643],[-76.53933825403548,39.25231570072793],[-76.53933777193447,39.2523142945307],[-76.53933732115459,39.2523128821509],[-76.53933690169002,39.25231146448936],[-76.53933651354662,39.25231004064526],[-76.53933615787123,39.2523086124247],[-76.5393358335111,39.25230717892239],[-76.53933554161314,39.2523057419443],[-76.53933528102462,39.25230430058523],[-76.53933505289244,39.25230285665113],[-76.53933485722236,39.25230140924135],[-76.53933469400856,39.25229995925653],[-76.53933456208087,39.25229850849376],[-76.53933446376796,39.2522970551605],[-76.53933439674108,39.25229560104922],[-76.53933436331735,39.25229414616901],[-76.53933436117967,39.25229269051082],[-76.53933439147487,39.25229123588058],[-76.53933445420881,39.25228978137767],[-76.53933455052835,39.25228832880809],[-76.53933467812804,39.25228687636118],[-76.53933483814893,39.25228542674385],[-76.53933503059105,39.252283979956],[-76.53933525546013,39.25228253509694],[-76.53933551158609,39.2522810939636],[-76.53933580013317,39.2522796556598],[-76.5393361210898,39.25227822198699],[-76.53933647329737,39.25227679294069],[-76.53933685790857,39.25227536942617],[-76.5393372737707,39.25227395053808],[-76.53933772203651,39.25227253718181],[-76.53933820037716,39.25227113114968],[-76.53933871112147,39.25226973064935],[-76.53933925193483,39.25226833837395],[-76.53933982514597,39.25226695253107],[-76.53934042726756,39.25226557490859],[-76.53934106177529,39.25226420552009],[-76.53934172518764,39.25226284525279],[-76.53934241982175,39.25226149411566],[-76.53934314451899,39.25226015210426],[-76.53934389810924,39.25225882101547],[-76.53934468176263,39.25225749905235],[-76.53934549430905,39.25225618801183],[-76.53934633574249,39.25225488879477],[-76.53934720722744,39.25225360050484],[-76.53934810643516,39.2522523249345],[-76.53934903452998,39.25225106118753],[-76.53934998918901,39.25224981015565],[-76.53935097272925,39.25224857184785],[-76.53935198398645,39.25224734716041],[-76.53935302180201,39.25224613608879],[-76.53935408617005,39.25224493953365],[-76.5393551770906,39.25224375749507],[-76.53935629456366,39.25224258997303],[-76.5393574374249,39.25224143786377],[-76.53935860683279,39.25224030117175],[-76.53935980046445,39.25223918078866],[-76.53936101948428,39.25223807581836],[-76.53936226156345,39.25223698805318],[-76.53936352901908,39.25223591750223],[-76.53936481953995,39.25223486325574],[-76.53936613311444,39.25223382711508],[-76.53936747090094,39.2522328090849],[-76.53936882942396,39.2522318091515],[-76.53937021100053,39.25223082732401],[-76.53937161446625,39.25222986449862],[-76.53937303866851,39.25222891977005],[-76.53937448358977,39.2522279958405],[-76.53937594924159,39.25222709090851],[-76.53937743446559,39.25222620496958],[-76.53937893925004,39.25222533982512],[-76.53938046359492,39.25222449547518],[-76.53938200634174,39.25222367191517],[-76.53938356633775,39.25222286823983],[-76.53938514472991,39.25222208625522],[-76.53938674035953,39.25222132595679],[-76.53938835207407,39.25222058643915],[-76.53938998102029,39.25221986950852],[-76.539391624887,39.2522191742549],[-76.53939328482694,39.25221850158366],[-76.53939495852885,39.25221785058496],[-76.53939664713954,39.25221722306484],[-76.53939834834785,39.25221661811345],[-76.53940006447083,39.25221603573983],[-76.53940179202704,39.25221547683121],[-76.53940353217503,39.25221494139208],[-76.53940528375624,39.2522144294178],[-76.53940704677071,39.25221394090851],[-76.5394088212126,39.25221347676491],[-76.53941060477069,39.25221303607712],[-76.53941239743912,39.25221261974595],[-76.53941420038227,39.25221222687517],[-76.53941601011286,39.25221185925267],[-76.53941782895384,39.25221151598672],[-76.53941965575255,39.25221119617206],[-76.53942148817428,39.25221090250189],[-76.53942332739523,39.25221063227847],[-76.53942517224509,39.25221038729873],[-76.53942702156539,39.25221016755815],[-76.53942887652049,39.25220997216059],[-76.53942853525574,39.25220864398261],[-76.53942747574541,39.25220802099515],[-76.53942644422091,39.25220737019347],[-76.53942544184072,39.2522066915821],[-76.5394244709161,39.25220598607096],[-76.53942353259971,39.25220525456528],[-76.53942262687983,39.25220449886655],[-76.53942175607359,39.25220371898391],[-76.53942092017503,39.25220291581809],[-76.53942012033693,39.25220209027436],[-76.53941935886455,39.25220124416332],[-76.53941863459946,39.25220037748052],[-76.53941794984701,39.25219949203641],[-76.53941730575977,39.25219858873636],[-76.53941670117349,39.25219766847658],[-76.53941613955202,39.25219673307218],[-76.53941561857832,39.25219578251407],[-76.53941514172206,39.25219481771665],[-76.53941470780721,39.25219384137765],[-76.53941431682794,39.25219285439777],[-76.5394139711013,39.25219185678611],[-76.5394136706156,39.2521908503442],[-76.53941341420058,39.25218983686899],[-76.53941320417333,39.25218881636958],[-76.53941303935773,39.25218779154363],[-76.53941292091237,39.25218676239573],[-76.53941284766699,39.25218573072285],[-76.53941282076845,39.25218469833094],[-76.5394128402168,39.2521836652201],[-76.53941290600021,39.25218263319181],[-76.53941301810706,39.25218160404754],[-76.53941317537885,39.25218057778276],[-76.53941337895655,39.25217955710427],[-76.53941362768164,39.25217854200754],[-76.53941392154238,39.25217753429406],[-76.53941426052711,39.25217653576529],[-76.53941464347734,39.25217554641679],[-76.53941507153985,39.25217456805451],[-76.5394155423859,39.25217360247086],[-76.53941605601551,39.25217264966587],[-76.53941661125845,39.25217171143649],[-76.53941720926747,39.25217078868803],[-76.53941784771952,39.25216988231212],[-76.53941852544453,39.25216899410578],[-76.53941924359515,39.25216812497423],[-76.53941999985426,39.2521672749084],[-76.53942079304586,39.25216644660602],[-76.53942162432841,39.25216564007162],[-76.53942248906209,39.25216485618776],[-76.53942338955216,39.25216409676504],[-76.53942432348155,39.25216336179437],[-76.53942528968599,39.25216265217193],[-76.53942628584252,39.25216196878947],[-76.53942731309795,39.25216131345289],[-76.53942836913534,39.25216068615323],[-76.53942945163168,39.25216008778207],[-76.53943056058699,39.25215951833947],[-76.53943169482524,39.25215898052311],[-76.53943285204112,39.25215847252237],[-76.53943403106432,39.25215799613427],[-76.53943523073055,39.25215755225494],[-76.53943644988125,39.25215714087988],[-76.53943768619352,39.25215676290075],[-76.53943893966739,39.25215641831755],[-76.53944020682141,39.2521561080174],[-76.53944148765561,39.25215583200023],[-76.53944277868858,39.25215559115326],[-76.53944408108464,39.25215538458025],[-76.53944539135661,39.25215521406902],[-76.53944670835176,39.25215507871436],[-76.53944803091157,39.25215497851165],[-76.53944935787167,39.25215491435712],[-76.53945068575653,39.25215488623712],[-76.53945201456607,39.25215489415168],[-76.53945334198335,39.25215493809173],[-76.5394546668556,39.25215501715194],[-76.53945598685416,39.25215513312473],[-76.53945730199648,39.2521552833078],[-76.53945860879541,39.2521554694891],[-76.53945990725668,39.25215569076786],[-76.53946119390484,39.25215594713043],[-76.53946246873977,39.25215623857678],[-76.53946435509556,39.2521567386989],[-76.53946329003467,39.25215554279808],[-76.53946225287778,39.2521543316935],[-76.53946124129027,39.2521531080784],[-76.53946025875942,39.25215187016488],[-76.5394593029623,39.25215061884462],[-76.53945837504578,39.25214935592366],[-76.53945747618008,39.25214807960502],[-76.53945660519497,39.25214679168572],[-76.53945576324311,39.252145493071],[-76.53945495033619,39.25214418195933],[-76.53945416645672,39.25214286105307],[-76.53945341276903,39.25214152945587],[-76.53945268810872,39.25214018806409],[-76.5394519947929,39.25213883688669],[-76.53945133049866,39.25213747681541],[-76.53945069638452,39.25213610785482],[-76.53945009360314,39.2521347309101],[-76.53944952100181,39.25213334507607],[-76.53944897972161,39.25213195305943],[-76.53944846977411,39.25213055305877],[-76.53944799114774,39.25212914687552],[-76.53944754268976,39.25212773360447],[-76.53944712669967,39.25212631595682],[-76.53944674318915,39.25212489213123],[-76.53944638983532,39.25212346301928],[-76.53944606894945,39.25212202953079],[-76.53944578052558,39.25212059256656],[-76.53944552341109,39.25211915122128],[-76.53944529991718,39.25211770640474],[-76.53944510655654,39.25211625990489],[-76.53944494681647,39.25211480993384],[-76.53944481952681,39.25211335828849],[-76.5394447235231,39.25211190586508],[-76.53944466112824,39.25211045177201],[-76.5394446300194,39.25210899690082],[-76.53944463134916,39.25210754215691],[-76.53944466627614,39.25210608754479],[-76.53944473248323,39.25210463305537],[-76.53944483111728,39.25210318049465],[-76.53944496334266,39.25210172896653],[-76.53944512683059,39.25210028026332],[-76.53944532275136,39.25209883258812],[-76.53944555108735,39.25209738864316],[-76.53944581068011,39.25209594842388],[-76.53944610269396,39.25209451103409],[-76.53944642711724,39.25209307827531],[-76.53944678279134,39.25209165014297],[-76.53944717087495,39.25209022664164],[-76.53944759020352,39.25208880866748],[-76.5394480419298,39.25208739712585],[-76.53944852374259,39.25208599110685],[-76.53944903794729,39.25208459242109],[-76.53944958223265,39.25208320015875],[-76.53945015774543,39.25208181612586],[-76.53945076449162,39.25208043942165],[-76.53945140130088,39.25207907184311],[-76.53945206933768,39.25207771249401],[-76.53945276627906,39.25207636226598],[-76.53945349443622,39.25207502206894],[-76.53945425149215,39.25207369189378],[-76.5394550386053,39.25207237174497],[-76.53945585461139,39.25207106251878],[-76.53945669951041,39.25206976421521],[-76.53945757329646,39.252068477735],[-76.53945847596954,39.25206720307811],[-76.53945940636534,39.25206594114083],[-76.53946036448382,39.2520646919231],[-76.53946135148347,39.25206345542945],[-76.53946236504143,39.25206223255159],[-76.5394634063163,39.25206102329404],[-76.53946447298506,39.25205982854845],[-76.53946556736481,39.25205864832392],[-76.53946668713269,39.25205748351212],[-76.53946783345297,39.25205633321679],[-76.53946900516145,39.2520551983342],[-76.53947020109356,39.25205407976057],[-76.53947142240803,39.25205297750039],[-76.53947266794614,39.25205189154913],[-76.53947393770218,39.25205082280755],[-76.53947523167609,39.25204977127563],[-76.53947654754502,39.25204873784502],[-76.53947788763182,39.25204772162411],[-76.53947924845507,39.25204672349998],[-76.53948063232605,39.25204574438249],[-76.53948203808613,39.25204478426706],[-76.53948346458269,39.25204384224845],[-76.53948491180407,39.25204292012808],[-76.53948637975024,39.25204201790602],[-76.53948786726848,39.25204113467695],[-76.5394893743472,39.25204027224237],[-76.53949089982775,39.25203943059773],[-76.53949244487458,39.2520386088468],[-76.53949400715898,39.25203780878208],[-76.53949558668677,39.25203702950274],[-76.53949718461058,39.25203627191406],[-76.53949879861926,39.25203553510628],[-76.53950042870113,39.25203482088082],[-76.53950207370346,39.25203412833242],[-76.539503734779,39.25203345836638],[-76.53950541076921,39.25203281097819],[-76.53950710052135,39.25203218526247],[-76.53950880401797,39.25203158392155],[-76.53951052011801,39.25203100424859],[-76.53951224996254,39.25203044895037],[-76.53951399124611,39.25202991621632],[-76.53951574396298,39.25202940694719],[-76.53951750810727,39.25202892204379],[-76.53951928252624,39.25202846060073],[-76.53952106721997,39.25202802261805],[-76.5395228610241,39.25202760899198],[-76.53952466393856,39.25202721972247],[-76.5395264759634,39.25202685480956],[-76.53952829478158,39.25202651424414],[-76.53953012154575,39.25202619893151],[-76.53953195510911,39.25202590706561],[-76.53953379429564,39.25202564134418],[-76.53953563912278,39.25202539906497],[-76.53953748957304,39.25202518293022],[-76.53953934450549,39.25202499023309],[-76.53954120390252,39.25202482367592],[-76.53954306545295,39.25202468234878],[-76.53954493147972,39.25202456536009],[-76.53954267538442,39.25202355485218],[-76.53954158296393,39.25202300469931],[-76.53954051505937,39.25202242581776],[-76.53953947399371,39.25202181731596],[-76.53953846090791,39.25202118190069],[-76.53953747696045,39.25202051957648],[-76.53953652330989,39.25201983034787],[-76.53953559993872,39.25201911691711],[-76.53953471032828,39.25201837839708],[-76.53953385331428,39.252017615684],[-76.53953303120205,39.25201683058847],[-76.53953224514431,39.25201602401577],[-76.53953149513509,39.25201519686661],[-76.53953078232718,39.25201435004636],[-76.53953010787907,39.25201348355954],[-76.53952947293173,39.25201260011293],[-76.5395288774794,39.25201170060727],[-76.53952832268632,39.25201078414639],[-76.53952780968767,39.25200985433779],[-76.53952733848352,39.25200891118153],[-76.53952690906796,39.2520079555783],[-76.5395265225937,39.25200698843344],[-76.53952618020165,39.25200601245369],[-76.53952588073925,39.25200502673386],[-76.53952562650596,39.25200403398518],[-76.53952541633738,39.25200303510393],[-76.53952525138034,39.25200203189609],[-76.53952513048222,39.2520010234564],[-76.53952505477812,39.25200001339242],[-76.5395250254266,39.25199900170873],[-76.53952504010472,39.25199798929689],[-76.53952509995933,39.25199697796302],[-76.53952520613723,39.25199596951312],[-76.53952535632149,39.25199496393813],[-76.53952555165878,39.25199396304412],[-76.53952579097906,39.25199296862804],[-76.5395260754407,39.25199198069433],[-76.53952640387357,39.2519910010401],[-76.53952677511325,39.25199003056149],[-76.53952719030664,39.25198907106451],[-76.53952764828935,39.25198812344541],[-76.53952814789116,39.2519871895011],[-76.53952868795936,39.25198626832636],[-76.53952926963498,39.25198536262793],[-76.53952989174783,39.25198447420277],[-76.53953055314514,39.25198360214561],[-76.53953125265681,39.2519827482534],[-76.53953199027107,39.2519819143276],[-76.53953276482945,39.25198110036376],[-76.53953357516174,39.25198030815874],[-76.53953442010352,39.25197953860879],[-76.53953529965483,39.2519787917139],[-76.53953621148693,39.25197806926646],[-76.539537155594,39.25197737216728],[-76.53953812965314,39.25197670130796],[-76.53953913250584,39.25197605668404],[-76.53954016530473,39.25197543920071],[-76.53954122340993,39.25197484974058],[-76.5395423079682,39.25197429010972],[-76.53954341666845,39.25197375939829],[-76.53954454834043,39.25197325940329],[-76.53954570182563,39.25197279012005],[-76.53954687595964,39.25197235244487],[-76.53954806841963,39.25197194726935],[-76.53954927921141,39.25197157369283],[-76.53955050484772,39.25197123350312],[-76.53955174533446,39.25197092579948],[-76.53955299834287,39.25197065237435],[-76.53955426387292,39.25197041322769],[-76.53955553844908,39.25197020834588],[-76.53955682207138,39.25197003772892],[-76.53955811125833,39.25196990226392],[-76.53955940717444,39.25196980105471],[-76.53956070633816,39.25196973498837],[-76.53956200758516,39.25196970496116],[-76.53956330976867,39.25196970916694],[-76.53956461056579,39.25196974849749],[-76.53956590881211,39.25196982384895],[-76.53956720220231,39.25196993341075],[-76.53956849073056,39.25197007808359],[-76.53956977207979,39.2519702578585],[-76.53957104509728,39.25197047183006],[-76.53957304893986,39.25197036258752],[-76.53957155991925,39.25196844170394],[-76.53957060443238,39.25196714264476],[-76.53956967799617,39.25196583018785],[-76.53956878176336,39.25196450523856],[-76.53956791456956,39.25196316869312],[-76.53956707757331,39.25196182055597],[-76.5395662707746,39.25196046082725],[-76.53956549416175,39.25195909130834],[-76.5395647488991,39.25195771110308],[-76.53956403382227,39.25195632110773],[-76.53956335008985,39.25195492132676],[-76.5395626976901,39.25195351356168],[-76.53956207779322,39.25195209601558],[-76.5395614880705,39.2519506704808],[-76.5395609308331,39.25194923786726],[-76.53956040608696,39.25194779727416],[-76.53955991382027,39.25194635050304],[-76.53955945288045,39.25194489664853],[-76.53955902441423,39.25194343751676],[-76.5395586295861,39.25194197221148],[-76.5395582672257,39.25194050252966],[-76.53955793733903,39.25193902757054],[-76.5395576410786,39.25193754823942],[-76.53955737728022,39.25193606543252],[-76.53955714594372,39.25193457914978],[-76.53955694938043,39.25193309030113],[-76.53955678527907,39.2519315979767],[-76.53955665478065,39.25193010488324],[-76.53955655673251,39.25192861011553],[-76.53955649345166,39.2519271136826],[-76.53955646261518,39.25192561647608],[-76.53955646537588,39.25192411940137],[-76.53955650172779,39.25192262335914],[-76.53955657167673,39.25192112744867],[-76.53955667405845,39.25191963256619],[-76.5395568111899,39.2519181387207],[-76.53955698074243,39.25191664770472],[-76.53955718387446,39.25191515952271],[-76.53955741943335,39.25191367326944],[-76.53955768971862,39.25191219165623],[-76.53955799126642,39.25191071286791],[-76.53955832638205,39.25190923871509],[-76.53955869506554,39.25190776919779],[-76.53955909615254,39.25190630521222],[-76.53955952964297,39.25190484675834],[-76.53955999553691,39.25190339383619],[-76.53956049382266,39.25190194824724],[-76.53956102450603,39.25190050909074],[-76.53956158758116,39.25189907726747],[-76.53956218188378,39.2518976536736],[-76.53956280741374,39.25189623830915],[-76.53956346532969,39.25189483117867],[-76.53956415446721,39.25189343317838],[-76.53956487482044,39.251892045209],[-76.53956562523675,39.2518906663652],[-76.53956640686293,39.25188929845312],[-76.53956721969899,39.25188794147266],[-76.53956806143373,39.25188659451407],[-76.53956893320817,39.25188526028411],[-76.5395698350281,39.25188393788196],[-76.53957076689358,39.25188262730774],[-76.53957172648165,39.25188132945306],[-76.53957271610356,39.25188004522772],[-76.53957373344225,39.25187877462267],[-76.53957477965628,39.25187751764245],[-76.53957585358117,39.25187627518326],[-76.53957695405855,39.25187504724057],[-76.53957808339953,39.2518738347242],[-76.53957923813442,39.25187263671976],[-76.53958042056854,39.25187145503788],[-76.53958162838491,39.25187028966945],[-76.53958286274197,39.25186914061894],[-76.5395841224754,39.25186800878269],[-76.53958540643256,39.25186689325532],[-76.53958671576022,39.2518657958429],[-76.53958804930571,39.25186471564013],[-76.53958940705736,39.2518636544485],[-76.53959078786252,39.25186261136272],[-76.53959219287385,39.25186158728809],[-76.53959361862161,39.25186058131027],[-76.53959506740532,39.25185959614049],[-76.53959653923673,39.25185862997732],[-76.53959803063432,39.25185768370793],[-76.5395995439152,39.25185675734129],[-76.53960107675064,39.25185585266989],[-76.53960263031088,39.25185496789678],[-76.53960420342563,39.25185410481883],[-76.5396057949423,39.25185326253087],[-76.53960740601349,39.25185244193809],[-76.53960903431638,39.2518516439322],[-76.53961068102119,39.25185086671623],[-76.53961234379329,39.25185011298338],[-76.53961402380294,39.25184938093663],[-76.53961571987988,39.25184867237298],[-76.53961743087149,39.25184798638716],[-76.53961915677186,39.25184732387983],[-76.53962089873961,39.25184668485561],[-76.53962265329913,39.25184606930087],[-76.53962442160895,39.25184547722012],[-76.53962620366319,39.25184490951409],[-76.53962799715069,39.25184436527301],[-76.5396298032183,39.25184384630285],[-76.53963161956064,39.25184335079306],[-76.53963344732453,39.25184288054976],[-76.53963528535735,39.25184243466751],[-76.5396371336532,39.25184201404712],[-76.53963898990096,39.25184161777881],[-76.53964085640591,39.25184124767308],[-76.53964272970427,39.25184090191489],[-76.53964460979009,39.25184058140491],[-76.53964649781611,39.25184028704844],[-76.53964839147109,39.25184001793572],[-76.53965029191365,39.25183977407124],[-76.53964995316979,39.25183859272977],[-76.53964886522765,39.25183806691626],[-76.53964780065449,39.2518375105681],[-76.53964676290261,39.25183692730187],[-76.53964575082509,39.25183631531151],[-76.53964476672144,39.25183567730841],[-76.53964381175608,39.25183501239636],[-76.53964288707579,39.2518343223814],[-76.53964199499764,39.25183360727258],[-76.53964113435143,39.25183286886686],[-76.53964030744834,39.25183210807412],[-76.53963951428834,39.25183132489439],[-76.53963875717685,39.25183052113814],[-76.53963803611383,39.25182969680549],[-76.53963735339879,39.25182885460766],[-76.53963670787908,39.25182799363947],[-76.53963610070146,39.25182711570689],[-76.53963553417721,39.2518262217198],[-76.53963500713607,39.25182531347516],[-76.53963452188927,39.25182439188277],[-76.53963407727824,39.25182345693809],[-76.53963367444402,39.25182251134795],[-76.53963331454516,39.25182155511686],[-76.53963299757569,39.25182058914559],[-76.53963272467672,39.25181961614096],[-76.53963249469552,39.25181863519757],[-76.53963230876722,39.25181764992314],[-76.53963216689773,39.25181665941674],[-76.5396320690753,39.25181566548001],[-76.53963201644672,39.25181466991889],[-76.53963200784774,39.25181367362969],[-76.539632044431,39.2518126775176],[-76.53963212386775,39.25181168337509],[-76.53963224962769,39.25181069211654],[-76.5396324182353,39.25180970372833],[-76.53963263198423,39.25180872182253],[-76.53963288856323,39.2518077454893],[-76.5396331891192,39.25180677653468],[-76.53963353248199,39.25180581675565],[-76.53963391864561,39.2518048670529],[-76.53963434645162,39.25180392742201],[-76.53963481704101,39.25180300056966],[-76.53963532809675,39.2518020864868],[-76.53963587960129,39.25180118787571],[-76.53963647040199,39.25180030383104],[-76.53963710164562,39.25179943615891],[-76.53963777100344,39.25179858665165],[-76.53963847731707,39.25179775530475],[-76.53963922058054,39.25179694301901],[-76.53963999961783,39.25179615249206],[-76.53964081327628,39.25179538281867],[-76.53964166155008,39.25179463489955],[-76.53964254210456,39.25179391142787],[-76.53964345494566,39.25179321150287],[-76.5396443977388,39.25179253781776],[-76.53964537049566,39.25179188857101],[-76.53964637204017,39.25179126646031],[-76.53964740004947,39.25179067237734],[-76.53964845452941,39.25179010542138],[-76.53964953430392,39.25178956829012],[-76.5396506359033,39.25178906006914],[-76.5396517604803,39.25178858166382],[-76.53965290570606,39.2517881348665],[-76.53965407043387,39.2517877178711],[-76.53965525232908,39.25178733337093],[-76.53965645139176,39.25178698136587],[-76.53965766530482,39.25178666184685],[-76.53965889175126,39.25178637480484],[-76.53966013188379,39.25178612114507],[-76.53966138222093,39.25178590175469],[-76.53966264045152,39.2517857157239],[-76.5396639077283,39.25178556395795],[-76.53966517941713,39.25178544643865],[-76.53966645667651,39.25178536317055],[-76.53966773718948,39.25178531414461],[-76.53966901863315,39.25178530025251],[-76.53967029984896,39.25178532148967],[-76.53967157969009,39.25178537604999],[-76.53967285582198,39.25178546662671],[-76.53967412710367,39.25178559051305],[-76.53967539237078,39.25178574860518],[-76.53967664930046,39.25178594179479],[-76.53967789791018,39.25178616737957],[-76.53967913470692,39.25178642804821],[-76.53968106392576,39.25178639147396],[-76.53967952013262,39.25178434156626],[-76.53967854079053,39.2517829694517],[-76.53967759282196,39.25178158304776],[-76.53967667505664,39.25178018415134],[-76.5396757898058,39.25177877367238],[-76.53967493591097,39.25177735160629],[-76.53967411337791,39.25177591705233],[-76.53967332334766,39.25177447271727],[-76.53967256583185,39.2517730167996],[-76.53967184197157,39.25177155200618],[-76.53967114946136,39.2517700765264],[-76.53967049175928,39.25176859307609],[-76.53966986540152,39.25176709984016],[-76.539669273846,39.25176559953448],[-76.53966871594596,39.25176409035299],[-76.5396681916897,39.25176257409723],[-76.53966770222989,39.25176105167252],[-76.53966724641381,39.25175952217349],[-76.53966682423568,39.25175798650093],[-76.53966643684819,39.25175644556015],[-76.53966608424541,39.25175490025185],[-76.53966576643323,39.25175334967536],[-76.53966548339994,39.25175179563207],[-76.5396652351514,39.25175023722131],[-76.53966502167593,39.25174867624457],[-76.5396648441379,39.25174711180566],[-76.53966470020269,39.25174554659768],[-76.53966459219905,39.25174397882827],[-76.53966451896267,39.25174240939363],[-76.53966448164026,39.25174084009981],[-76.53966447907925,39.25173927004148],[-76.53966451127378,39.25173770011943],[-76.53966457937648,39.25173613123889],[-76.53966468107029,39.2517345633909],[-76.53966481982503,39.25173299748973],[-76.53966499217091,39.25173143262104],[-76.53966520040741,39.25172987149614],[-76.53966544338189,39.25172831320976],[-76.53966572109435,39.25172675776192],[-76.53966603353315,39.2517252069541],[-76.53966638069819,39.25172366078628],[-76.53966676259537,39.25172211835771],[-76.53966717804863,39.25172058236613],[-76.53966762938083,39.25171905191986],[-76.53966811426912,39.25171752791056],[-76.53966863270767,39.251716011239],[-76.53966918586082,39.25171450100893],[-76.5396697713998,39.25171299901283],[-76.53967039164749,39.25171150435894],[-76.53967104542794,39.25171001974507],[-76.53967173159424,39.25170854336511],[-76.53967245129908,39.2517070761244],[-76.5396732033781,39.25170561891913],[-76.53967398898396,39.25170417265456],[-76.53967480579966,39.25170273732163],[-76.53967565498365,39.25170131292489],[-76.53967653537167,39.25169990036049],[-76.53967744812215,39.25169849963307],[-76.53967839207075,39.25169711163878],[-76.53967936605892,39.25169573637307],[-76.53968037239207,39.25169437564657],[-76.53968140760635,39.25169302764409],[-76.53968247284857,39.25169169417168],[-76.53968356811865,39.25169037522941],[-76.53968469341082,39.25168907171797],[-76.53968584641387,39.25168778272752],[-76.53968702943315,39.25168651006869],[-76.53968824015163,39.25168525373234],[-76.53968947856931,39.2516840137185],[-76.53969074468039,39.25168279092793],[-76.5396920384848,39.25168158536059],[-76.53969335881823,39.25168039791278],[-76.5396947056806,39.25167922858437],[-76.53969607791933,39.25167807647009],[-76.53969747667536,39.25167694427685],[-76.53969889963756,39.2516758310947],[-76.53970034796436,39.25167473692822],[-76.53970182049143,39.25167366267364],[-76.53970331721878,39.25167260833091],[-76.53970483582358,39.25167157479171],[-76.53970637862862,39.25167056116441],[-76.5397079444638,39.25166956924589],[-76.53970953101199,39.2516685990272],[-76.53971113943756,39.25166764961195],[-76.53971276857037,39.25166672279726],[-76.53971441957478,39.25166581768681],[-76.53971608896931,39.25166493516784],[-76.53971777906526,39.25166407615004],[-76.53971948755139,39.25166323972371],[-76.53972121442774,39.25166242588877],[-76.53972295968252,39.25166163644671],[-76.539724722169,39.25166086959153],[-76.53972650071113,39.25166012802091],[-76.53972829647903,39.25165940993794],[-76.53973010830846,39.25165871623873],[-76.53973193503496,39.25165804781964],[-76.53973377666449,39.25165740377977],[-76.53973563203843,39.25165678411464],[-76.53973750114515,39.25165619062574],[-76.53973938283195,39.25165562240782],[-76.53974127825734,39.25165507946533],[-76.53974318509852,39.25165456269005],[-76.53974510220273,39.25165407117662],[-76.53974703072268,39.25165360583033],[-76.53974896949988,39.25165316664665],[-76.53975091736997,39.25165275452176],[-76.53975287434457,39.25165236765422],[-76.53975484040623,39.25165200874626],[-76.53975599210335,39.25165181418988],[-76.53975476528312,39.25165037264698],[-76.53975378616563,39.25164968061789],[-76.53975283965597,39.25164896259422],[-76.53975192459565,39.25164821857134],[-76.53975104328413,39.25164745126065],[-76.53975019804436,39.25164665977046],[-76.53974938770027,39.2516458467985],[-76.53974861457473,39.25164501145308],[-76.5397478786502,39.25164415643645],[-76.53974718224372,39.25164328175772],[-76.53974652534947,39.25164238831768],[-76.53974590911427,39.25164147792228],[-76.53974533353222,39.2516405514723],[-76.53974479975606,39.25163960987304],[-76.53974430777419,39.25163865492605],[-76.53974385990344,39.25163768664031],[-76.53974345496792,39.25163670771366],[-76.53974309413194,39.25163571724979],[-76.53974277853642,39.25163471795556],[-76.53974250701128,39.25163371162785],[-76.53974228187933,39.25163269737508],[-76.53974210080023,39.2516316787911],[-76.53974196609674,39.25163065498432],[-76.53974187775145,39.25162962865688],[-76.53974183460576,39.25162859980436],[-76.53974183780068,39.25162757113345],[-76.53974188733039,39.25162654354497],[-76.53974198319487,39.25162551703892],[-76.53974212421811,39.25162449431296],[-76.53974231040004,39.25162347536715],[-76.53974254288174,39.25162246290819],[-76.53974282050461,39.25162145693166],[-76.53974314325703,39.25162045923897],[-76.53974350997458,39.25161947072635],[-76.53974392065149,39.25161849229459],[-76.53974437527602,39.25161752574517],[-76.53974487267799,39.25161657287499],[-76.53974541285737,39.25161563368415],[-76.53974599349135,39.25161470906421],[-76.53974661572084,39.25161380172207],[-76.53974727839326,39.25161291075238],[-76.53974798149105,39.2516120388574],[-76.5397487215386,39.25161118602348],[-76.53974950084131,39.25161035406125],[-76.53975031591779,39.25160954385778],[-76.5397511667622,39.25160875631389],[-76.53975205221606,39.25160799142498],[-76.53975297226179,39.25160725189335],[-76.53975392342971,39.25160653680457],[-76.53975490686078,39.25160584886549],[-76.53975592024385,39.25160518716619],[-76.53975696356724,39.25160455350827],[-76.53975803334956,39.25160394877879],[-76.5397591307493,39.25160337298231],[-76.53976025227924,39.25160282790673],[-76.53976139794527,39.25160231265125],[-76.53976256541861,39.25160182900836],[-76.53976375469929,39.25160137697798],[-76.53976496345862,39.25160095835259],[-76.53976618939124,39.25160057132152],[-76.53976743247962,39.25160021858714],[-76.53976869040673,39.25159990014029],[-76.53976996201993,39.25159961507569],[-76.53977124499627,39.25159936428502],[-76.53977253932418,39.25159914956977],[-76.53977384153968,39.25159896911483],[-76.53977515163704,39.25159882382093],[-76.53977646845189,39.2515987145843],[-76.53977778735593,39.25159864048601],[-76.53977910949607,39.25159860333211],[-76.53978043373129,39.25159860041578],[-76.53978175541002,39.25159863442117],[-76.53978307570247,39.25159870355123],[-76.5397843922857,39.2515988086977],[-76.53978570284281,39.25159894985146],[-76.53978830242622,39.25159933656436],[-76.53978734979465,39.25159795464678],[-76.53978642737214,39.25159655933603],[-76.53978553746404,39.25159515244266],[-76.53978467891176,39.25159373396213],[-76.53978385171537,39.25159230389443],[-76.53978305702749,39.25159086314486],[-76.5397822936955,39.25158941080814],[-76.53978156401881,39.2515879495956],[-76.53978086568635,39.25158647859741],[-76.53978020101512,39.25158499782264],[-76.53977956999921,39.25158350817207],[-76.53977897146844,39.25158201144264],[-76.5397784065931,39.25158050583735],[-76.53977787536139,39.2515789931578],[-76.53977737893189,39.2515774734084],[-76.53977691498164,39.25157594748096],[-76.53977648582777,39.2515744153845],[-76.53977609147029,39.25157287711895],[-76.53977573073892,39.25157133448139],[-76.53977540479219,39.2515697874763],[-76.53977511363595,39.25156823520294],[-76.5397748560942,39.25156668035903],[-76.53977463448975,39.25156512205285],[-76.5397744465056,39.25156356027539],[-76.53977429444707,39.25156199683718],[-76.53977417715568,39.25156043173372],[-76.53977409463138,39.25155886496496],[-76.53977404686837,39.25155729743175],[-76.53977403386664,39.25155572913397],[-76.53977405562031,39.25155416097245],[-76.53977411328209,39.25155259385241],[-76.53977420569346,39.2515510277694],[-76.53977433285439,39.25154946272337],[-76.53977449475913,39.25154789961502],[-76.53977469140756,39.25154633844446],[-76.53977492278801,39.25154478101312],[-76.53977519006493,39.2515432264248],[-76.53977549090949,39.25154167647194],[-76.53977582648611,39.25154013025831],[-76.53977619563042,39.25153858868008],[-76.53977660065367,39.25153705264717],[-76.53977703923866,39.25153552215048],[-76.53977751138555,39.2515339971899],[-76.53977801824112,39.25153247957167],[-76.53977855864682,39.25153096929103],[-76.53977913260852,39.25152946544738],[-76.53977974010871,39.25152797074293],[-76.53978038000051,39.25152648337161],[-76.53978105342496,39.25152500604022],[-76.53978176039368,39.25152353694728],[-76.53978249973656,39.25152207788979],[-76.5397832714535,39.25152062886769],[-76.53978407553876,39.25151919078169],[-76.53978491082792,39.25151776452808],[-76.53978577849115,39.2515163483099],[-76.53978667735245,39.25151494482475],[-76.53978760741765,39.25151355317202],[-76.53978856867514,39.25151217515314],[-76.53978955997212,39.25151080986281],[-76.53979058246715,39.25150945730562],[-76.53979163382573,39.25150812017466],[-76.53979271637651,39.25150679667764],[-76.53979382663815,39.25150548770149],[-76.53979496692179,39.25150419415622],[-76.53979613606893,39.25150291603725],[-76.53979733291526,39.25150165424069],[-76.53979855746074,39.25150040876667],[-76.53979980970536,39.2514991796151],[-76.53980108964328,39.25149796768675],[-76.539802396116,39.25149677297713],[-76.53980373027618,39.25149559639146],[-76.53980508864834,39.25149443791614],[-76.53980647354356,39.25149329846102],[-76.53980788380925,39.25149217712079],[-76.53980931828106,39.25149107479165],[-76.5398107781116,39.25148999237894],[-76.53981226098388,39.25148892987355],[-76.53981376689791,39.25148788727543],[-76.53981529700631,39.25148686548992],[-76.53981684899213,39.25148586450791],[-76.53981842401384,39.251484884334],[-76.53982001974856,39.25148392585979],[-76.53982163620221,39.25148298818458],[-76.5398232745215,39.25148207311436],[-76.53982493238952,39.2514811806401],[-76.53982660981201,39.25148030986102],[-76.53982830677738,39.25147946257864],[-76.5398300221329,39.25147863788759],[-76.53983175471424,39.2514778366842],[-76.53983350683849,39.25147705897748],[-76.53983527502999,39.25147630475381],[-76.53983705928877,39.25147557401318],[-76.53983885960324,39.25147486855715],[-76.53984067598499,39.25147418658418],[-76.5398425072639,39.25147352989119],[-76.53984435344569,39.25147289757747],[-76.53984621221348,39.25147228963394],[-76.53984808471405,39.25147170786665],[-76.5398499709532,39.25147115137481],[-76.53985186745545,39.25147062014486],[-76.53985377653778,39.25147011418581],[-76.53985569703588,39.25146963439392],[-76.53985762779121,39.25146918076465],[-76.53985956764528,39.25146875329342],[-76.53986151776243,39.25146835108401],[-76.53986347581397,39.25146797592892],[-76.53986544179995,39.25146762782805],[-76.53986741573193,39.25146730497999],[-76.53986939643396,39.25146701008242],[-76.53986926964124,39.25146565932588],[-76.53986825042914,39.25146507613422],[-76.53986725803804,39.25146446602439],[-76.53986629362649,39.25146382900103],[-76.53986535834704,39.2514631659694],[-76.53986445334667,39.25146247873549],[-76.53986357978383,39.25146176730392],[-76.53986273881701,39.25146103167923],[-76.53986193042874,39.25146027456364],[-76.53986115693597,39.25145949596623],[-76.53986041833296,39.25145869678774],[-76.53985971692497,39.25145787883874],[-76.53985905155935,39.251457041214],[-76.53985842453561,39.25145618662485],[-76.53985783584798,39.25145531597199],[-76.53985728665485,39.25145442925996],[-76.53985677810313,39.25145352829485],[-76.53985631018109,39.25145261487815],[-76.53985588288879,39.25145168900983],[-76.53985549737888,39.25145075159521],[-76.53985515363964,39.25144980443577],[-76.53985485281797,39.25144884933756],[-76.53985459607814,39.2514478854044],[-76.53985438107983,39.25144691623018],[-76.53985421014588,39.2514459409232],[-76.53985408325873,39.25144496218581],[-76.5398540004126,39.25144398091866],[-76.53985396044897,39.25144299711727],[-76.53985396566731,39.25144201349291],[-76.53985401490912,39.25144103004114],[-76.53985410815687,39.25144004946414],[-76.53985424425794,39.25143907085663],[-76.53985442551175,39.25143809692992],[-76.53985464959553,39.25143712857574],[-76.53985491649748,39.25143616759554],[-76.53985522622355,39.25143521308856],[-76.53985557875028,39.25143426865788],[-76.53985597408361,39.25143333340267],[-76.53985640988891,39.25143241001612],[-76.5398568873189,39.25143149940354],[-76.53985740521509,39.2514306015604],[-76.53985796356574,39.25142971828816],[-76.53985856004802,39.25142885047848],[-76.53985919580872,39.2514279999375],[-76.53985986968937,39.25142716666053],[-76.53986057936122,39.25142635244011],[-76.53986132597701,39.2514255581815],[-76.53986210721969,39.25142478387558],[-76.53986292191317,39.25142403222012],[-76.5398637712219,39.25142330231887],[-76.5398646516586,39.25142259595972],[-76.53986556322324,39.25142191314264],[-76.5398665058984,39.25142125656996],[-76.53986747621431,39.25142062532721],[-76.53986847415931,39.25142002121598],[-76.53986949973343,39.25141944423621],[-76.53987054945526,39.25141889527504],[-76.53987162332477,39.25141837433248],[-76.53987272016599,39.25141788410621],[-76.53987383883202,39.25141742279024],[-76.53987497582993,39.25141699307321],[-76.53987613232975,39.25141659315808],[-76.53987730715561,39.25141622574262],[-76.5398784956792,39.25141588990791],[-76.53987970021171,39.25141558656375],[-76.53988091611328,39.25141531659282],[-76.5398821445483,39.25141507909877],[-76.53988338203528,39.25141487496884],[-76.5398846285744,39.25141470420299],[-76.53988588184264,39.25141456769288],[-76.53988714068151,39.25141446543404],[-76.53988840277992,39.25141439651651],[-76.53988966696762,39.25141436273736],[-76.53989093209775,39.2514143622905],[-76.5398921970002,39.25141439697292],[-76.53989345936957,39.25141446497403],[-76.53989471804145,39.25141456719005],[-76.53989597069315,39.2514147045126],[-76.53989721734203,39.25141487423943],[-76.53989845565359,39.2514150790638],[-76.53989968332843,39.2514153162743],[-76.53990150300523,39.25141573415787],[-76.53990049971709,39.25141448175408],[-76.5398995231624,39.25141321594339],[-76.53989857565223,39.25141193763567],[-76.53989765718664,39.25141064683099],[-76.53989676776567,39.25140934352923],[-76.53989590738925,39.25140802773051],[-76.53989507604577,39.25140670123621],[-76.53989427489364,39.25140536405097],[-76.53989350278026,39.25140401526943],[-76.53989276201098,39.25140265670226],[-76.53989205142142,39.25140128924559],[-76.53989137102327,39.25139991109793],[-76.53989072195748,39.25139852496612],[-76.53989010422995,39.25139712994935],[-76.53988951668217,39.25139572604312],[-76.53988896161941,39.25139431505799],[-76.53988843788322,39.25139289698942],[-76.53988794547355,39.25139147183746],[-76.53988748438459,39.25139004050279],[-76.53988705693338,39.25138860299452],[-76.53988666080288,39.25138715930361],[-76.53988629713992,39.25138571123604],[-76.53988596478594,39.2513842587873],[-76.53988566606392,39.2513828010657],[-76.53988539980351,39.25138133986823],[-76.53988516599897,39.25137987609563],[-76.53988496465615,39.25137840884713],[-76.53988479692765,39.25137693902806],[-76.53988466165499,39.25137546663384],[-76.53988455882651,39.251373993466],[-76.53988448960656,39.25137251862831],[-76.53988445282491,39.25137104391775],[-76.53988444849324,39.25136956753281],[-76.53988447775261,39.25136809218028],[-76.53988454060288,39.25136661786014],[-76.53988463589155,39.25136514366714],[-76.53988476360679,39.25136367140275],[-76.53988492374867,39.25136220106704],[-76.53988511746989,39.25136073356516],[-76.5398853436177,39.25135926799194],[-76.53988560333897,39.25135780615336],[-76.53988589431663,39.25135634804036],[-76.53988621886195,39.25135489456282],[-76.53988657466371,39.25135344481083],[-76.5398869640272,39.25135200059501],[-76.53988738463543,39.25135056190629],[-76.53988783764694,39.25134912874915],[-76.53988832305585,39.25134770202443],[-76.53988883969788,39.25134628262828],[-76.53988938757873,39.25134486965995],[-76.53988996784535,39.25134346492545],[-76.53989057934503,39.25134206751957],[-76.53989122090752,39.25134067923927],[-76.53989189485581,39.25133929919278],[-76.53989259770256,39.25133792916807],[-76.53989333292921,39.25133656827803],[-76.5398940970544,39.25133521740967],[-76.53989489123073,39.25133387746838],[-76.53989571545826,39.25133254845414],[-76.53989656973111,39.25133123126767],[-76.53989745289661,39.25132992500369],[-76.53989836494898,39.25132863056299],[-76.53989930588229,39.25132734884626],[-76.53990027569077,39.25132608075433],[-76.53990127322173,39.25132482538182],[-76.5399022984693,39.25132358362951],[-76.53990335142771,39.25132235639816],[-76.53990443210269,39.25132114278706],[-76.53990553932417,39.25131994459312],[-76.53990667309786,39.25131876091559],[-76.53990783341223,39.25131759355592],[-76.5399090191145,39.25131644160897],[-76.53991023136315,39.25131530507914],[-76.53991146782958,39.25131418575891],[-76.53991272851381,39.25131308364822],[-76.53991401458008,39.25131199785093],[-76.53991532485824,39.25131093016398],[-76.5399166581898,39.25130988058282],[-76.53991801573328,39.25130884911201],[-76.53991939517159,39.25130783574244],[-76.53992079649899,39.25130684137488],[-76.53992222087976,39.2513058651131],[-76.53992366713793,39.25130490965483],[-76.53992513296805,39.25130397318949],[-76.53992662068143,39.2513030566269],[-76.53992812796096,39.25130215995794],[-76.53992965595937,39.25130128408799],[-76.53993120235963,39.25130042900791],[-76.53993276831439,39.251299595623],[-76.53993435267678,39.2512987821272],[-76.5399359542709,39.25129799121827],[-76.53993757310829,39.25129722109465],[-76.53993920917733,39.25129647355787],[-76.53994086247808,39.25129574860796],[-76.53994253069924,39.25129504533504],[-76.53994421499358,39.2512943646444],[-76.53994591419675,39.25129370743229],[-76.53994762715601,39.25129307279341],[-76.53994935502406,39.25129246163299],[-76.53995109548389,39.25129187394202],[-76.53995284969403,39.25129130972503],[-76.53995461533745,39.25129076897291],[-76.53995639240831,39.25129025258642],[-76.53995818207099,39.25128975966939],[-76.53995998200257,39.25128929111344],[-76.53996179220304,39.25128884691858],[-76.53996361150814,39.25128842798105],[-76.53996543992953,39.2512880324993],[-76.5399672774555,39.25128766227485],[-76.53996912176905,39.25128731729865],[-76.53996827876709,39.25128618082242],[-76.53996748688563,39.2512850220271],[-76.53996674611287,39.2512838427143],[-76.53996605991853,39.25128264379823],[-76.53996542597393,39.25128142707148],[-76.53996484774297,39.25128019434909],[-76.53996432405532,39.25127894742803],[-76.5399638572281,39.25127768631732],[-76.53996344609115,39.25127641281404],[-76.53996309177953,39.25127513052566],[-76.53996279545761,39.25127383855598],[-76.53996255711375,39.25127253870654],[-76.53996237672457,39.25127123458025],[-76.53996225429592,39.25126992527643],[-76.53996218980441,39.25126861439808],[-76.53996218440862,39.25126730194972],[-76.53996223809091,39.25126599063366],[-76.5399623496929,39.25126468044527],[-76.53996251919115,39.25126337498762],[-76.53996274773836,39.25126207516596],[-76.53996303301162,39.25126078187197],[-76.53996337615786,39.25125949691172],[-76.53996377716531,39.25125822208667],[-76.53996423371115,39.25125695828854],[-76.53996474693631,39.25125570822404],[-76.53996531451803,39.25125447278499],[-76.53996593760893,39.2512532528765],[-76.53996661503301,39.25125205119638],[-76.53996734563172,39.25125086774007],[-76.53996812822901,39.25124970520531],[-76.53996896166059,39.25124856448825],[-76.53996984707911,39.25124744649428],[-76.53997077983304,39.2512463539074],[-76.53997176224516,39.25124528583592],[-76.53997279081669,39.25124424586935],[-76.53997386554755,39.25124323400758],[-76.53997498411492,39.25124225114229],[-76.53997614650126,39.25124129997577],[-76.53997735038959,39.25124038049895],[-76.53997859461556,39.25123949360798],[-76.53997987800889,39.25123864109985],[-76.53998119825273,39.25123782296549],[-76.5399825541709,39.25123704190265],[-76.53998394345228,39.25123629700141],[-76.53998536607941,39.25123559096407],[-76.53998681858255,39.25123492287631],[-76.53998830095004,39.25123429453954],[-76.53998980970047,39.25123370684093],[-76.53999134367538,39.25123315977593],[-76.53999290171042,39.25123265424083],[-76.53999448032422,39.25123219112264],[-76.53999607951097,39.25123177132217],[-76.53999769580096,39.25123139392505],[-76.53999932917667,39.25123106163354],[-76.54000097501573,39.25123077262798],[-76.54000263331237,39.2512305278091],[-76.54000430173785,39.25123032896933],[-76.54000597798681,39.25123017429811],[-76.54000765973061,39.25123006558786],[-76.54000934581653,39.25123000193329],[-76.54001103392763,39.25122998332525],[-76.5400127205825,39.251230010651],[-76.54001440578695,39.25123008300971],[-76.54001608721816,39.25123020129305],[-76.54001504344706,39.25122893882302],[-76.54001402757943,39.25122766114916],[-76.54001304075625,39.25122637097824],[-76.54001208182494,39.25122506740502],[-76.54001115425511,39.25122375134379],[-76.5400102545771,39.25122242188021],[-76.5400093862489,39.25122108173017],[-76.54000854696515,39.2512197290831],[-76.54000773787278,39.25121836574499],[-76.54000696013019,39.25121699172045],[-76.54000621373744,39.25121560700941],[-76.54000549753013,39.25121421250816],[-76.54000481382535,39.25121280822567],[-76.54000416029432,39.25121139595448],[-76.54000353926578,39.25120997390207],[-76.54000294956955,39.25120854386549],[-76.54000239235828,39.25120710675001],[-76.54000186763781,39.25120566165479],[-76.54000137539647,39.25120421038145],[-76.54000091564014,39.25120275202918],[-76.54000048836288,39.2512012874987],[-76.54000009471744,39.25119981769542],[-76.53999973354526,39.25119834261466],[-76.53999940484049,39.25119686315725],[-76.53999910976169,39.25119537932773],[-76.53999884830303,39.25119389202681],[-76.53999861930592,39.25119240124997],[-76.53999842508165,39.25119090790709],[-76.53999826331889,39.25118941108827],[-76.5399981351588,39.25118791350029],[-76.53999804061293,39.25118641334173],[-76.53999797966375,39.25118491331479],[-76.53999795232308,39.25118341161796],[-76.53999795857909,39.25118191005277],[-76.53999799958453,39.25118040952451],[-76.53999807302816,39.25117890912333],[-76.53999818006277,39.2511774097545],[-76.53999832068239,39.25117591231883],[-76.53999849488702,39.25117441681628],[-76.53999870267089,39.25117292414763],[-76.53999894402814,39.25117143521359],[-76.53999921896462,39.25116994911342],[-76.53999952631595,39.25116846674333],[-76.53999986723481,39.25116698900866],[-76.54000024056268,39.25116551590481],[-76.54000064745225,39.25116404833709],[-76.54000108790348,39.25116258630551],[-76.54000155959356,39.25116113070173],[-76.54000206483948,39.25115968153483],[-76.54000260132426,39.25115823879573],[-76.54000317135318,39.25115680429501],[-76.54000377260923,39.25115537802358],[-76.54000440625674,39.25115395908526],[-76.54000507111979,39.25115255017776],[-76.54000576720998,39.25115114949952],[-76.54000649567411,39.25114975885666],[-76.54000725419522,39.25114837824003],[-76.54000804393178,39.25114700765423],[-76.54000886371362,39.2511456488962],[-76.54000971470509,39.25114430106968],[-76.54001059458913,39.25114296416567],[-76.54001150451268,39.25114163999015],[-76.54001244447562,39.25114032854313],[-76.54001341331947,39.25113902982012],[-76.54001441219697,39.25113774472636],[-76.54001543879099,39.25113647325276],[-76.54001649310163,39.25113521539936],[-76.5400175762815,39.25113397207142],[-76.54001868716625,39.25113274416518],[-76.54001982460331,39.25113153077534],[-76.54002098973936,39.25113033370791],[-76.54002218142186,39.25112915205762],[-76.54002339848637,39.25112798672068],[-76.54002464208557,39.2511268386024],[-76.54002591222536,39.25112570680199],[-76.54002720657701,39.2511245931119],[-76.5400285251464,39.25112349663136],[-76.54002986908613,39.2511224182657],[-76.54003123607922,39.2511213580058],[-76.54003262727831,39.25112031675697],[-76.54003404152492,39.25111929451464],[-76.54003547881908,39.25111829127884],[-76.54003693799639,39.25111730794577],[-76.54003841790427,39.25111634361015],[-76.54003992084209,39.25111540098328],[-76.54004144335192,39.25111447734935],[-76.54004298773332,39.25111357541959],[-76.54004455051647,39.25111269427974],[-76.54004613401261,39.25111183483958],[-76.54004773591059,39.25111099618928],[-76.54004935619874,39.25111018013033],[-76.54005099488286,39.25110938576201],[-76.54005265080444,39.25110861307974],[-76.54005432395186,39.25110786388506],[-76.5400560143309,39.2511071372772],[-76.54005771962457,39.25110643324706],[-76.54005944098553,39.25110575269995],[-76.5400611772553,39.2511050956314],[-76.54006292727537,39.25110446203673],[-76.54006469220425,39.2511038519206],[-76.54006646971906,39.25110326617461],[-76.54006826098416,39.25110270390258],[-76.5400700636709,39.25110216689693],[-76.54007187894358,39.25110165426144],[-76.54007370448517,39.25110116598704],[-76.54007554145427,39.2511007020783],[-76.54007738868059,39.25110026433207],[-76.54007924501738,39.25109985094244],[-76.54008111045877,39.25109946281011],[-76.54008298384626,39.25109909993054],[-76.54008486517984,39.25109876230371],[-76.54008675445957,39.25109844992963],[-76.54008865052101,39.25109816370457],[-76.54009055221158,39.25109790272313],[-76.5400924595254,39.25109766788619],[-76.54009437130394,39.2510974591891],[-76.54009628755313,39.25109727573115],[-76.540093916335,39.25109615578895],[-76.54009276984823,39.25109554777973],[-76.54009165136988,39.25109490835307],[-76.54009056204103,39.25109424021584],[-76.54008950302597,39.25109354247181],[-76.54008847663005,39.25109281693157],[-76.54008748285329,39.25109206359513],[-76.54008652400681,39.25109128337225],[-76.54008560007904,39.25109047806453],[-76.54008471338689,39.25108964768094],[-76.54008386391291,39.25108879492386],[-76.54008305397994,39.25108791890148],[-76.54008228357627,39.25108702141541],[-76.54008155385458,39.25108610337088],[-76.54008086480329,39.25108516656943],[-76.54008021989192,39.2510842119254],[-76.54007961680357,39.2510832394297],[-76.54007905783773,39.2510822517937],[-76.54007854414702,39.25108124992266],[-76.54007807573149,39.25108023381662],[-76.54007765257361,39.25107920617778],[-76.54007727582605,39.25107816791145],[-76.54007694548297,39.25107711991839],[-76.54007666385552,39.25107606310847],[-76.54007642860917,39.25107500017474],[-76.54007624090833,39.2510739302211],[-76.54007610188809,39.25107285685505],[-76.54007601039001,39.2510717800721],[-76.54007596871932,39.25107070168274],[-76.54007597455328,39.25106962257872],[-76.54007602788013,39.25106854456151],[-76.54007613101111,39.25106746854092],[-76.54007628161746,39.25106639630943],[-76.54007647969921,39.25106532786697],[-76.54007672639744,39.25106426592038],[-76.54007702054766,39.25106321136588],[-76.54007736213829,39.25106216600491],[-76.54007774885227,39.25106112982848],[-76.54007818299496,39.25106010464709],[-76.54007866339614,39.25105909225778],[-76.54007918773303,39.25105809355213],[-76.54007975715825,39.25105710943548],[-76.54008037050745,39.25105614080405],[-76.54008102660464,39.25105519035554],[-76.54008172429131,39.25105425808543],[-76.54008246356162,39.25105334489444],[-76.54008324440383,39.25105245258408],[-76.5400840644952,39.25105158204603],[-76.54008492267135,39.25105073417652],[-76.54008581776787,39.25104990987171],[-76.54008674977318,39.25104911093316],[-76.54008771753455,39.25104833645555],[-76.54008871987014,39.25104759003732],[-76.54008975331027,39.25104687076418],[-76.54009082016613,39.25104617954588],[-76.54009191579203,39.25104551816581],[-76.54009304134644,39.25104488662848],[-76.54009419450067,39.25104428672635],[-76.54009537410215,39.25104371755408],[-76.54009657782204,39.25104318090415],[-76.54009780565464,39.2510426776773],[-76.54009905528288,39.2510422078644],[-76.5401003243897,39.25104177145642],[-76.54010161295771,39.25104137115559],[-76.54010291868148,39.25104100515136],[-76.54010423923825,39.25104067433544],[-76.54010557462209,39.25104037960846],[-76.54010692251016,39.25104012186219],[-76.5401082805855,39.25103990108756],[-76.54010964769547,39.25103971637921],[-76.54011102266978,39.25103956953415],[-76.54011240319737,39.25103945964258],[-76.54011378811383,39.25103938760063],[-76.54011517510803,39.25103935249854],[-76.54011656301562,39.25103935523251],[-76.54011794951957,39.25103939579346],[-76.54011933346143,39.25103947417686],[-76.54012071368844,39.25103958947742],[-76.54012208671928,39.25103974258226],[-76.54012345371839,39.25103993259521],[-76.54012481005161,39.25104015949805],[-76.54012615571905,39.25104042329082],[-76.54012800996767,39.25104086832958],[-76.5401267355377,39.25103855015102],[-76.54012574166489,39.25103727526653],[-76.5401247768423,39.25103598698421],[-76.54012384106994,39.25103468530406],[-76.54012293433613,39.25103337202759],[-76.54012205664669,39.25103204625402],[-76.54012121031867,39.25103070799241],[-76.5401203930175,39.25102935993604],[-76.54011960591338,39.25102800028787],[-76.54011885015898,39.25102662995319],[-76.54011812458995,39.25102524982826],[-76.5401174303648,39.25102385991753],[-76.54011676631922,39.2510224611173],[-76.54011613477014,39.25102105343663],[-76.54011553455327,39.25101963777168],[-76.54011496683296,39.25101821322632],[-76.54011443043318,39.25101678249822],[-76.54011392652409,39.25101534379036],[-76.540113455094,39.25101389890434],[-76.5401130149903,39.2510124469348],[-76.54011260851249,39.25101099059313],[-76.54011223451363,39.25100952807327],[-76.54011189298215,39.25100806117668],[-76.54011158507653,39.25100658990794],[-76.54011130963828,39.25100511426251],[-76.54011106666147,39.25100363514115],[-76.5401108584574,39.25100215345363],[-76.5401106827148,39.25100066829018],[-76.54011053942202,39.25099918145232],[-76.54011043089611,39.25099769294903],[-76.54011035481417,39.25099620367211],[-76.54011031234053,39.25099471272527],[-76.54011030346355,39.25099322190997],[-76.54011032702473,39.25099173122177],[-76.54011038534104,39.25099024066971],[-76.54011047608383,39.25098875204623],[-76.54011060042329,39.25098726355429],[-76.54011075834184,39.25098577789621],[-76.54011094983957,39.25098429507203],[-76.54011117376371,39.25098281417633],[-76.54011143126698,39.25098133611454],[-76.54011172117923,39.25097986268353],[-76.54011204466474,39.25097839298715],[-76.54011240171769,39.25097692792608],[-76.54011279001524,39.25097546839203],[-76.54011321187443,39.25097401439412],[-76.54011366613669,39.25097256592773],[-76.54011415279618,39.25097112389371],[-76.54011467185298,39.25096968829194],[-76.54011522214267,39.25096826001871],[-76.540115804818,39.25096683997931],[-76.54011641988465,39.25096542727295],[-76.54011706617261,39.25096402369662],[-76.54011774368179,39.25096262925032],[-76.54011845241222,39.25096124393404],[-76.54011919120536,39.25095986774323],[-76.54011996120806,39.25095850248393],[-76.54012076242034,39.25095714815622],[-76.54012159368366,39.25095580475541],[-76.54012245383952,39.25095447227712],[-76.54012334519913,39.25095315163106],[-76.5401242654396,39.25095184370897],[-76.5401252145609,39.25095054851077],[-76.54012619256311,39.25094926603659],[-76.54012719944038,39.25094799718708],[-76.54012823403411,39.25094674195769],[-76.54012929633858,39.25094550124923],[-76.54013038751221,39.25094427506625],[-76.54013150523809,39.2509430633996],[-76.54013265066875,39.2509418671546],[-76.54013382148146,39.25094068722296],[-76.5401350188405,39.25093952270844],[-76.54013624274006,39.25093837451175],[-76.54013749201577,39.25093724352914],[-76.54013876666767,39.25093612976065],[-76.54014006553722,39.25093503320165],[-76.54014138862446,39.25093395385221],[-76.54014273591768,39.25093289351385],[-76.54014410742272,39.25093185128573],[-76.54014550198109,39.25093082716336],[-76.54014691842261,39.25092982294371],[-76.54014835791163,39.25092883773056],[-76.54014981813111,39.25092787151486],[-76.54015130138642,39.25092692610713],[-76.54015280420791,39.25092600059303],[-76.54015432774813,39.25092509587788],[-76.54015587201303,39.25092421106091],[-76.54015743583246,39.25092334793903],[-76.54015901804782,39.25092250650778],[-76.54016061982347,39.2509216858709],[-76.54016223883072,39.25092088782083],[-76.54016387507554,39.25092011145684],[-76.54016552971622,39.25091935678341],[-76.54016720042429,39.25091862559303],[-76.54016888721127,39.25091791608417],[-76.5401705900597,39.25091723095903],[-76.54017230782866,39.25091656751093],[-76.54017403934203,39.25091592843748],[-76.54017578576421,39.25091531284253],[-76.54017754593666,39.25091472072155],[-76.54017931870092,39.25091415206992],[-76.54018110405114,39.25091360778849],[-76.54018290082298,39.2509130887734],[-76.54018471018665,39.2509125932277],[-76.54018652981922,39.25091212204312],[-76.54018835855641,39.25091167611579],[-76.54019019872111,39.25091125455413],[-76.54019204683186,39.25091085824517],[-76.54019390404727,39.25091048719356],[-76.54019576920879,39.25091014139466],[-76.54019764231643,39.25090982084853],[-76.54019952105322,39.25090952554604],[-76.54020140773613,39.25090925549635],[-76.54020329888381,39.25090901158652],[-76.54020519566059,39.2509087929204],[-76.54020709690218,39.25090860039414],[-76.5402090026144,39.25090843310705],[-76.54020655127999,39.25090716242408],[-76.54020537053037,39.25090647861671],[-76.54020422010605,39.25090576340103],[-76.54020310232406,39.25090501678607],[-76.54020201948981,39.25090424058242],[-76.54020097159739,39.25090343569083],[-76.54019996095801,39.25090260302117],[-76.54019898756586,39.25090174347412],[-76.54019805373204,39.25090085795954],[-76.54019715945077,39.25089994737821],[-76.54019630702737,39.25089901354068],[-76.54019549645596,39.25089805734771],[-76.5401947288893,39.25089707970454],[-76.54019400663854,39.25089608152107],[-76.54019332853339,39.25089506459421],[-76.54019269688516,39.25089402983384],[-76.54019211284061,39.25089297904594],[-76.54019157524125,39.250891912226],[-76.54019108522812,39.25089083208084],[-76.5401906451123,39.2508897395202],[-76.54019025372952,39.25088863544043],[-76.54018991106805,39.25088752164288],[-76.54018961943915,39.2508863990375],[-76.54018937767842,39.25088526852043],[-76.54018918808534,39.25088413280302],[-76.54018904833708,39.25088299277696],[-76.5401889595863,39.25088184934753],[-76.5401889218155,39.25088070521694],[-76.54018893618907,39.25087955948907],[-76.54018900152508,39.25087841576229],[-76.54018911782354,39.25087727403665],[-76.54018928623135,39.25087613611819],[-76.54018950442557,39.25087500289855],[-76.54018977354727,39.25087387708457],[-76.5401900924321,39.25087275957242],[-76.54019046223846,39.25087165036666],[-76.54019088063201,39.25087055216046],[-76.54019134760678,39.25086946585461],[-76.54019186315111,39.25086839325052],[-76.54019242725927,39.25086733524908],[-76.54019303760828,39.2508662927418],[-76.54019369418069,39.25086526843102],[-76.54019439698233,39.25086426141601],[-76.54019514367872,39.25086327438989],[-76.54019593542246,39.25086230825801],[-76.54019676873227,39.25086136390745],[-76.54019764360228,39.25086044223902],[-76.540198560015,39.25085954595492],[-76.5401995156592,39.25085867414536],[-76.54020051051744,39.25085782951251],[-76.54020154112008,39.25085701114216],[-76.5402026086022,39.25085622264169],[-76.54020371065849,39.25085546220062],[-76.54020484611291,39.25085473251664],[-76.5402060138012,39.25085403448595],[-76.54020721140631,39.25085336809951],[-76.54020843892242,39.25085273425803],[-76.5402096940208,39.25085213475396],[-76.54021097439039,39.25085156867748],[-76.54021228001942,39.2508510378301],[-76.54021360858509,39.25085054310341],[-76.54021495777037,39.25085008448846],[-76.5402163275695,39.25084966288592],[-76.54021771450687,39.2508492782822],[-76.54021911857673,39.25084893157806],[-76.54022053746201,39.25084862276442],[-76.54022196883994,39.25084835273292],[-76.54022341154615,39.25084812237986],[-76.54022486327534,39.2508479298946],[-76.54022632400992,39.25084777797937],[-76.54022778912764,39.25084766481461],[-76.54022925977532,39.25084759220626],[-76.54023073248908,39.25084755833925],[-76.54023220494028,39.25084756500607],[-76.54023367712892,39.25084761220659],[-76.54023514559114,39.25084769812582],[-76.54023660915681,39.25084782456064],[-76.54023806667907,39.25084798970506],[-76.54024023684137,39.25084831167241],[-76.54023919055064,39.25084708072142],[-76.54023817099888,39.25084583546278],[-76.54023717934456,39.250844575901],[-76.54023621557607,39.25084330383757],[-76.54023528085185,39.25084201927704],[-76.54023437401922,39.2508407213141],[-76.54023349737773,39.25083941266013],[-76.54023264978051,39.250838091509],[-76.54023183122175,39.25083675876157],[-76.54023104284828,39.25083541622379],[-76.54023028467172,39.25083406209418],[-76.54022955667467,39.25083269907503],[-76.54022885886285,39.25083132626557],[-76.54022819239481,39.25082994367034],[-76.54022755610622,39.25082855218557],[-76.54022695114972,39.25082715271648],[-76.54022637751947,39.25082574616393],[-76.54022583638572,39.25082433073081],[-76.54022532541384,39.25082290911047],[-76.54022484692676,39.25082148041107],[-76.54022439976011,39.25082004552895],[-76.54022398507236,39.25081860446858],[-76.54022360285188,39.25081715903147],[-76.54022325311033,39.25081570741614],[-76.54022293467168,39.25081425232032],[-76.54022264985879,39.25081279285227],[-76.54022239635464,39.25081132900298],[-76.54022217646458,39.25080986258303],[-76.54022198903007,39.25080839358781],[-76.54022183520962,39.25080692202189],[-76.54022171268043,39.25080544877697],[-76.54022162375367,39.2508039747629],[-76.5402215684351,39.25080249907887],[-76.54022154440192,39.25080102261654],[-76.54022155512385,39.25079954629037],[-76.54022159712527,39.25079807008668],[-76.54022167271744,39.25079659491524],[-76.5402217818945,39.25079512167694],[-76.54022192234527,39.25079364946187],[-76.54022209638087,39.25079217917983],[-76.54022230399555,39.25079071173165],[-76.54022254287229,39.25078924710818],[-76.54022281532805,39.25078778531852],[-76.54022312019265,39.25078632815969],[-76.54022345746613,39.2507848756316],[-76.54022382598998,39.25078342772974],[-76.5402242280812,39.2507819844632],[-76.54022466141105,39.25078054762446],[-76.540225127144,39.25077911631722],[-76.54022562527406,39.25077769144224],[-76.54022615463703,39.25077627389572],[-76.5402267152386,39.25077486277703],[-76.5402273070614,39.25077346078831],[-76.54022793127551,39.2507720661326],[-76.54022858555814,39.25077067970157],[-76.54022926989759,39.2507693032968],[-76.54022998545824,39.25076793602197],[-76.54023073224003,39.25076657787717],[-76.54023150791433,39.25076523065483],[-76.54023231479808,39.25076389436392],[-76.54023315058016,39.25076256809474],[-76.5402340152431,39.2507612545494],[-76.54023490995698,39.25075995193109],[-76.54023583355169,39.25075866203663],[-76.54023678486872,39.25075738486161],[-76.54023776506652,39.2507561204105],[-76.54023877298084,39.25075486957949],[-76.54023980977011,39.25075363237318],[-76.54024087311737,39.25075240878243],[-76.54024196301093,39.25075120060882],[-76.54024308061517,39.25075000695605],[-76.54024422476567,39.25074882872038],[-76.54024539430398,39.25074766589731],[-76.54024659038855,39.25074651849127],[-76.54024781069079,39.25074538829481],[-76.54024905637495,39.25074427441161],[-76.54025032744114,39.25074317684171],[-76.54025162271907,39.2507420973821],[-76.54025294105612,39.25074103512748],[-76.54025428360501,39.25073999098313],[-76.54025564920718,39.25073896494451],[-76.54025703669828,39.25073795790782],[-76.54025844724266,39.25073696897686],[-76.54025987967019,39.25073599994856],[-76.54026133282819,39.25073504991771],[-76.54026280671081,39.25073411978502],[-76.5402643024765,39.25073320955499],[-76.54026581664989,39.25073231921409],[-76.540267351542,39.25073144967203],[-76.54026890599442,39.25073060092439],[-76.54027047768429,39.25072977386273],[-76.54027206893448,39.2507289675955],[-76.54027367742211,39.2507281830143],[-76.54027530314717,39.25072742011915],[-76.54027694495123,39.25072667890547],[-76.54027860398689,39.25072596027861],[-76.54028027793716,39.25072526422946],[-76.54028196796055,39.25072459076254],[-76.54028367289276,39.25072394077414],[-76.54028539158108,39.25072331335891],[-76.54028712402553,39.25072270851682],[-76.54028886905596,39.25072212804493],[-76.54029062783665,39.25072157104692],[-76.54029239805065,39.25072103751378],[-76.54029417969794,39.25072052744552],[-76.5402959739254,39.25072004264813],[-76.54029777726913,39.25071958130653],[-76.54029959088182,39.25071914432604],[-76.54030141359914,39.25071873260276],[-76.54030324659129,39.25071834433989],[-76.54030508637103,39.25071798132514],[-76.54030693525547,39.25071764356777],[-76.54030879093338,39.2507173301578],[-76.54031065339309,39.2507170428968],[-76.54031252148772,39.25071677997872],[-76.54031439521158,39.25071654230432],[-76.54031627456455,39.25071632987358],[-76.54031815838815,39.25071614268199],[-76.54031786984494,39.25071490118685],[-76.54031681936046,39.25071431787645],[-76.54031579570233,39.25071370674708],[-76.54031480118753,39.2507130678078],[-76.540313834646,39.25071240285563],[-76.54031289838885,39.25071171280037],[-76.54031199358036,39.25071099674576],[-76.54031112020313,39.2507102573941],[-76.5403102817326,39.25070949475897],[-76.5403094781629,39.25070870974116],[-76.54030870832399,39.2507079041376],[-76.54030797684973,39.25070707796645],[-76.5403072814174,39.25070623211936],[-76.54030662433222,39.25070536840699],[-76.54030600674695,39.2507044877345],[-76.54030542866155,39.25070359010199],[-76.54030489121699,39.2507026782162],[-76.54030439441331,39.2507017520772],[-76.5403039394032,39.25070081259017],[-76.54030352616908,39.25069986245745],[-76.54030315587536,39.25069890078282],[-76.54030282850451,39.25069793026844],[-76.54030254521498,39.25069695091892],[-76.54030230598931,39.25069596543658],[-76.54030211082751,39.25069497382128],[-76.54030195972372,39.25069397697385],[-76.5403018526663,39.2506929766958],[-76.54030179080203,39.25069197479314],[-76.54030177413095,39.25069097126588],[-76.54030180148293,39.25068996791098],[-76.54030187401052,39.25068896563375],[-76.54030199169625,39.25068796713638],[-76.54030215338757,39.25068697151364],[-76.54030235907264,39.25068598056705],[-76.54030260989839,39.25068499610261],[-76.54030290354204,39.25068401901201],[-76.54030324115608,39.2506830502005],[-76.5403036215705,39.25068209146508],[-76.54030404477939,39.25068114370651],[-76.54030450961845,39.25068020782101],[-76.54030501608179,39.2506792847093],[-76.54030556415783,39.25067837617289],[-76.54030615152362,39.25067748310347],[-76.54030677817929,39.25067660550101],[-76.54030744410721,39.25067574606784],[-76.54030814814898,39.25067490479933],[-76.54030889029282,39.250674083497],[-76.54030966705753,39.25067328304805],[-76.54031047960152,39.25067250345694],[-76.54031132676049,39.25067174561995],[-76.54031220735844,39.25067101223478],[-76.54031311908413,39.25067030239153],[-76.54031406308449,39.25066961789634],[-76.54031503703668,39.25066895964086],[-76.54031603862363,39.250668327616],[-76.54031706899808,39.25066772272709],[-76.54031812583719,39.25066714586571],[-76.54031920681219,39.2506665988244],[-76.54032031192902,39.25066608070232],[-76.54032144002339,39.25066559239575],[-76.54032258876649,39.25066513569708],[-76.54032375700577,39.25066470970108],[-76.54032494473529,39.25066431530839],[-76.54032614847385,39.25066395340628],[-76.54032736706289,39.25066362399014],[-76.54032860049658,39.25066332796072],[-76.54032984645788,39.25066306530898],[-76.54033110262398,39.25066283692657],[-76.54033236900079,39.25066264191278],[-76.54033364210689,39.25066248115471],[-76.54033492309497,39.25066235555763],[-76.5403362084954,39.25066226420726],[-76.54033749714962,39.25066220709898],[-76.54033878672905,39.25066218602531],[-76.54034007725112,39.2506621982839],[-76.54034136638131,39.25066224656797],[-76.54034265297288,39.25066232907154],[-76.5403439347088,39.25066244578545],[-76.54034521042475,39.25066259760596],[-76.54034647896796,39.2506627836278],[-76.54034773802155,39.25066300384186],[-76.54034898642702,39.25066325824363],[-76.54035022303162,39.25066354592782],[-76.54035144551843,39.25066386688539],[-76.54035325163022,39.25066440901578],[-76.54035211385958,39.25066317140218],[-76.54035100514483,39.25066191948996],[-76.5403499243391,39.25066065147307],[-76.54034887258342,39.25065937005829],[-76.54034784873095,39.2506580734396],[-76.54034685392263,39.25065676432377],[-76.54034588932285,39.25065544181459],[-76.54034495377313,39.25065410590748],[-76.54034404842611,39.25065275750784],[-76.54034317443438,39.25065139752084],[-76.54034232948105,39.25065002593748],[-76.54034151588306,39.25064864276681],[-76.54034073363464,39.25064724890958],[-76.54033998272983,39.25064584526651],[-76.54033926317454,39.25064443093695],[-76.540338574963,39.25064300682155],[-76.54033791924194,39.25064157472637],[-76.54033729486453,39.2506401328454],[-76.54033670413027,39.25063868388991],[-76.54033614473391,39.25063722604943],[-76.54033561781637,39.25063576203064],[-76.54033512454782,39.25063429003665],[-76.54033466375816,39.25063281186441],[-76.54033423659996,39.25063132841915],[-76.54033384307905,39.25062983880019],[-76.54033348203117,39.25062834390371],[-76.54033315460897,39.25062684463502],[-76.54033286081244,39.25062534099407],[-76.54033260063568,39.25062383388169],[-76.54033237523726,39.25062232330237],[-76.54033218229429,39.25062081014777],[-76.54033202412386,39.25061929442699],[-76.54033189956736,39.25061777613551],[-76.5403318086132,39.25061625707482],[-76.54033175241985,39.25061473724941],[-76.54033172867027,39.25061321665025],[-76.54033174083422,39.25061169619173],[-76.54033178543609,39.25061017586017],[-76.54033186479293,39.25060865566468],[-76.54033197889308,39.25060713740675],[-76.54033212541951,39.25060562107733],[-76.54033230668342,39.25060410758624],[-76.54033252153211,39.2506025960282],[-76.54033277111824,39.25060108730843],[-76.54033305311899,39.25059958231871],[-76.54033336868702,39.25059808196424],[-76.54033371898667,39.25059658534887],[-76.5403341016893,39.25059509426499],[-76.54033451795917,39.25059360781638],[-76.54033496778466,39.25059212780459],[-76.54033545000723,39.25059065422504],[-76.54033596578545,39.25058918708226],[-76.54033651395495,39.25058772727248],[-76.54033709450987,39.25058627569645],[-76.54033770745603,39.25058483145344],[-76.5403383527876,39.25058339544417],[-76.5403390304988,39.25058196856937],[-76.54033973942528,39.25058055172535],[-76.54034047957288,39.25057914401123],[-76.54034125208834,39.25057774723315],[-76.54034205466061,39.25057636048125],[-76.54034288960075,39.25057498466535],[-76.54034375342754,39.25057362067259],[-76.54034464845788,39.25057226851199],[-76.54034557468594,39.2505709290844],[-76.54034652864216,39.25056960147543],[-76.54034751379029,39.25056828750019],[-76.54034852781331,39.25056698714957],[-76.54034957071126,39.25056570042357],[-76.5403506413198,39.25056442821844],[-76.54035174079739,39.2505631705387],[-76.5403528691441,39.25056192738437],[-76.54035402403125,39.25056070054783],[-76.54035520662312,39.2505594891329],[-76.5403564157554,39.25055829403579],[-76.54035765258661,39.25055711526105],[-76.54035891479386,39.25055595370034],[-76.54036020237727,39.25055480935363],[-76.54036151533674,39.25055368222102],[-76.54036285366644,39.25055257320313],[-76.54036421736639,39.25055148230003],[-76.54036560411377,39.25055041040341],[-76.54036701506706,39.25054935751776],[-76.54036844906784,39.2505483236386],[-76.54036990611597,39.25054730876586],[-76.54037138619987,39.25054631470113],[-76.54037288817275,39.25054533963826],[-76.5403744108585,39.25054438627509],[-76.54037595542736,39.25054345281453],[-76.54037752071501,39.25054254015285],[-76.54037910555704,39.25054164918633],[-76.54038070995355,39.25054077991487],[-76.54038233390447,39.25053993233853],[-76.54038397740401,39.25053910735802],[-76.54038563814098,39.25053830406357],[-76.54038731610954,39.25053752335585],[-76.54038901246243,39.25053676614024],[-76.5403907248884,39.25053603150683],[-76.54039245338747,39.25053531945567],[-76.540394197948,39.25053463178827],[-76.5403959574173,39.25053396759927],[-76.54039773178957,39.25053332778953],[-76.54039951991216,39.25053271145368],[-76.54040132177917,39.2505321194925],[-76.5404031362322,39.25053155190149],[-76.54040496327116,39.25053100868057],[-76.54040680173176,39.25053049072602],[-76.54040865161979,39.25052999713707],[-76.54041051292367,39.25052952971519],[-76.54041238449655,39.25052908665438],[-76.54041426517405,39.25052866885087],[-76.54041615495036,39.25052827720538],[-76.54041805267286,39.25052791081263],[-76.54041995950001,39.25052756967716],[-76.54042187310894,39.25052725469059],[-76.54042379349976,39.25052696585303],[-76.54042571951389,39.25052670315989],[-76.54042765115133,39.25052646661112],[-76.54042958841798,39.2505262553061],[-76.54043153014362,39.25052607104167],[-76.54043347517563,39.2505259129126],[-76.54043542351398,39.25052578091884],[-76.54043737515286,39.25052567596124],[-76.54043932894547,39.25052559623369],[-76.54044128255721,39.25052554442935],[-76.54044323832267,39.25052551785509],[-76.5404451950717,39.2505255183079],[-76.54044715049307,39.25052554487788],[-76.54044910458677,39.25052559756507],[-76.54045105850557,39.25052567727479],[-76.54045300993825,39.25052578309719],[-76.54045495772046,39.25052591592847],[-76.54045690302242,39.25052607397167],[-76.54045884467395,39.25052625902376],[-76.54046078152234,39.25052647017944],[-76.54046271356766,39.25052670743878],[-76.54046463965139,39.25052697079716],[-76.54046655977348,39.25052726025462],[-76.54046847393401,39.25052757581113],[-76.5404703798218,39.25052791655694],[-76.54047227743094,39.25052828339278],[-76.54047416676741,39.25052867541781],[-76.54047604782522,39.25052909353293],[-76.54047791945185,39.25052953683269],[-76.54047977933025,39.25053000530813],[-76.54048162977736,39.25053049896832],[-76.54048346847627,39.25053101780414],[-76.54048529543277,39.25053156091491],[-76.54048710948254,39.25053212919676],[-76.54048891063141,39.25053272174898],[-76.54049069888522,39.25053333767084],[-76.54049247307381,39.25053397875929],[-76.54049423205032,39.25053464320832],[-76.54049597580901,39.25053533191865],[-76.54049770436141,39.25053604308876],[-76.5404994165375,39.25053677851567],[-76.54050111234884,39.25053753639785],[-76.54050279063109,39.25053831763151],[-76.54050445139018,39.2505391213159],[-76.54050609347341,39.25053994654579],[-76.54050771803335,39.25054079422639],[-76.54050932159468,39.25054166434414],[-76.54051090648007,39.25054255600735],[-76.54051247153696,39.25054346831071],[-76.54051401560096,39.2505444021505],[-76.54051553868378,39.2505453557252],[-76.54051703961521,39.25054633083172],[-76.54051851840691,39.25054732566862],[-76.54051997505897,39.25054834023587],[-76.5405214095713,39.25054937453351],[-76.5405228196269,39.25055042855243],[-76.540524206396,39.25055150049563],[-76.54052556870842,39.2505525921602],[-76.54052690658162,39.25055370084377],[-76.54052822000388,39.25055482834791],[-76.54052950782855,39.25055597286654],[-76.54053076889112,39.25055713529591],[-76.54053200436179,39.25055831383906],[-76.54053321423484,39.25055950939672],[-76.54053439619892,39.25056072105907],[-76.54053555025421,39.25056194882614],[-76.54053667756494,39.25056319180165],[-76.54053777697848,39.25056444908038],[-76.54053884733044,39.25056572155852],[-76.54053988978521,39.25056700833986],[-76.54054090318422,39.25056830941989],[-76.54054188753339,39.25056962389782],[-76.54054284168001,39.25057095086841],[-76.54054376677675,39.25057229123689],[-76.54054466167678,39.25057364319724],[-76.54054552521569,39.25057500764569],[-76.54054635971646,39.2505763836906],[-76.54054716170926,39.25057777041756],[-76.54054793351119,39.25057916783564],[-76.54054867396957,39.25058057503957],[-76.54054938192007,39.25058199292558],[-76.54055005853279,39.25058341969669],[-76.54055070380784,39.2505848553529],[-76.54055131658659,39.25058629988969],[-76.54055189687492,39.2505877524063],[-76.5405524435202,39.25058921199743],[-76.54055295883938,39.25059067867215],[-76.54055344050967,39.25059215332219],[-76.54055388970703,39.25059363324979],[-76.54055430526709,39.25059511935117],[-76.54055468835429,39.25059661073006],[-76.54055503665731,39.25059810647678],[-76.54055535248747,39.25059960750104],[-76.54055563469196,39.2506011128976],[-76.54055588212407,39.25060262086038],[-76.54055609709485,39.25060413229923],[-76.54055627728737,39.25060564720511],[-76.54055642387173,39.25060716378098],[-76.54055653684802,39.25060868202694],[-76.54055661506351,39.25061020103759],[-76.54055666082934,39.25061172172283],[-76.54055667068177,39.25061324226753],[-76.54055664809616,39.25061476268531],[-76.54055659075561,39.25061628296708],[-76.5405564998244,39.25061780221662],[-76.5405563741499,39.25061931952867],[-76.54055621488472,39.25062083580848],[-76.54055638071733,39.25062331628763],[-76.54055745067991,39.25062232241724],[-76.54055832895769,39.25062158902111],[-76.54055924068028,39.250620879176],[-76.54056018236065,39.25062019466976],[-76.54056115399284,39.25061953640312],[-76.54056215557691,39.25061890437621],[-76.54056318479006,39.25061829948054],[-76.54056423930358,39.25061772350866],[-76.54056532027595,39.25061717646503],[-76.5405664242259,39.25061665923688],[-76.54056755115342,39.25061617182413],[-76.54056869873565,39.25061571511855],[-76.54056986696681,39.25061529002082],[-76.54057105237133,39.25061489651735],[-76.54057225609614,39.2506145364142],[-76.54057347351882,39.2506142078917],[-76.54057470694478,39.25061391276046],[-76.54057595173418,39.25061365190303],[-76.5405772067343,39.25061342441423],[-76.54057847193936,39.25061323119474],[-76.54057974503235,39.25061307223551],[-76.54058102485479,39.25061294753196],[-76.54058230908382,39.25061285797585],[-76.54058359656098,39.25061280356261],[-76.5405848849751,39.25061278338243],[-76.54058617431451,39.25061279923679],[-76.54058746227383,39.25061284931515],[-76.54058874769466,39.250612933613],[-76.54059002708973,39.25061305391816],[-76.54059130163513,39.25061320753299],[-76.54059256784366,39.25061339624534],[-76.54059382456268,39.25061361914994],[-76.54059507179213,39.25061387624682],[-76.54059630490387,39.25061416661708],[-76.54059752621497,39.25061449026975],[-76.54059873109718,39.25061484628603],[-76.54059991954475,39.25061523556659],[-76.54060108925225,39.25061565630094],[-76.54060224021976,39.25061610848898],[-76.54060337013021,39.25061659212171],[-76.54060447783681,39.25061710539312],[-76.54060556102255,39.25061764829407],[-76.54060661968745,39.2506182208246],[-76.5406076526847,39.25061882117873],[-76.54060865653874,39.25061944934274],[-76.54060963357234,39.25062010442504],[-76.5406105791575,39.25062078550676],[-76.54061149445843,39.25062149169158],[-76.54061237716404,39.25062222206977],[-76.54061322727424,39.25062297664132],[-76.54061404248372,39.25062375359567],[-76.54061482280423,39.25062455113128],[-76.54061556591277,39.25062537013989],[-76.54061627297969,39.25062620882446],[-76.54061694169366,39.25062706627524],[-76.54061757090797,39.25062794068615],[-76.54061816178098,39.25062883206175],[-76.54061871084897,39.25062973858694],[-76.54061922042887,39.25063066027076],[-76.54061968706267,39.25063159439737],[-76.54062011306742,39.25063254097589],[-76.54062049497928,39.25063349819114],[-76.54062083512099,39.25063446515147],[-76.54062113118145,39.25063544094703],[-76.54062138316648,39.25063642467718],[-76.54062158993506,39.250637413635],[-76.5406217538042,39.25063840782963],[-76.54062187246274,39.25063940635124],[-76.54062194592231,39.25064040739831],[-76.54062197535303,39.25064140917394],[-76.54062195959644,39.25064241167347],[-76.54062189866424,39.25064341309552],[-76.54062179256225,39.25064441253929],[-76.54062164246049,39.2506454082078],[-76.54062144720652,39.25064639919575],[-76.54062120796442,39.25064738460695],[-76.54062092474605,39.25064836263992],[-76.54062059755714,39.25064933239392],[-76.54062022756781,39.25065029207185],[-76.54061981477234,39.25065124257464],[-76.540619359194,39.25065218029918],[-76.54061886199126,39.25065310525002],[-76.54061832432845,39.25065401653092],[-76.54061774621726,39.25065491234045],[-76.54061712766348,39.2506557917778],[-76.54061646983153,39.25065665394676],[-76.54061556876538,39.25065768631099],[-76.54061817282368,39.25065755597911],[-76.54061994777256,39.2506570062456],[-76.54062173530751,39.25065648088226],[-76.54062353427587,39.25065597898374],[-76.54062534350743,39.25065550234703],[-76.54062716416655,39.25065505007584],[-76.54062899393045,39.25065462306193],[-76.54063083396345,39.25065422040909],[-76.54063268194847,39.25065384210821],[-76.54063453787394,39.2506534899608],[-76.54063640175148,39.25065316216539],[-76.54063827356946,39.25065286052344],[-76.54064015101665,39.25065258412513],[-76.54064203409311,39.25065233297047],[-76.54064392279882,39.25065210705954],[-76.54064581596951,39.25065190728844],[-76.54064771476359,39.25065173366171],[-76.54064961571142,39.25065158526513],[-76.54065151997156,39.25065146210307],[-76.54065342637379,39.25065136597262],[-76.54065533608828,39.25065129507674],[-76.54065724563957,39.25065124940185],[-76.5406591561745,39.25065123075399],[-76.54066106770463,39.25065123733167],[-76.54066297790729,39.25065127002657],[-76.54066488678237,39.25065132883867],[-76.54066679433575,39.25065141286726],[-76.54066870055571,39.25065152391379],[-76.54067060314286,39.25065165926699],[-76.5406725032381,39.25065182163358],[-76.5406743985361,39.25065200920307],[-76.54067629018961,39.25065222288072],[-76.54067817588745,39.25065246175669],[-76.54068005562951,39.25065272583103],[-76.54068193056861,39.25065301600895],[-76.54068379723502,39.25065333137612],[-76.54068565794572,39.25065367194166],[-76.54068750922518,39.25065403769194],[-76.54068935339049,39.25065442863604],[-76.54069118813047,39.25065484386411],[-76.54069301343924,39.2506552842769],[-76.54069482815831,39.25065574986994],[-76.54069663229356,39.25065623974241],[-76.54069842468645,39.25065675388982],[-76.54070020533696,39.25065729231218],[-76.54070197425098,39.25065785410871],[-76.54070373025831,39.25065844107637],[-76.54070547221798,39.25065905050839],[-76.54070720127682,39.25065968421084],[-76.54070891512359,39.25066034127387],[-76.54071061376422,39.25066102079669],[-76.54071229718701,39.25066172458092],[-76.54071396540945,39.25066244992417],[-76.54071561610867,39.25066319771823],[-76.54071725043741,39.25066396886832],[-76.54071886609616,39.25066476066314],[-76.54072046423173,39.25066557490877],[-76.5407220448499,39.25066641070439],[-76.54072360563376,39.25066726804103],[-76.54072514658914,39.25066814601784],[-76.54072666886861,39.25066904554014],[-76.54072816900843,39.25066996479284],[-76.5407296493197,39.25067090468578],[-76.54073110865569,39.25067186341287],[-76.5407325458461,39.25067284277116],[-76.54073396089686,39.25067384185979],[-76.54073535381957,39.25067485887737],[-76.54073672228562,39.25067589561625],[-76.54073806862361,39.25067695028405],[-76.54073939051659,39.25067802287172],[-76.54074068912306,39.25067911338373],[-76.54074196213179,39.25068022091031],[-76.54074320953704,39.25068134635218],[-76.54074443250887,39.25068248791241],[-76.54074562988303,39.25068364648718],[-76.54074680051266,39.2506848202705],[-76.54074794439191,39.25068601016311],[-76.54074906152076,39.25068721616499],[-76.54075015191673,39.25068843557388],[-76.54075121440383,39.25068967108755],[-76.54075224899954,39.25069092000369],[-76.54075325569805,39.25069218322313],[-76.54075423451096,39.25069345894428],[-76.54075518310967,39.25069474895961],[-76.54075610382861,39.25069605057596],[-76.54075699434502,39.25069736468497],[-76.54075785581733,39.25069869129126],[-76.54075868825143,39.25070002949398],[-76.54075948934189,39.25070137748259],[-76.54076026023564,39.25070273706316],[-76.54076100093847,39.25070410733494],[-76.54076171030356,39.25070548649183],[-76.54076238832504,39.25070687543469],[-76.54076303616722,39.25070827326719],[-76.54076365151312,39.25070967998033],[-76.54076423552713,39.25071109467788],[-76.54076478820916,39.25071251735984],[-76.5407653084124,39.25071394622018],[-76.54076579612523,39.25071538306042],[-76.5407662525177,39.25071682608351],[-76.54076667643723,39.25071827438428],[-76.5407670667195,39.25071972885887],[-76.54076742568724,39.25072118861564],[-76.54076775102938,39.25072265274474],[-76.54076804391015,39.25072412034996],[-76.54076830316532,39.25072559232751],[-76.54076852995914,39.25072706778122],[-76.54076872313892,39.25072854580576],[-76.54076888386325,39.25073002640566],[-76.54076900982088,39.25073150867112],[-76.54076910448735,39.25073299261575],[-76.54076916438714,39.25073447822598],[-76.54076919184891,39.2507359637093],[-76.54076918571415,39.25073744906118],[-76.54076914597702,39.25073893518243],[-76.54076907381352,39.2507404193753],[-76.540768966895,39.25074190343224],[-76.54076882755588,39.25074338466002],[-76.54076904095892,39.25074585541634],[-76.54077028838662,39.25074482890952],[-76.54077125692771,39.25074411117804],[-76.540772257732,39.25074342059598],[-76.54077328848825,39.25074275625347],[-76.54077434802059,39.25074212084826],[-76.54077543632305,39.25074151528111],[-76.54077654992602,39.2507409386377],[-76.54077768997638,39.25074039272401],[-76.54077885299282,39.25073987842721],[-76.54078003897524,39.2507393957473],[-76.54078124560084,39.25073894557599],[-76.54078247171118,39.25073852790871],[-76.54078371497755,39.25073814453794],[-76.54078497540577,39.25073779456291],[-76.54078625066727,39.25073747977603],[-76.54078753961511,39.25073719837132],[-76.54078883991484,39.25073695304197],[-76.54079015157228,39.25073674288713],[-76.54079147110613,39.25073656879408],[-76.54079279736371,39.25073642985748],[-76.54079412917487,39.25073632787434],[-76.54079546423421,39.25073626103404],[-76.54079680253012,39.25073623113809],[-76.54079814059298,39.25073623727217],[-76.54079947726422,39.25073627943177],[-76.54080081253798,39.25073635851757],[-76.5408021429447,39.25073647361529],[-76.54080346617309,39.25073662381509],[-76.54080478337012,39.25073681092303],[-76.5408060910718,39.25073703312398],[-76.54080738696126,39.2507372904089],[-76.54080867219693,39.25073758278227],[-76.54080994214483,39.25073791022609],[-76.54081119681084,39.25073827183946],[-76.54081243504217,39.2507386667172],[-76.54081365451606,39.25073909575097],[-76.54081485408567,39.25073955713471],[-76.5408160325925,39.25074005086396],[-76.54081718772538,39.25074057602884],[-76.54081831949011,39.25074113172864],[-76.54081942440534,39.25074171885051],[-76.54082050248869,39.25074233469216],[-76.54082155373416,39.25074298015441],[-76.54082257352532,39.25074365251681],[-76.54082356416747,39.25074435358997],[-76.54082452104996,39.25074507975279],[-76.54082544647815,39.25074583281576],[-76.54082633584127,39.25074660915783],[-76.54082719145057,39.25074740968875],[-76.54082800983633,39.25074823349421],[-76.54082879101026,39.25074907877269],[-76.54082953382539,39.25074994371819],[-76.54083023711756,39.25075082922692],[-76.54083089973977,39.25075173349283],[-76.54083152286228,39.25075265471897],[-76.54083210301532,39.25075359199096],[-76.54083264136329,39.25075454441264],[-76.54083313675351,39.25075551107867],[-76.54083358803325,39.25075649108383],[-76.54083399522005,39.25075748172581],[-76.54083435830808,39.25075848390539],[-76.5408346749978,39.25075949491126],[-76.54083494761197,39.25076051385172],[-76.54083517384532,39.25076153891622],[-76.54083535369783,39.25076257010472],[-76.54083548718121,39.25076360561577],[-76.540835574307,39.25076464364785],[-76.54083561507524,39.25076568420095],[-76.54083560834495,39.25076672456827],[-76.54083555527458,39.25076776475441],[-76.54083545588163,39.25076880205703],[-76.54083531016612,39.25076983647617],[-76.54083511813965,39.25077086621035],[-76.54083487980809,39.25077189035882],[-76.54083459518311,39.25077290711999],[-76.54083426542896,39.25077391559775],[-76.54083389171002,39.25077491489584],[-76.54083347172092,39.2507759032037],[-76.54083300894301,39.25077687963412],[-76.54083250222941,39.25077784238114],[-76.54083195273867,39.25077879144921],[-76.54083136048823,39.25077972413615],[-76.54083039584373,39.25078109314275],[-76.54083213376275,39.25078053695589],[-76.54083388427378,39.25078000423831],[-76.54083564621837,39.25077949498559],[-76.54083741959056,39.2507790100984],[-76.5408392032377,39.25077854867147],[-76.54084099715406,39.25077811160558],[-76.54084280018691,39.25077769799542],[-76.54084461232455,39.25077730964252],[-76.54084643241437,39.25077694564155],[-76.5408482604564,39.25077660599257],[-76.54085009645053,39.25077629069552],[-76.5408519380741,39.25077600064213],[-76.54085378764975,39.25077573494075],[-76.54085564169625,39.25077549447842],[-76.54085750021363,39.25077527925524],[-76.54085936436617,39.25077508837496],[-76.54086123183104,39.25077492272929],[-76.54086310260827,39.25077478231815],[-76.54086497669198,39.2507746680424],[-76.54086685293545,39.2507745780959],[-76.54086873133272,39.25077451337948],[-76.54087060956685,39.25077447388411],[-76.54087248995479,39.25077445961877],[-76.54087436901534,39.25077447147061],[-76.540876249077,39.25077450764726],[-76.54087812665273,39.25077456993657],[-76.54088000290683,39.25077465744238],[-76.54088187784508,39.25077476926391],[-76.5408837491389,39.25077490719354],[-76.54088561679986,39.25077506942988],[-76.54088748081639,39.25077525777434],[-76.54088934120013,39.25077547042547],[-76.54089119562819,39.25077570827496],[-76.54089304410066,39.25077597132277],[-76.54089488778176,39.25077625867271],[-76.5408967231903,39.25077657121196],[-76.540898552649,39.25077690804881],[-76.54090037383509,39.25077727007493],[-76.54090218675432,39.25077765638958],[-76.54090399140681,39.25077806699279],[-76.5409057854813,39.25077850097469],[-76.5409075701247,39.2507789601414],[-76.54090934534858,39.25077944269134],[-76.54091110767169,39.25077994951172],[-76.54091285941681,39.25078047971081],[-76.54091459942545,39.25078103328408],[-76.54091632653915,39.25078161022707],[-76.5409180407579,39.25078221053966],[-76.54091974092897,39.2507828333167],[-76.54092142704657,39.25078347945886],[-76.54092309911655,39.25078414806543],[-76.54092475482767,39.25078483822656],[-76.54092639648536,39.25078555175284],[-76.54092802062577,39.25078628682918],[-76.54092962956584,39.25078704346465],[-76.54093121983004,39.25078782164559],[-76.54093279373549,39.25078862138119],[-76.54093434897095,39.25078944176151],[-76.54093588553057,39.25079028368737],[-76.54093740342603,39.25079114535728],[-76.54093890265155,39.25079202767191],[-76.54094038089004,39.25079293062231],[-76.54094183931169,39.25079385241145],[-76.54094327675216,39.25079479393554],[-76.54094469321147,39.25079575519459],[-76.5409460887013,39.25079673438714],[-76.54094746205143,39.25079773331014],[-76.5409488121209,39.25079874925682],[-76.54095014005651,39.25079978403313],[-76.54095144354716,39.25080083672937],[-76.54095272491556,39.25080190645377],[-76.54095398184478,39.25080299319733],[-76.54095521433482,39.25080409696001],[-76.54095642123298,39.25080521683655],[-76.54095760369779,39.25080635283149],[-76.5409587605707,39.2508075049403],[-76.54095989185758,39.25080867226217],[-76.54096099755843,39.25080985479716],[-76.54096207536203,39.25081105163547],[-76.54096312758541,39.25081226278611],[-76.54096415191158,39.25081348824008],[-76.54096514950488,39.2508147271011],[-76.54096611920676,39.25081597936471],[-76.54096705986451,39.25081724412554],[-76.54096797378941,39.25081852229347],[-76.54096885868185,39.25081981115719],[-76.54096971453023,39.25082111251817],[-76.5409705401818,39.25082242547115],[-76.54097133795949,39.25082374912444],[-76.54097210555206,39.25082508256821],[-76.54097284410634,39.25082642760848],[-76.54097355132288,39.250827781534],[-76.54097422951855,39.25082914435379],[-76.54097487637065,39.25083051695952],[-76.5409754930493,39.25083189755424],[-76.54097607839596,39.25083328613346],[-76.54097663356913,39.25083468270166],[-76.54097715741617,39.25083608635356],[-76.54097764993699,39.25083749708918],[-76.54097810997905,39.25083891400324],[-76.54097853986507,39.25084033620406],[-76.54097893726647,39.25084176548403],[-76.54097930220649,39.25084319824018],[-76.54097963582613,39.25084463717933],[-76.54097993814295,39.25084607959921],[-76.54098020683408,39.25084752639147],[-76.54098044422815,39.25084897576367],[-76.54098064916083,39.25085042861208],[-76.54098082163799,39.2508518840359],[-76.5409809616596,39.25085334203516],[-76.54098106923728,39.2508548008084],[-76.54098114436525,39.2508562612563],[-76.54098118704935,39.2508577224781],[-76.54098119729532,39.25085918357308],[-76.54098117393887,39.2508606454375],[-76.54098111930867,39.25086210627887],[-76.54098103224622,39.25086356609266],[-76.54098091159304,39.25086502487436],[-76.54098057417738,39.25086793485584],[-76.54098243344674,39.25086652881075],[-76.54098340974735,39.25086586515432],[-76.5409844148416,39.25086522773289],[-76.54098544756521,39.25086461744265],[-76.54098650674791,39.25086403608061],[-76.54098759238975,39.25086348364677],[-76.54098870100943,39.25086296102831],[-76.54098983260108,39.25086246912594],[-76.54099098601202,39.25086200703434],[-76.54099216006637,39.25086157745135],[-76.5409933512943,39.25086117946253],[-76.54099455969009,39.25086081396866],[-76.54099578408942,39.25086048186598],[-76.54099702333953,39.25086018224922],[-76.54099827395329,39.25085991690626],[-76.54099953708922,39.25085968584168],[-76.54100080927186,39.25085948904176],[-76.54100208934264,39.25085932650215],[-76.5410033749788,39.25085919911442],[-76.54100466734457,39.25085910598239],[-76.54100596179437,39.25085904888944],[-76.54100725833979,39.25085902603406],[-76.54100855465809,39.25085903830796],[-76.54100985074918,39.25085908571113],[-76.5410111431318,39.25085916913074],[-76.54101243181752,39.25085928676529],[-76.54101371333093,39.2508594386012],[-76.54101498766613,39.25085962553917],[-76.54101625366467,39.25085984757474],[-76.54101750786266,39.25086010289278],[-76.54101875025428,39.25086039239408],[-76.54101997852841,39.25086071516878],[-76.54102119268495,39.25086107121687],[-76.54102238925427,39.2508614596241],[-76.54102356823637,39.25086188039044],[-76.54102472732002,39.250862332606],[-76.54102586534685,39.25086281626632],[-76.54102698116404,39.25086333046616],[-76.541028073619,39.25086387430015],[-76.54102914039468,39.25086444775933],[-76.54103018150273,39.25086504904212],[-76.54103119462039,39.25086567904022],[-76.5410321786065,39.25086633504688],[-76.54103313345534,39.25086701796285],[-76.54103405569722,39.25086772687378],[-76.54103494650809,39.25086845908194],[-76.54103580472361,39.25086921548361],[-76.54103662803264,39.25086999516888],[-76.54103741528827,39.25087079633182],[-76.54103816649639,39.25087161807165],[-76.54103888049842,39.25087246038378],[-76.54103955731186,39.25087332056601],[-76.5410401934554,39.25087419950555],[-76.54104079126357,39.25087509450913],[-76.54104134842503,39.25087600466696],[-76.54104186378142,39.25087692997455],[-76.54104233734431,39.25087786863035],[-76.54104276911961,39.25087881973362],[-76.54104315796035,39.25087978147838],[-76.54104350270808,39.25088075386004],[-76.54104380453876,39.25088173418091],[-76.54104406228812,39.25088272333721],[-76.5410442759794,39.2508837177259],[-76.54104444445407,39.25088471734248],[-76.54104456771805,39.25088572128623],[-76.54104464578288,39.2508867277556],[-76.54104467981291,39.25088773585436],[-76.54104466749703,39.25088874467275],[-76.54104461116962,39.25088975151756],[-76.54104450850791,39.25089075728047],[-76.54104436184632,39.2508917592683],[-76.54104417003229,39.25089275657572],[-76.54104393307733,39.25089374740131],[-76.54104365329268,39.25089473265486],[-76.54104332838466,39.25089570872422],[-76.5410429606702,39.25089667561851],[-76.54104254899667,39.25089763243249],[-76.54104209569853,39.25089857647291],[-76.54104159961152,39.25089950863603],[-76.54104106191149,39.25090042622409],[-76.54104048375704,39.25090132924161],[-76.5410401615195,39.25090278813612],[-76.54104273382522,39.25090201541901],[-76.5410445130848,39.25090151613931],[-76.54104630377212,39.25090104122518],[-76.54104810472866,39.25090059067202],[-76.54104991595446,39.25090016447988],[-76.54105173629101,39.25089976264422],[-76.54105356457401,39.25089938606125],[-76.54105540196774,39.25089903383479],[-76.54105724614936,39.25089870685647],[-76.54105909828328,39.25089840423006],[-76.54106095604078,39.25089812774809],[-76.54106281943355,39.25089787560901],[-76.54106468961425,39.25089764871807],[-76.54106656310734,39.2508974470617],[-76.54106844222406,39.25089727154973],[-76.54107032350053,39.25089712036708],[-76.54107220924207,39.25089699532427],[-76.54107409597324,39.25089689640775],[-76.54107598602266,39.25089682182507],[-76.54107787706172,39.25089677336863],[-76.54107976909033,39.25089675103847],[-76.54108166096175,39.25089675302856],[-76.54108355265836,39.25089678204118],[-76.54108544303932,39.25089683536949],[-76.54108733209284,39.25089691481501],[-76.54108921981894,39.25089702037778],[-76.54109110391234,39.25089715024714],[-76.54109298551982,39.25089730622927],[-76.54109486233023,39.25089748741424],[-76.54109673549625,39.25089769470738],[-76.54109860387105,39.25089792630268],[-76.54110046744294,39.25089818400156],[-76.54110232390659,39.25089846599357],[-76.54110417440882,39.25089877408466],[-76.54110601664431,39.2508991064643],[-76.54110785177159,39.250899463137],[-76.54110967977897,39.25089984590431],[-76.54111149720841,39.25090025205036],[-76.54111330636523,39.2509006833857],[-76.5411151049384,39.25090113900057],[-76.54111689408623,39.25090161889943],[-76.54111867149189,39.2509021230733],[-76.54112043715529,39.25090265152208],[-76.54112219108227,39.25090320334512],[-76.54112393211429,39.25090377853783],[-76.54112566024557,39.250904378001],[-76.54112737432928,39.25090499992858],[-76.54112907435955,39.2509056452213],[-76.54113076034221,39.25090631297846],[-76.5411324299545,39.25090700409174],[-76.5411340855191,39.25090771766945],[-76.54113572356647,39.25090845279719],[-76.54113734524341,39.25090921128107],[-76.54113894940893,39.25090999041431],[-76.54114053605713,39.2509107910976],[-76.54114210518222,39.25091161423175],[-76.54114365448466,39.25091245710544],[-76.54114518626984,39.25091332152915],[-76.54114669706807,39.25091420658869],[-76.54114818803781,39.25091511228846],[-76.54114965918492,39.25091603772779],[-76.54115110935672,39.25091698200139],[-76.54115253738306,39.25091794690619],[-76.54115394443407,39.25091893064528],[-76.54115532935126,39.25091993321409],[-76.54115669097611,39.25092095460809],[-76.54115802931447,39.25092199392653],[-76.54115934552487,39.25092305117395],[-76.54116063613166,39.25092412633679],[-76.54116190345786,39.25092521852334],[-76.54116314634487,39.25092632772905],[-76.54116436363995,39.25092745304869],[-76.54116555649593,39.25092859538746],[-76.5411667226015,39.25092975383561],[-76.54116786312102,39.25093092749694],[-76.54116897689599,39.25093211636692],[-76.54117006508494,39.25093332045001],[-76.54117112537662,39.25093453883646],[-76.54117215777107,39.25093577152625],[-76.54117316227413,39.25093701761863],[-76.54117414004428,39.25093827711815],[-76.54117508760605,39.25093955001125],[-76.54117600844069,39.25094083541067],[-76.54117689907274,39.25094213330293],[-76.54117776066651,39.25094344279176],[-76.54117859322203,39.2509447638771],[-76.54117939674506,39.25094609565835],[-76.54118017007714,39.25094743813082],[-76.54118091205974,39.25094879129013],[-76.54118162501574,39.25095015424449],[-76.54118230663393,39.25095152608406],[-76.54118295691423,39.25095290680898],[-76.54118357700945,39.2509542973244],[-76.54118416577847,39.2509556949236],[-76.54118472321551,39.25095710050731],[-76.54118524932048,39.25095851407557],[-76.54118574410511,39.25095993382685],[-76.54118620641087,39.25096135975661],[-76.54118663623196,39.25096279276558],[-76.54118703473851,39.2509642310569],[-76.5411874007778,39.25096567372513],[-76.54118773434406,39.25096712167117],[-76.54118803544306,39.25096857399415],[-76.54118830407482,39.25097003069414],[-76.54118854025097,39.25097148996963],[-76.54118874396578,39.25097295272133],[-76.54118891407224,39.25097441714327],[-76.54118905288161,39.25097588414521],[-76.54118915808272,39.25097735281741],[-76.54118922967554,39.25097882315977],[-76.54118926882441,39.25098029427618],[-76.54118927553513,39.25098176526576],[-76.54118924864918,39.25098323612409],[-76.54118918933091,39.25098470595488],[-76.54118909641605,39.25098617565444],[-76.54118897107465,39.25098764342565],[-76.5411888133067,39.25098910926867],[-76.54118862311816,39.25099057228262],[-76.54118902395354,39.25099200878145],[-76.54119080362229,39.25099108793909],[-76.54119176079867,39.25099033593042],[-76.54119275023855,39.25098961107098],[-76.54119377194768,39.25098891246007],[-76.54119482475015,39.25098824279544],[-76.54119590632882,39.25098760206799],[-76.54119701552533,39.25098699027323],[-76.54119815232801,39.25098640921264],[-76.54119931325542,39.25098585977334],[-76.541200499472,39.2509853410592],[-76.54120170748472,39.25098485575884],[-76.54120293614091,39.25098440296699],[-76.54120418543475,39.25098398358435],[-76.54120545189072,39.25098359759743],[-76.54120673433864,39.25098324680317],[-76.54120803277858,39.25098293120153],[-76.54120934373496,39.25098265077897],[-76.54121066720782,39.25098240553549],[-76.54121199971586,39.25098219635818],[-76.54121334125902,39.25098202324718],[-76.54121469067299,39.25098188709864],[-76.54121604448808,39.25098178699819],[-76.54121740153995,39.2509817238421],[-76.54121876183447,39.2509816967296],[-76.54122012188445,39.25098170744867],[-76.54122148054304,39.25098175419322],[-76.5412228366459,39.25098183785946],[-76.54122418787605,39.25098195843837],[-76.54122553192228,39.25098211502017],[-76.54122686993725,39.25098230851007],[-76.54122819729282,39.25098253798926],[-76.54122951399479,39.25098280255698],[-76.54123081772033,39.25098310310496],[-76.54123210731674,39.25098343872784],[-76.54123338163143,39.25098380852042],[-76.54123463834728,39.25098421247363],[-76.54123587630581,39.25098465058291],[-76.54123709435436,39.250985121943],[-76.5412382890174,39.25098562654037],[-76.5412394614651,39.25098616257797],[-76.54124060938625,39.25098672914604],[-76.54124173161652,39.25098732714076],[-76.54124282584482,39.25098795565241],[-76.54124389092412,39.25098861287486],[-76.54124492685453,39.25098929880821],[-76.54124593017218,39.25099001163733],[-76.54124690203557,39.25099075136674],[-76.54124784013347,39.25099151708666],[-76.54124874331322,39.25099230789179],[-76.54124961042216,39.25099312287687],[-76.54125044031338,39.25099396023587],[-76.54125123298694,39.25099481996875],[-76.5412519861374,39.25099570026503],[-76.5412526997648,39.25099660112466],[-76.54125337156957,39.25099751983637],[-76.54125400386881,39.25099845640912],[-76.54125459203418,39.25099940992419],[-76.54125513839442,39.25100037858909],[-76.54125564064418,39.25100136059321],[-76.54125609877758,39.25100235683734],[-76.54125651165944,39.25100336371391],[-76.54125687928392,39.25100438212377],[-76.54125720166844,39.25100540936454],[-76.54125747766038,39.25100644453106],[-76.5412577072597,39.25100748762325],[-76.54125788933122,39.25100853503362],[-76.54125802502759,39.25100958766744],[-76.54125811436626,39.25101064282244],[-76.54125815503605,39.25101169958884],[-76.54125814935981,39.25101275707494],[-76.54125809619066,39.25101381347466],[-76.54125799553444,39.25101486788732],[-76.54125784739692,39.25101591941217],[-76.54125765294833,39.25101696625215],[-76.54125741220021,39.25101800660585],[-76.54125712399417,39.25101904046869],[-76.54125679066456,39.25102006514751],[-76.54125641105293,39.25102108063773],[-76.54125598632945,39.25102208514242],[-76.54125551649992,39.25102307776082],[-76.54125500389299,39.25102405670044],[-76.54125444619169,39.25102502195228],[-76.54125384688888,39.25102597082766],[-76.54125320482613,39.25102690332204],[-76.54125195303419,39.25102824688916],[-76.54125424455866,39.25102825584263],[-76.54125596743735,39.25102769688842],[-76.54125770290818,39.25102716140346],[-76.54125944981851,39.25102664848254],[-76.54126120815087,39.25102616082792],[-76.54126297792271,39.25102569573727],[-76.54126475680543,39.25102525500308],[-76.54126654595163,39.2510248395306],[-76.54126834305603,39.25102444750933],[-76.54127014927126,39.25102407984454],[-76.54127196459731,39.25102373653618],[-76.54127378555285,39.25102341847145],[-76.54127561446077,39.25102312475866],[-76.54127745015671,39.25102285629401],[-76.54127929032947,39.25102261216769],[-76.54128113612592,39.25102239418578],[-76.54128298755771,39.25102220054673],[-76.54128484114931,39.25102203123703],[-76.54128669920611,39.25102188806714],[-76.54128856057541,39.25102177013181],[-76.54129042409872,39.25102167742655],[-76.54129228977607,39.25102160995133],[-76.54129415644893,39.25102156770162],[-76.54129602295876,39.25102155067291],[-76.54129789046408,39.25102155886972],[-76.54129975664794,39.25102159228302],[-76.54130162266297,39.25102165181805],[-76.54130348736236,39.25102173566881],[-76.54130534841735,39.25102184562773],[-76.54130720815674,39.25102197990236],[-76.54130906425175,39.25102214028517],[-76.54131091555564,39.25102232497013],[-76.54131276321515,39.25102253576327],[-76.54131460608356,39.25102277085854],[-76.54131644299636,39.25102303115215],[-76.54131827395958,39.25102331574341],[-76.54132009780872,39.25102362552848],[-76.54132191454389,39.2510239605074],[-76.54132372417088,39.25102431977946],[-76.54132552553114,39.25102470334001],[-76.54132731746625,39.25102511118464],[-76.54132909997618,39.25102554331332],[-76.54133087190239,39.25102599972151],[-76.54133263440343,39.25102648041372],[-76.5413343851681,39.25102698448019],[-76.54133612534905,39.25102751282616],[-76.54133785264098,39.25102806364109],[-76.54133956703222,39.25102863872653],[-76.54134126853437,39.25102923628089],[-76.54134295598317,39.25102985720048],[-76.54134463054289,39.25103050058902],[-76.54134628873223,39.25103116733366],[-76.54134793287986,39.25103185564202],[-76.54134956066288,39.2510325664058],[-76.5413511732399,39.25103329962947],[-76.54135276829965,39.25103405440327],[-76.54135434584794,39.25103482982642],[-76.54135590703171,39.25103562770494],[-76.54135744838702,39.25103644622384],[-76.54135897223092,39.25103728539205],[-76.54136047740489,39.25103814520511],[-76.5413619627562,39.25103902475777],[-76.54136342712063,39.25103992494621],[-76.5413648716624,39.25104084487421],[-76.54136629638157,39.25104178454179],[-76.54136769896697,39.25104274303914],[-76.54136907942436,39.25104371946549],[-76.54137043774212,39.25104471562239],[-76.54137177393187,39.2510457297083],[-76.54137308799368,39.25104676172324],[-76.54137437761051,39.25104781165812],[-76.54137564394662,39.25104887861678],[-76.54137688584356,39.25104996259463],[-76.54137810330134,39.25105106359171],[-76.5413792951673,39.25105218070276],[-76.5413804625998,39.25105331393227],[-76.54138160444055,39.25105446327572],[-76.54138272070102,39.25105562693164],[-76.54138381021694,39.25105680579622],[-76.54138487298832,39.25105799986945],[-76.54138590902677,39.25105920734988],[-76.541386917168,39.25106042913372],[-76.5413878985763,39.25106166432467],[-76.54138885209321,39.25106291291838],[-76.54138977656598,39.25106417400936],[-76.54139067315315,39.2510654476023],[-76.54139154070205,39.25106673279187],[-76.54139238037114,39.25106802958254],[-76.54139318984346,39.25106933796534],[-76.54139397028328,39.25107065704402],[-76.54139472053211,39.25107198681405],[-76.54139544176014,39.25107332547849],[-76.54139613163868,39.25107467482971],[-76.54139679133786,39.25107603307077],[-76.5413974208635,39.25107739930096],[-76.54139802020978,39.25107877442101],[-76.54139858822411,39.2510801575256],[-76.54139912490632,39.25108154861481],[-76.54139963026816,39.25108294588707],[-76.54140010430376,39.2510843502432],[-76.54140054586048,39.25108576077783],[-76.54140095725531,39.25108717750008],[-76.54140133618282,39.25108859859937],[-76.54140168263724,39.25109002497646],[-76.5414019977771,39.25109145663592],[-76.54140228046133,39.25109289087089],[-76.54140253067243,39.25109433038364],[-76.54140274843367,39.25109577157124],[-76.54140293489202,39.25109721623962],[-76.54140308773619,39.25109866347908],[-76.54140320928904,39.25110011239785],[-76.54140329723937,39.25110156208608],[-76.54140335273988,39.25110301344918],[-76.54140337579635,39.25110446558629],[-76.54140336642045,39.25110591669596],[-76.54140332460055,39.25110736857972],[-76.54140325034824,39.25110881943602],[-76.54140314251092,39.25111026835954],[-76.54140300339965,39.25111171626013],[-76.54140283186184,39.25111316223257],[-76.54140262674476,39.25111460537148],[-76.54140379506438,39.25111613944845],[-76.54140472079179,39.25111541343765],[-76.54140567878854,39.2511147136753],[-76.54140666789623,39.25111404015693],[-76.54140768579201,39.25111339377414],[-76.54140873246996,39.25111277542779],[-76.5414098056132,39.25111218510877],[-76.54141090520423,39.25111162551937],[-76.54141202777907,39.25111109484446],[-76.54141317448475,39.25111059489011],[-76.54141434299834,39.25111012654795],[-76.54141553216134,39.25110968981357],[-76.54141673964511,39.25110928647935],[-76.54141796430277,39.25110891473923],[-76.54141920495836,39.25110857729101],[-76.54142045930071,39.25110827322484],[-76.54142172732399,39.25110800344153],[-76.54142300671121,39.25110776793198],[-76.54142429514529,39.25110756668712],[-76.54142559262044,39.25110740060772],[-76.54142689565536,39.251107270581],[-76.54142820426169,39.25110717480542],[-76.54142951726921,39.25110711507794],[-76.5414308312083,39.25110709048427],[-76.54143214491461,39.25110710192061],[-76.54143345839397,39.25110714848623],[-76.54143476816499,39.2511072310683],[-76.5414360742336,39.25110734876607],[-76.54143737428265,39.25110750157047],[-76.54143866599524,39.25110768947247],[-76.54143994937129,39.25110791247205],[-76.54144122094118,39.25110816965493],[-76.54144248070482,39.25110846102105],[-76.54144372750378,39.25110878656596],[-76.54144495786834,39.25110914537529],[-76.5414461717985,39.25110953744904],[-76.54144736698305,39.25110996187742],[-76.54144854342199,39.25111041866039],[-76.54144969880417,39.25111090688822],[-76.54145083081836,39.25111142565105],[-76.54145193946458,39.25111197494897],[-76.54145302243158,39.25111255387206],[-76.5414540785609,39.25111316241585],[-76.54145510786422,39.25111379877885],[-76.54145610687173,39.25111446204676],[-76.54145707674209,39.25111515222404],[-76.54145801400541,39.25111586839645],[-76.54145891982618,39.25111660966766],[-76.54145979074046,39.25111737422267],[-76.54146062790085,39.25111816296677],[-76.54146142900794,39.25111897318858],[-76.54146219406749,39.25111980398743],[-76.5414629207566,39.25112065625498],[-76.54146360794013,39.25112152638368],[-76.54146425677075,39.25112241527887],[-76.54146486610155,39.25112332113448],[-76.54146543362133,39.25112424304074],[-76.54146595933598,39.25112518009687],[-76.54146644326291,39.25112612960066],[-76.54146688539626,39.25112709245278],[-76.54146728227218,39.25112806683822],[-76.54146763737788,39.25112905096904],[-76.54146794608505,39.25113004392644],[-76.54146821187514,39.25113104482312],[-76.54146843243682,39.25113205274939],[-76.54146860662334,39.25113306589919],[-76.54146873676326,39.25113408248009],[-76.54146882053966,39.25113510248297],[-76.54146885912262,39.25113612411092],[-76.54146885135941,39.25113714645864],[-76.54146879842025,39.25113816772915],[-76.54146870031678,39.25113918612097],[-76.54146855588461,39.25114020253033],[-76.54146836630557,39.25114121335869],[-76.54146813157377,39.2511422195069],[-76.54146785170678,39.25114321827258],[-76.54146752786883,39.25114420875959],[-76.54146716007158,39.25114518916644],[-76.54146674830922,39.25114616039385],[-76.54146629260505,39.25114711883883],[-76.54146579527605,39.25114806451038],[-76.54146525516948,39.25114899650328],[-76.54146467460831,39.2511499139258],[-76.54146405245135,39.25115081407115],[-76.54146339101572,39.25115169694845],[-76.54146269030717,39.25115256165689],[-76.54146133570117,39.25115403903987],[-76.54146380516809,39.25115394239293],[-76.54146554395886,39.25115343123877],[-76.54146729418339,39.2511529435494],[-76.54146905468313,39.2511524793202],[-76.54147082661088,39.25115203945651],[-76.54147260649103,39.25115162394475],[-76.54147439664645,39.25115123189319],[-76.54147619475422,39.25115086419354],[-76.54147800080865,39.25115052174656],[-76.54147981366285,39.25115020274621],[-76.54148163446358,39.25114990899856],[-76.54148346089399,39.25114964049454],[-76.5414852941241,39.25114939543713],[-76.54148713181945,39.25114917651953],[-76.54148897399173,39.25114898194032],[-76.54149082063513,39.25114881260018],[-76.5414926705969,39.25114866759388],[-76.54149452270694,39.25114854871835],[-76.54149637813541,39.25114845417666],[-76.54149823571217,39.25114838576574],[-76.54150009313176,39.2511483416751],[-76.5415019527055,39.25114832281446],[-76.5415038121163,39.25114832917485],[-76.54150567020565,39.25114836075169],[-76.5415075281321,39.25114841754952],[-76.5415093847371,39.25114849956383],[-76.54151123886218,39.25114860679007],[-76.54151309050732,39.2511487392283],[-76.54151493851408,39.25114889687391],[-76.54151678288821,39.2511490788262],[-76.54151862246535,39.25114928598143],[-76.54152045724558,39.25114951833955],[-76.54152228722887,39.25114977590052],[-76.54152411126259,39.25115005775919],[-76.54152592818809,39.25115036391089],[-76.54152773684122,39.25115069525196],[-76.54152953954468,39.25115105089063],[-76.54153133282304,39.25115143081338],[-76.54153311899321,39.25115183502922],[-76.54153489458565,39.25115226262385],[-76.54153665958856,39.2511527153988],[-76.54153841517217,39.25115319155701],[-76.541540160178,39.251153691094],[-76.54154189344163,39.25115421490602],[-76.54154361381626,39.25115476118705],[-76.54154532244875,39.25115533174302],[-76.54154701819226,39.25115592476801],[-76.54154869988821,39.25115654025749],[-76.54155036753086,39.2511571791122],[-76.54155202112599,39.25115784043135],[-76.54155365951507,39.25115852421041],[-76.54155528154546,39.25115922954418],[-76.54155688836983,39.25115995733787],[-76.54155847883548,39.25116070668622],[-76.5415600517839,39.25116147758475],[-76.54156160722094,39.25116226913266],[-76.54156314514655,39.25116308132995],[-76.54156466323796,39.25116391506838],[-76.54156616381799,39.25116476945617],[-76.54156764457542,39.25116564358358],[-76.54156910551023,39.25116653745062],[-76.54157054662249,39.25116745105723],[-76.54157196559514,39.2511683843944],[-76.54157336475095,39.25116933657042],[-76.54157474177302,39.25117030757625],[-76.54157609781981,39.25117129741643],[-76.54157743058009,39.25117230518114],[-76.54157874005975,39.25117332996962],[-76.54158002740562,39.25117437358793],[-76.54158129031227,39.25117543422548],[-76.5415825299383,39.25117651188683],[-76.54158374513095,39.2511776056667],[-76.54158493588444,39.25117871646583],[-76.54158610105192,39.25117984247819],[-76.54158724062746,39.25118098460456],[-76.54158835461705,39.25118214194412],[-76.54158944302051,39.25118331449697],[-76.54159050468529,39.25118450135783],[-76.54159153845858,39.25118570162131],[-76.54159254664586,39.25118691709807],[-76.54159352694755,39.25118814507682],[-76.54159447935781,39.25118938645821],[-76.54159540388241,39.25119064034155],[-76.54159630052142,39.25119190672685],[-76.54159716811631,39.25119318560957],[-76.54159800783719,39.25119447519275],[-76.54159881736128,39.25119577636809],[-76.54159959785287,39.25119708823933],[-76.54160034931196,39.25119841080651],[-76.54160107058588,39.25119974316437],[-76.54160176167458,39.25120108531286],[-76.5416024237424,39.25120243635578],[-76.5416030544724,39.25120379628405],[-76.54160365502877,39.25120516420152],[-76.54160422425313,39.2512065401036],[-76.54160476214537,39.25120792399033],[-76.54160526987573,39.2512093140647],[-76.54160574627983,39.25121071122295],[-76.54160619135762,39.25121211546507],[-76.54160660512666,39.25121352408884],[-76.54160698641674,39.25121493889123],[-76.54160733639216,39.25121635897598],[-76.54160765390026,39.25121778343787],[-76.54160794010539,39.25121921138057],[-76.54160819384317,39.25122064370046],[-76.54160841628378,39.25122207860042],[-76.54160860626286,39.25122351697678],[-76.54160876263356,39.25122495702345],[-76.54160888770708,39.25122639965025],[-76.54160898149506,39.25122784305569],[-76.54160904167462,39.25122928813144],[-76.5416090694159,39.25123073308058],[-76.54160906471313,39.2512321788038],[-76.54160902757211,39.25123362440036],[-76.54160895915717,39.25123506897407],[-76.54160885715127,39.2512365125159],[-76.54160872271875,39.2512379541295],[-76.54160855701808,39.25123939381954],[-76.54160835773808,39.2512408306761],[-76.54160812719002,39.25124226560909],[-76.54160817142231,39.25124456545674],[-76.5416092401977,39.25124357517539],[-76.54160997170813,39.25124278444979],[-76.54161073785163,39.25124201277569],[-76.54161153745223,39.25124126285073],[-76.54161237050421,39.25124053557573],[-76.541613235849,39.25123983094611],[-76.54161413232222,39.25123914985813],[-76.54161505875383,39.25123849410881],[-76.54161601398525,39.25123786369354],[-76.54161699685221,39.25123725950861],[-76.54161800619032,39.2512366824502],[-76.54161904083529,39.25123613341457],[-76.54162009962859,39.25123561239717],[-76.5416211814059,39.2512351202943],[-76.54162228500293,39.2512346580021],[-76.5416234069441,39.251234225507],[-76.54162454953484,39.25123382461967],[-76.5416257081469,39.25123345442111],[-76.54162688277452,39.25123311581216],[-76.54162807225329,39.25123280968899],[-76.54162927543058,39.25123253514639],[-76.54163048881924,39.25123229397226],[-76.54163171357769,39.25123208617117],[-76.54163294623632,39.25123191082872],[-76.54163418562493,39.25123176974191],[-76.54163543059086,39.25123166200551],[-76.54163667996978,39.25123158851571],[-76.54163793260325,39.25123154926801],[-76.54163918502142,39.25123154334803],[-76.54164043837704,39.25123157166114],[-76.54164168804192,39.25123163328846],[-76.54164293516294,39.25123173003598],[-76.54164417744055,39.25123185919242],[-76.54164541254605,39.25123202255028],[-76.54164663932094,39.25123222010495],[-76.54164785661834,39.2512324500505],[-76.54164906327979,39.25123271238233],[-76.54165025814088,39.25123300799672],[-76.54165143773201,39.25123333597934],[-76.54165260205895,39.25123369542943],[-76.54165374996317,39.25123408634251],[-76.54165487913352,39.25123450780868],[-76.54165598956992,39.25123495982803],[-76.54165707895542,39.25123544239153],[-76.54165814498458,39.25123595368854],[-76.54165918766331,39.25123649281842],[-76.54166020582718,39.2512370606773],[-76.54166119832358,39.25123765635999],[-76.54166216285292,39.25123827715517],[-76.54166309940351,39.25123892486426],[-76.54166400682854,39.25123959768136],[-76.54166488282263,39.25124029379584],[-76.54166572622142,39.25124101410398],[-76.54166653820086,39.25124175590802],[-76.54166731527961,39.25124252009515],[-76.54166805862786,39.25124330486838],[-76.54166876593435,39.25124410931795],[-76.54166943605223,39.25124493163781],[-76.54167006897568,39.25124577272872],[-76.54167066472215,39.25124662988841],[-76.54167122097461,39.25124750310785],[-76.54167173774474,39.25124839058556],[-76.54167221503826,39.25124929142075],[-76.54167265054404,39.25125020470368],[-76.54167304542635,39.25125112953803],[-76.54167339853838,39.25125206411789],[-76.54167370872742,39.25125300753788],[-76.54167397715193,39.2512539598026],[-76.5416742026709,39.25125491820522],[-76.54167438529014,39.25125588184505],[-76.54167452385694,39.25125684981678],[-76.54167461953558,39.25125782122416],[-76.54167467117924,39.25125879426122],[-76.54167467994644,39.25125976893241],[-76.54167464353755,39.25126074252652],[-76.54167456426963,39.25126171505254],[-76.54167444215429,39.25126268470898],[-76.54167427603889,39.25126365059057],[-76.54167406593497,39.25126461089582],[-76.54167381300689,39.25126556472841],[-76.54167351841325,39.25126651209302],[-76.54167318101284,39.25126745028277],[-76.54167280197002,39.25126837840142],[-76.5416723801264,39.25126929644448],[-76.54167191897481,39.25127020172332],[-76.54167141735684,39.25127109423335],[-76.54167087527821,39.2512719730738],[-76.54167029390915,39.25127283644772],[-76.54166967441974,39.25127368255814],[-76.54166901796268,39.25127451231037],[-76.54166832454966,39.25127532390282],[-76.5416675941923,39.25127611553401],[-76.54166682920754,39.25127688721301],[-76.54166610156669,39.25127833461796],[-76.54166742977745,39.25127825332864],[-76.54166918593579,39.25127774404081],[-76.5416709535222,39.25127725911847],[-76.54167273254242,39.25127679766086],[-76.54167452067368,39.25127636055967],[-76.54167631791597,39.25127594781495],[-76.54167812426927,39.2512755594266],[-76.54167993973937,39.25127519449394],[-76.54168176315034,39.25127485571468],[-76.54168359336114,39.25127454038206],[-76.54168543036013,39.25127425029756],[-76.54168727298878,39.25127398545663],[-76.54168912241148,39.25127374496314],[-76.5416909763053,39.2512735297087],[-76.54169283467616,39.25127333879259],[-76.5416946975123,39.25127317401635],[-76.54169656250269,39.25127303447012],[-76.54169843197,39.25127291926221],[-76.54170030242717,39.2512728301806],[-76.54170217504436,39.25127276542823],[-76.54170404980985,39.2512727268067],[-76.54170592325396,39.2512727134016],[-76.5417077988523,39.25127272522653],[-76.54170967197074,39.25127276226345],[-76.5417115449263,39.25127282452139],[-76.54171341656057,39.25127291199573],[-76.54171528455059,39.25127302557831],[-76.54171715122514,39.25127316347657],[-76.54171901426128,39.25127332658228],[-76.54172087250053,39.25127351489088],[-76.54172272710142,39.25127372840694],[-76.54172457574695,39.25127396712135],[-76.54172641959563,39.25127423103866],[-76.54172825749473,39.25127451925366],[-76.54173008827992,39.2512748326625],[-76.54173191195709,39.25127517036444],[-76.54173372736763,39.25127553235496],[-76.54173553450578,39.25127591953483],[-76.54173733337743,39.25127633100331],[-76.54173912167121,39.25127676585056],[-76.54174090053414,39.25127722588266],[-76.54174266881927,39.25127770929357],[-76.54174442652085,39.25127821698403],[-76.54174617248616,39.25127874804873],[-76.54174790555663,39.2512793024832],[-76.54174962689089,39.25127988029197],[-76.54175133417178,39.25128048146599],[-76.54175302856376,39.25128110510902],[-76.54175470890245,39.25128175211725],[-76.54175637404094,39.25128242068471],[-76.54175802396763,39.2512831126129],[-76.54175965752984,39.25128382699653],[-76.54176127589189,39.2512845629394],[-76.5417628767367,39.2512853204324],[-76.54176446122291,39.25128609948013],[-76.54176602819192,39.25128690007801],[-76.54176757649104,39.25128772132084],[-76.54176910612027,39.25128856320854],[-76.54177061707378,39.2512894266419],[-76.5417721082048,39.25129030981489],[-76.5417735795132,39.25129121272756],[-76.54177503099902,39.25129213537981],[-76.54177646034525,39.2512930777627],[-76.54177786987478,39.25129403898445],[-76.54177925611197,39.25129501903151],[-76.54178062137392,39.25129601791298],[-76.54178196450208,39.25129703562427],[-76.54178328319108,39.25129807035488],[-76.54178457974636,39.25129912391533],[-76.54178585302674,39.25130019359884],[-76.54178710070367,39.25130128119789],[-76.5417883251057,39.25130238492004],[-76.5417895239101,39.25130350565698],[-76.54179069828696,39.25130464161169],[-76.54179184591347,39.25130579367593],[-76.54179296795388,39.25130696095345],[-76.54179406440831,39.25130814344425],[-76.54179513412397,39.2513093402431],[-76.54179617710088,39.25131055134995],[-76.54179719218055,39.25131177676028],[-76.54179818052722,39.25131301557787],[-76.54179913982986,39.251314266893],[-76.5418000723995,39.25131553161533],[-76.54180097592501,39.25131680883516],[-76.54180185041218,39.25131809765173],[-76.54180269701961,39.25131939806954],[-76.54180351343012,39.25132071007951],[-76.54180430080815,39.25132203278554],[-76.54180505799515,39.25132336618295],[-76.54180578615546,39.25132470937565],[-76.54180648413637,39.25132606145828],[-76.54180715077355,39.25132742332708],[-76.54180778723133,39.25132879408583],[-76.5418083935097,39.25133017373458],[-76.54180896846178,39.25133156046724],[-76.54180951324027,39.25133295518909],[-76.54181002552815,39.25133435789112],[-76.54181050765987,39.25133576588011],[-76.54181095730681,39.25133718094852],[-76.5418113756391,39.25133860129936],[-76.54181176149234,39.25134002782885],[-76.54181211603675,39.25134145874006],[-76.54181243810801,39.25134289492914],[-76.54181272887615,39.25134433459918],[-76.54181298717702,39.25134577864637],[-76.54181321302205,39.25134722526928],[-76.54181340641141,39.2513486744678],[-76.54181356733919,39.25135012714274],[-76.54181369582284,39.25135158059186],[-76.54181379185074,39.25135303661662],[-76.54181385543453,39.25135449341555],[-76.54181388657997,39.25135595008791],[-76.5418138841228,39.25135740752989],[-76.54181385038585,39.25135886484981],[-76.54181378305205,39.25136032203861],[-76.54181368445008,39.25136177730383],[-76.54181355226288,39.25136323063646],[-76.5418133876432,39.25136468294177],[-76.54181319176116,39.2513661324227],[-76.54181288185484,39.25136819578628],[-76.54181518871599,39.25136708692868],[-76.54181609024744,39.25136634010247],[-76.54181702521871,39.25136561772759],[-76.54181799130694,39.25136492069586],[-76.54181898850047,39.25136425080868],[-76.5418200144824,39.25136360805705],[-76.54182106924682,39.25136299334169],[-76.54182215047092,39.25136240755437],[-76.54182325814882,39.25136185159579],[-76.54182438880511,39.25136132545236],[-76.5418255435866,39.25136083093015],[-76.54182671902355,39.25136036711483],[-76.54182791510439,39.25135993580793],[-76.54182912835353,39.25135953699586],[-76.54183035992378,39.25135917158382],[-76.54183160749795,39.25135883956291],[-76.54183286875335,39.25135854182479],[-76.54183414137287,39.25135827836034],[-76.54183542651505,39.25135804917416],[-76.54183672069854,39.25135785515342],[-76.54183802277068,39.25135769539282],[-76.54183933156128,39.25135757168938],[-76.54184064359487,39.2513574840295],[-76.5418419600357,39.251357431517],[-76.54184327856684,39.25135741414282],[-76.54184459570683,39.25135743279411],[-76.54184591261429,39.25135748747545],[-76.54184722466096,39.25135757726795],[-76.54184853300534,39.25135770217614],[-76.54184983532456,39.25135786309179],[-76.54185112814896,39.25135805910049],[-76.54185241264287,39.25135828930609],[-76.54185368532485,39.25135855459576],[-76.54185494619503,39.25135885496947],[-76.54185619295377,39.25135918771598],[-76.54185742326661,39.25135955552845],[-76.54185863599251,39.25135995570018],[-76.54185983113142,39.25136038823105],[-76.54186100520779,39.2513608531076],[-76.54186215938607,39.25136134943356],[-76.54186328903789,39.25136187629013],[-76.54186439532185,39.25136243368179],[-76.54186547476823,39.25136302069423],[-76.54186652854126,39.25136363643124],[-76.54186755432403,39.25136428088381],[-76.54186854981113,39.25136495224133],[-76.54186951500249,39.25136565050385],[-76.54187044759274,39.2513663738608],[-76.54187134758192,39.2513671223122],[-76.54187221381734,39.25136789495278],[-76.54187304515204,39.25136868997652],[-76.54187384042757,39.25136950737888],[-76.54187459849126,39.25137034625458],[-76.54187531820197,39.25137120389692],[-76.54187599955388,39.25137208120658],[-76.5418766402417,39.25137297637304],[-76.54187724142963,39.25137388850005],[-76.54187780080649,39.25137481667785],[-76.54187831954248,39.25137575910944],[-76.5418787941678,39.25137671488054],[-76.54187922700538,39.25137768309939],[-76.54187961574972,39.2513786619555],[-76.54187996040088,39.25137965144883],[-76.54188025981776,39.25138064887264],[-76.54188051515891,39.25138165423142],[-76.54188072527738,39.25138266571913],[-76.54188089017903,39.25138368243512],[-76.5418810098697,39.25138470347853],[-76.54188108320825,39.2513857261426],[-76.54188111018885,39.25138675132818],[-76.54188109199336,39.25138777543668],[-76.54188102745738,39.25138879936433],[-76.54188091775694,39.25138982041346],[-76.54188076173921,39.25139083767878],[-76.54188056056863,39.25139185026406],[-76.54188031425096,39.25139285726855],[-76.5418800227978,39.25139385689074],[-76.54187968737935,39.25139484733361],[-76.54187930799556,39.25139582859721],[-76.54187888349377,39.25139679977626],[-76.54187841737274,39.25139775728132],[-76.5418779073038,39.25139870290485],[-76.54187735562149,39.2513996339536],[-76.54187676349592,39.25140054863063],[-76.54187612976268,39.25140144783216],[-76.5418754567563,39.25140232886503],[-76.54187474448266,39.25140319082835],[-76.54187399410594,39.25140403282606],[-76.54187320678473,39.25140485486251],[-76.5418721910072,39.25140607054639],[-76.54187484425825,39.25140568185644],[-76.54187652895101,39.25140511643876],[-76.54187822624782,39.25140457268881],[-76.54187993497275,39.25140405330428],[-76.54188165629597,39.25140355648821],[-76.54188338789459,39.25140308313232],[-76.54188512976864,39.25140263323663],[-76.54188688075959,39.25140220679658],[-76.54188864202021,39.25140180471747],[-76.54189041123921,39.25140142608952],[-76.54189218957508,39.25140107091716],[-76.5418939747051,39.25140074009224],[-76.54189576778184,39.25140043451994],[-76.54189756650001,39.25140015238967],[-76.54189937201227,39.25139989460683],[-76.54190118316009,39.25139966116684],[-76.54190299877919,39.25139945296591],[-76.54190481887531,39.2513992691033],[-76.54190664344854,39.25139910957903],[-76.54190847018187,39.25139897438402],[-76.54191030022785,39.25139886442355],[-76.54191213242814,39.25139877969318],[-76.54191396562992,39.25139871928751],[-76.54191580098599,39.2513986841119],[-76.54191763618509,39.25139867325653],[-76.54191947238573,39.25139868672593],[-76.54192130610078,39.25139872630805],[-76.54192313965882,39.25139879021039],[-76.54192497190147,39.25139887842847],[-76.54192680166423,39.25139899185849],[-76.54192862895312,39.25139912959974],[-76.54193045260365,39.25139929254841],[-76.54193227146318,39.25139947979924],[-76.54193408668442,39.25139969225749],[-76.5419358971205,39.25139992811717],[-76.54193770160121,39.25140018917526],[-76.54193950013246,39.25140047453097],[-76.5419412915557,39.25140078417982],[-76.54194307587092,39.25140111812182],[-76.54194485307815,39.25140147635693],[-76.54194662086616,39.25140185797535],[-76.54194838038764,39.25140226388239],[-76.54195013164843,39.25140269317732],[-76.54195187116717,39.25140314674728],[-76.54195360126667,39.25140362370056],[-76.54195532079429,39.25140412313193],[-76.54195702858568,39.2514046459376],[-76.54195872464085,39.25140519211755],[-76.54196040780124,39.25140576166733],[-76.54196207807271,39.25140635368612],[-76.54196373430258,39.25140696726866],[-76.54196537763771,39.25140760422098],[-76.54196700577272,39.25140826273255],[-76.54196861870173,39.2514089437041],[-76.54197021643648,39.25140964533417],[-76.54197179896524,39.25141036942422],[-76.54197336397689,39.25141111506451],[-76.54197491264151,39.25141188045795],[-76.54197644378894,39.25141266740167],[-76.54197795626075,39.25141347589105],[-76.54197945123282,39.25141430322842],[-76.54198092753508,39.25141515121067],[-76.54198238516743,39.2514160198379],[-76.54198382182462,39.25141690729954],[-76.54198523982349,39.25141781360461],[-76.54198663568285,39.2514187396403],[-76.54198801172542,39.25141968451494],[-76.54198936679863,39.25142064732319],[-76.54199069857953,39.25142162895683],[-76.54199200939681,39.2514226276234],[-76.54199329808614,39.25142364421912],[-76.5419945623305,39.25142467873486],[-76.54199580445854,39.25142572937828],[-76.54199702214743,39.25142679704106],[-76.54199821656148,39.25142788082694],[-76.54199938538366,39.25142898072693],[-76.5420005309368,39.25143009584928],[-76.54200164973965,39.25143122708118],[-76.54200274412071,39.25143237263015],[-76.54200381175721,39.25143353338797],[-76.54200485497201,39.25143470846291],[-76.54200587029536,39.25143589694061],[-76.54200685888577,39.25143709882565],[-76.54200782074324,39.25143831411797],[-76.54200875586776,39.25143954281766],[-76.54200966195391,39.25144078311411],[-76.54201054131298,39.2514420359171],[-76.54201139162787,39.25144330121762],[-76.54201221407456,39.25144457631794],[-76.54201300864142,39.25144586301954],[-76.54201377301723,39.25144716041267],[-76.54201450836048,39.25144846850182],[-76.54201521468285,39.25144978548553],[-76.54201589197847,39.25145111226447],[-76.54201653794199,39.25145244702819],[-76.54201715487878,39.25145379158715],[-76.54201774164774,39.25145514323469],[-76.54201829823725,39.2514565037722],[-76.54201882466482,39.25145787049745],[-76.5420193197602,39.25145924520747],[-76.54201978354088,39.25146062519994],[-76.54202021715379,39.25146201228099],[-76.54202061945195,39.25146340464444],[-76.54202099043545,39.25146480229046],[-76.54202133010421,39.25146620521896],[-76.54202163846988,39.2514676116284],[-76.54202191552665,39.25146902241961],[-76.54202216012185,39.25147043668733],[-76.5420223734139,39.25147185443598],[-76.54202255541453,39.25147327386419],[-76.54202270495352,39.25147469676881],[-76.54202282320686,39.2514761204522],[-76.5420229090102,39.25147754581054],[-76.54202296352209,39.25147897284839],[-76.54202298559559,39.2514803997597],[-76.54202297638925,39.251481826549],[-76.54202293474455,39.25148325321172],[-76.54202286066726,39.25148467884723],[-76.54202275531593,39.25148610345993],[-76.54202261869052,39.2514875270499],[-76.54202244964422,39.25148894781108],[-76.54202224817112,39.25149036664423],[-76.5420220154414,39.25149178175235],[-76.54202242323973,39.2514935785846],[-76.54202356874627,39.25149236700859],[-76.54202448211215,39.25149158149367],[-76.54202543006488,39.25149082223613],[-76.5420264102932,39.25149008832616],[-76.54202742394992,39.25148938066896],[-76.54202846754187,39.25148870195329],[-76.54202954107504,39.25148805127839],[-76.54203064337921,39.25148743044118],[-76.54203177329592,39.25148683943722],[-76.54203292850228,39.2514862791582],[-76.54203410782814,39.25148575140103],[-76.54203531012084,39.25148525526059],[-76.54203653421605,39.25148479163298],[-76.54203777779095,39.25148436140995],[-76.54203903968119,39.25148396548777],[-76.5420403187341,39.25148360296107],[-76.54204161377365,39.25148327652774],[-76.54204292249452,39.2514829843771],[-76.54204424257391,39.25148272740093],[-76.54204557400007,39.25148250740072],[-76.54204691446765,39.25148232256593],[-76.54204826280659,39.25148217469352],[-76.54204961554709,39.25148206286923],[-76.54205097384184,39.25148198799824],[-76.54205233421537,39.25148195006712],[-76.54205369550911,39.25148194907121],[-76.54205505541188,39.25148198410088],[-76.54205641391788,39.25148205605679],[-76.54205776755157,39.25148216492536],[-76.54205911631287,39.25148231070663],[-76.54206045789645,39.25148249159007],[-76.54206178997367,39.25148270936813],[-76.54206311139185,39.25148296313554],[-76.5420644209924,39.25148325288773],[-76.54206571646999,39.25148357681432],[-76.54206699665446,39.25148393671211],[-76.54206826040468,39.25148432987443],[-76.5420695053979,39.25148475719298],[-76.5420707304756,39.25148521866321],[-76.54207193449081,39.25148571247912],[-76.54207311628511,39.25148623863622],[-76.54207427238872,39.25148679622016],[-76.542075403966,39.25148738433474],[-76.54207650869988,39.25148800297094],[-76.54207758427916,39.25148865121891],[-76.54207863070968,39.25148932817796],[-76.54207964683872,39.25149003294278],[-76.54208063034926,39.25149076550437],[-76.54208158010019,39.25149152315593],[-76.54208249609152,39.25149230589748],[-76.54208337600632,39.25149311371998],[-76.54208421869754,39.25149394481738],[-76.5420850253354,39.25149479739277],[-76.54208579244437,39.25149567143253],[-76.54208652003022,39.25149656603593],[-76.54208720694027,39.25149748029768],[-76.54208785319197,39.25149841151558],[-76.54208845646828,39.25149935968057],[-76.54208901793351,39.2515003238964],[-76.54208953527639,39.25150130325327],[-76.54209000851446,39.25150229504901],[-76.54209043764186,39.25150330018428],[-76.54209082152332,39.2515043150516],[-76.54209116015299,39.25150534055173],[-76.54209145238988,39.25150637397789],[-76.54209169823388,39.25150741533005],[-76.54209189654398,39.25150846190147],[-76.54209204847865,39.25150951369668],[-76.54209215404954,39.25151056891416],[-76.54209221210397,39.25151162664863],[-76.54209222265348,39.2515126850986],[-76.54209218570979,39.25151374246259],[-76.542092101267,39.25151479964132],[-76.54209196934836,39.25151585303182],[-76.54209179111827,39.25151690173779],[-76.54209156657662,39.25151794575932],[-76.54209129458245,39.25151898238955],[-76.54209097745266,39.25152001163758],[-76.54209061288196,39.25152103169286],[-76.54209020435162,39.2515220416682],[-76.54208975072058,39.25152303885678],[-76.54208925198306,39.25152402415942],[-76.54208871047341,39.25152499488286],[-76.54208812503906,39.2515259501218],[-76.54208749799702,39.25152688988535],[-76.54208682936462,39.2515278114712],[-76.54208611914196,39.25152871487939],[-76.5420853696576,39.25152959831744],[-76.54208504786503,39.25153117071368],[-76.5420875356841,39.25153020668028],[-76.54208916030971,39.25152961400205],[-76.5420907975337,39.25152904389233],[-76.54209244736764,39.25152849454953],[-76.54209410863561,39.25152796867137],[-76.54209578134922,39.25152746445642],[-76.54209746549687,39.25152698370614],[-76.54209915992584,39.25152652551529],[-76.54210086463611,39.25152608988383],[-76.54210257846923,39.25152567680729],[-76.54210430141352,39.25152528808711],[-76.54210603232211,39.25152492191731],[-76.54210777118922,39.25152457919866],[-76.54210951801478,39.25152425993108],[-76.54211127164041,39.25152396411013],[-76.5421130309074,39.25152369173124],[-76.54211479696863,39.25152344369973],[-76.54211656751282,39.25152321910578],[-76.54211834369846,39.25152301795394],[-76.54212012319692,39.25152284203663],[-76.54212190602567,39.25152268865162],[-76.54212369332579,39.25152256050568],[-76.54212548163328,39.25152245578376],[-76.54212727325947,39.25152237539562],[-76.54212906589306,39.25152231843146],[-76.54213085952246,39.25152228669289],[-76.54213265415929,39.25152227837826],[-76.54213444748071,39.25152229437939],[-76.54213624064525,39.25152233470079],[-76.54213803365292,39.25152239934241],[-76.54213982418669,39.25152248829522],[-76.54214161225235,39.2515226006585],[-76.54214339784407,39.25152273733299],[-76.54214517980337,39.2515228983142],[-76.54214695813612,39.25152308270132],[-76.54214873283638,39.25152329139512],[-76.54215050158724,39.2515235243866],[-76.5421522655588,39.25152377987875],[-76.54215402241658,39.25152406056479],[-76.54215577449509,39.25152436375151],[-76.54215751830712,39.25152469122683],[-76.54215925501701,39.25152504209458],[-76.54216098347207,39.2515254154494],[-76.54216270366067,39.25152581309288],[-76.54216441443589,39.25152623321896],[-76.54216611463347,39.25152667672385],[-76.54216780657622,39.25152714271589],[-76.54216948678855,39.25152763118149],[-76.54217115642906,39.2515281421252],[-76.54217281317489,39.2515286764387],[-76.54217445935467,39.25152923232955],[-76.54217609148701,39.25152981068491],[-76.54217771189479,39.25153041061314],[-76.54217931826103,39.25153103210509],[-76.54218090942717,39.25153167515637],[-76.54218248771022,39.25153233977591],[-76.54218404964051,39.25153302504948],[-76.54218559637064,39.25153373188237],[-76.54218712790657,39.25153445937373],[-76.54218864193113,39.25153520751459],[-76.54219013960868,39.25153597540871],[-76.542191619775,39.2515367639523],[-76.54219308244159,39.25153757134389],[-76.54219452759686,39.25153839938499],[-76.54219595293542,39.25153924626503],[-76.54219735961581,39.25154011198855],[-76.54219874647364,39.25154099745178],[-76.54220011352056,39.2515419008532],[-76.54220146075659,39.25154282219286],[-76.54220278702323,39.25154376146614],[-76.54220409115609,39.25154471956943],[-76.54220537433119,39.25154569380486],[-76.54220663653683,39.25154668597401],[-76.54220787546765,39.25154769426633],[-76.54220909227639,39.25154871958703],[-76.54221028581028,39.25154976103094],[-76.54221145606931,39.25155081859798],[-76.54221260189506,39.25155189228368],[-76.54221372445755,39.25155298029105],[-76.54221482259253,39.25155408351626],[-76.54221589630579,39.25155520105867],[-76.54221694443298,39.25155633381443],[-76.54221796698572,39.25155747998213],[-76.54221896396406,39.25155863956161],[-76.54221993536795,39.25155981255302],[-76.54222088004475,39.25156099805107],[-76.54222179798856,39.25156219695646],[-76.54222268921107,39.25156340746767],[-76.54222355371225,39.2515646295848],[-76.54222439149208,39.25156586330775],[-76.54222520023355,39.25156710862758],[-76.54222598225952,39.25156836465251],[-76.54222673525868,39.25156963047274],[-76.54222746038967,39.25157090609286],[-76.54222815649393,39.25157219150829],[-76.54222882472992,39.25157348672357],[-76.54222946395076,39.25157478993265],[-76.54223007299218,39.25157610203185],[-76.54223065417699,39.25157742212934],[-76.5422312051939,39.25157874931543],[-76.5422317260372,39.25158008449085],[-76.54223221787701,39.25158142585858],[-76.54223267954897,39.25158277431488],[-76.54223310990612,39.25158412805371],[-76.54223351125979,39.25158548798489],[-76.54223388246307,39.25158685230241],[-76.54223422234575,39.25158822280316],[-76.54223453208381,39.25158959678953],[-76.54223481167729,39.25159097426144],[-76.54223505996184,39.25159235611517],[-76.5422352781075,39.25159374055367],[-76.54223546495589,39.25159512757254],[-76.54223562050117,39.25159651807238],[-76.54223574476067,39.25159790935104],[-76.54223583888721,39.25159930231383],[-76.54223590172218,39.2516006969561],[-76.54223593327728,39.25160209147642],[-76.54223593355243,39.25160348587477],[-76.54223590370043,39.25160488105645],[-76.54223584141576,39.25160627521095],[-76.54223574901552,39.25160766834717],[-76.54223562534699,39.25160905956002],[-76.54223547156283,39.25161044975461],[-76.54223528535769,39.25161183712051],[-76.5422350690486,39.25161322166672],[-76.54223482147697,39.25161460338875],[-76.54223454380134,39.25161598229105],[-76.54223423488069,39.25161735566687],[-76.54223463725612,39.25161891647452],[-76.54223573216056,39.25161782630362],[-76.54223661427487,39.25161703616139],[-76.54223753214626,39.25161627047947],[-76.54223848345191,39.25161553014954],[-76.5422394670275,39.25161481606785],[-76.54224048286726,39.25161412913514],[-76.5422415286483,39.25161347024318],[-76.5422426032121,39.25161283938733],[-76.54224370538854,39.25161223836471],[-76.54224483401332,39.25161166807148],[-76.54224598792788,39.25161112850312],[-76.5422471648094,39.25161062055133],[-76.54224836349943,39.25161014421167],[-76.54224958282774,39.25160970128107],[-76.54225082163585,39.25160929175501],[-76.54225207876523,39.25160891562897],[-76.54225335072879,39.25160857469093],[-76.54225463753222,39.25160826804012],[-76.54225593801712,39.25160799567205],[-76.54225724869629,39.25160775937464],[-76.54225857072824,39.25160755915237],[-76.54225989948468,39.25160739408653],[-76.54226123611259,39.25160726598301],[-76.5422625759895,39.25160717302236],[-76.54226392025642,39.25160711791126],[-76.54226526661391,39.25160709793847],[-76.54226661272735,39.25160711579717],[-76.54226795745573,39.25160716878065],[-76.5422692984704,39.25160725868133],[-76.54227063461286,39.25160738549474],[-76.54227196473043,39.25160754831555],[-76.54227328651179,39.25160774623406],[-76.54227459762839,39.25160798104265],[-76.5422758992561,39.25160825004363],[-76.54227718674933,39.25160855502046],[-76.54227846011962,39.25160889417158],[-76.54227971704418,39.25160926838873],[-76.54228095753456,39.25160967587043],[-76.54228217810952,39.25161011750384],[-76.54228337878642,39.25161059058679],[-76.54228455723657,39.25161109691165],[-76.54228571115466,39.25161163466797],[-76.54228684169911,39.25161220386022],[-76.54228794540607,39.25161280267331],[-76.54228902227553,39.25161343110735],[-76.54229006883769,39.25161408824799],[-76.54229108625108,39.25161477409968],[-76.54229207221033,39.25161548685197],[-76.54229302556273,39.2516162255996],[-76.54229394515554,39.25161698943725],[-76.54229483098882,39.25161777836498],[-76.54229567959858,39.25161859056765],[-76.54229649098481,39.25161942604533],[-76.54229726516499,39.25162028209576],[-76.54229800098058,39.25162115871438],[-76.54229869612034,39.25162205499151],[-76.54229935059591,39.25162296912553],[-76.54229996440731,39.25162390111657],[-76.54230053524904,39.25162484915392],[-76.54230106429129,39.25162581144075],[-76.5423015492171,39.25162678796798],[-76.5423019900379,39.25162777693411],[-76.54230238560115,39.25162877743383],[-76.54230273707692,39.25162978767023],[-76.542303042154,39.25163080673348],[-76.54230330199668,39.25163183372734],[-76.54230351545223,39.25163286774658],[-76.54230368137965,39.25163390608443],[-76.5423038020959,39.25163494874986],[-76.5423038752956,39.25163599393238],[-76.54230390214882,39.25163703983501],[-76.54230388149715,39.25163808645326],[-76.54230381451057,39.25163913199011],[-76.54230370004231,39.2516401746395],[-76.54230353809815,39.25164121350075],[-76.54230333100087,39.25164224768211],[-76.54230307760368,39.25164327537757],[-76.54230277790643,39.2516442965871],[-76.54230243193246,39.25164530770776],[-76.54230204199295,39.25164630964929],[-76.54230160694682,39.25164729970493],[-76.54230112795254,39.25164827787918],[-76.54230060502184,39.25164924237057],[-76.54230003931893,39.25165019228283],[-76.54229943085546,39.25165112581446],[-76.54229878078996,39.25165204296999],[-76.54229842643468,39.25165399446543],[-76.54229987578856,39.25165345334592],[-76.54230163074085,39.25165295215096],[-76.54230339712734,39.25165247442066],[-76.54230517262501,39.25165202104674],[-76.54230695839836,39.25165159113292],[-76.54230875443564,39.25165118648078],[-76.54231055843151,39.25165080527972],[-76.54231237153863,39.25165044843506],[-76.54231419143426,39.25165011683846],[-76.54231601812408,39.25164980958923],[-76.54231785276089,39.2516495275926],[-76.54231969303345,39.25164926993876],[-76.54232153777741,39.25164903752403],[-76.54232338815135,39.25164883035281],[-76.54232524299663,39.25164864842068],[-76.54232710231919,39.25164849082687],[-76.54232896379617,39.25164835846306],[-76.54233082858019,39.25164825223455],[-76.54233269436597,39.25164817033083],[-76.54233456230028,39.25164811455785],[-76.54233643238902,39.25164808401489],[-76.54233830116239,39.25164807778763],[-76.54234017092588,39.25164809768671],[-76.54234203936824,39.25164814280219],[-76.54234390648942,39.25164821313417],[-76.54234577228949,39.25164830868265],[-76.54234763560407,39.25164843034384],[-76.54234949528636,39.2516485763117],[-76.54235135248896,39.25164874749149],[-76.54235320489485,39.25164894387427],[-76.54235505250413,39.25164916545997],[-76.5423568941582,39.25164941224404],[-76.54235873102141,39.25164968333035],[-76.54236056192941,39.25164997961507],[-76.54236238456521,39.25165030108914],[-76.54236420125746,39.25165064596016],[-76.54236600851314,39.25165101691678],[-76.5423678086668,39.2516514112658],[-76.54236959823693,39.25165182989443],[-76.54237137954074,39.25165227281166],[-76.5423731491026,39.25165274000402],[-76.54237490923951,39.25165323148048],[-76.5423766576403,39.25165374633128],[-76.542378394305,39.25165428455644],[-76.54238011807503,39.25165484615142],[-76.54238182894456,39.251655432017],[-76.54238352808382,39.25165604035612],[-76.54238521201721,39.25165667115532],[-76.5423868818974,39.2516573253198],[-76.54238853657756,39.25165800104361],[-76.54239017604607,39.25165870012822],[-76.54239179915596,39.25165942076757],[-76.54239340590151,39.25166016386247],[-76.54239499629429,39.25166092761143],[-76.54239656916415,39.25166171381139],[-76.54239812452276,39.25166252066089],[-76.54239966121158,39.25166334815535],[-76.54240117922477,39.25166419719559],[-76.54240267741548,39.25166506597557],[-76.54240415693644,39.25166595540055],[-76.54240561548215,39.25166686366],[-76.54240705419956,39.25166779255996],[-76.54240847077743,39.25166874119065],[-76.54240986638587,39.25166970775503],[-76.54241124101335,39.25167069405462],[-76.54241259235437,39.25167169827892],[-76.54241392156749,39.25167272043247],[-76.54241522633563,39.25167376050617],[-76.5424165089759,39.25167481850912],[-76.54241776717699,39.25167589353148],[-76.5424190020975,39.25167698557781],[-76.54242021142608,39.25167809373826],[-76.54242139515709,39.25167921891369],[-76.54242255446049,39.25168035930703],[-76.54242368817792,39.25168151491378],[-76.54242479514492,39.25168268663023],[-76.54242587537321,39.2516838726548],[-76.54242693002124,39.25168507299203],[-76.54242795677196,39.25168628763295],[-76.54242895678978,39.25168751568128],[-76.54242992891612,39.25168875713249],[-76.54243087315096,39.25169001198657],[-76.54243178834164,39.25169127933831],[-76.54243267564667,39.25169255919215],[-76.5424335339133,39.25169385064292],[-76.54243436314738,39.2516951527898],[-76.54243516334306,39.25169646653359],[-76.54243593450619,39.25169779097347],[-76.54243667431972,39.25169912610049],[-76.54243738511225,39.25170047012212],[-76.54243806571951,39.25170182393464],[-76.5424387161473,39.25170318663726],[-76.54243933523706,39.25170455822546],[-76.54243992415319,39.25170593780307],[-76.54244048173712,39.25170732536553],[-76.5424410079946,39.25170872001205],[-76.5424415029257,39.2517101217427],[-76.54244196653046,39.25171153055745],[-76.5424423988204,39.25171294465484],[-76.54244279863705,39.25171436403026],[-76.54244316713311,39.25171578958906],[-76.54244350316166,39.25171721952523],[-76.54244380788121,39.25171865384323],[-76.54244407898059,39.25172009163329],[-76.54244431877676,39.25172153290443],[-76.54244452611124,39.25172297765223],[-76.54244470214833,39.2517244249803],[-76.54244484457682,39.25172587397903],[-76.54244495454942,39.25172732555356],[-76.54244503207775,39.2517287779024],[-76.54244507716177,39.25173023102555],[-76.54244508980153,39.25173168492311],[-76.54244507000855,39.25173313779349],[-76.54244501661282,39.25173459143367],[-76.54244493194867,39.25173604315044],[-76.54244481369335,39.25173749383557],[-76.54244466416968,39.25173894259725],[-76.5424444810606,39.25174038942654],[-76.54244417327601,39.25174230597366],[-76.54244593403077,39.25174162374373],[-76.54244690616601,39.25174088709642],[-76.54244790940118,39.25174017849423],[-76.54244894490647,39.25173949614027],[-76.54245001034157,39.25173884362844],[-76.54245110455956,39.25173821915276],[-76.54245222522603,39.2517376254064],[-76.54245337234674,39.25173706148869],[-76.54245454474577,39.25173653009729],[-76.54245573895342,39.25173603031794],[-76.5424569549638,39.25173556305138],[-76.54245819161848,39.25173512829306],[-76.54245944774146,39.25173472874084],[-76.54246071986884,39.25173436257953],[-76.54246200799476,39.25173403070995],[-76.54246330979069,39.25173373492457],[-76.54246462410958,39.25173347341737],[-76.54246594978143,39.2517332479853],[-76.54246728448331,39.25173305952016],[-76.54246862706837,39.25173290621585],[-76.54246997520795,39.2517327898649],[-76.54247132890785,39.25173270956653],[-76.54247268468093,39.2517326671087],[-76.54247404138606,39.25173265978466],[-76.54247539668881,39.25173269028762],[-76.54247675060076,39.25173275681608],[-76.54247810079914,39.25173286026178],[-76.54247944612537,39.25173300062016],[-76.54248078426829,39.25173317698148],[-76.54248211291078,39.25173338933666],[-76.54248343089436,39.25173363768128],[-76.54248473822489,39.25173392111453],[-76.54248603142095,39.25173424052365],[-76.5424873093357,39.25173459410254],[-76.54248857080474,39.25173498274749],[-76.54248981468118,39.25173540465255],[-76.54249103864807,39.25173585980858],[-76.54249224038828,39.25173634820665],[-76.54249342106617,39.25173686895047],[-76.54249457721201,39.25173742112573],[-76.54249570766729,39.25173800472795],[-76.54249681128501,39.25173861795111],[-76.54249788690682,39.25173926079069],[-76.54249893337982,39.25173993234142],[-76.54249994839294,39.25174063169356],[-76.54250093194614,39.25174135884708],[-76.54250188289826,39.25174211109519],[-76.54250279892655,39.25174288932962],[-76.54250367888402,39.2517436917444],[-76.54250452393502,39.25174451744329],[-76.5425053306098,39.25174536551194],[-76.54250609891419,39.25174623504968],[-76.54250682769545,39.25174712515114],[-76.54250751580672,39.25174803401044],[-76.54250816325374,39.25174896072667],[-76.54250876887802,39.25174990529546],[-76.54250933269702,39.25175086501446],[-76.54250985239945,39.251751838974],[-76.54251032798531,39.25175282717395],[-76.54251075831354,39.25175382690763],[-76.54251114454259,39.25175483817952],[-76.5425114855198,39.25175586008441],[-76.54251178010989,39.25175688901469],[-76.5425120283012,39.25175792677193],[-76.54251223011697,39.25175896975312],[-76.54251238555719,39.25176001795824],[-76.5425124934808,39.25176106868052],[-76.54251255388192,39.25176212282076],[-76.54251256793651,39.25176317768116],[-76.54251253449193,39.25176423235649],[-76.54251245355965,39.25176528504524],[-76.54251232513981,39.25176633574741],[-76.54251215040821,39.25176738176526],[-76.54251192821229,39.25176842219353],[-76.54251166087474,39.25176945614048],[-76.5425113460844,39.25177048269634],[-76.54251098616993,39.25177150006867],[-76.54251058114292,39.25177250645594],[-76.54251013100334,39.25177350185808],[-76.54250963576867,39.251774483573],[-76.54250909775004,39.25177545251032],[-76.54250851697077,39.25177640506713],[-76.542507893425,39.25177734214414],[-76.54250722828291,39.25177826194438],[-76.54250652271459,39.25177916267081],[-76.54250605555222,39.25178082187665],[-76.54250838219826,39.25178005897961],[-76.54251002302796,39.25177946906109],[-76.54251167761466,39.25177890171548],[-76.54251334479991,39.25177835693823],[-76.54251502458369,39.25177783472942],[-76.54251671464891,39.25177733508001],[-76.5425184161484,39.25177685889517],[-76.54252012792354,39.25177640617048],[-76.54252184998019,39.25177597600518],[-76.542523581154,39.25177556929545],[-76.54252532028065,39.25177518693761],[-76.54252706853032,39.2517748271346],[-76.54252882473283,39.25177449168343],[-76.5425305888882,39.25177418058409],[-76.54253235868521,39.25177389292682],[-76.54253413527653,39.25177362961688],[-76.54253591635096,39.25177338974449],[-76.54253770421978,39.25177317421944],[-76.54253949540156,39.25177298392889],[-76.54254129106644,39.2517728170759],[-76.54254309005017,39.2517726745567],[-76.54254489234685,39.25177255727206],[-76.54254669680959,39.2517724634159],[-76.54254850226837,39.25177239478528],[-76.54255030988737,39.25177235048393],[-76.54255211850817,39.25177233050731],[-76.54255392696641,39.25177233575172],[-76.54255573527371,39.25177236441561],[-76.54255754225997,39.25177241829594],[-76.54255934677244,39.25177249648751],[-76.54256115112815,39.25177259899935],[-76.54256295184578,39.25177272671862],[-76.54256475009545,39.25177287784834],[-76.54256654354849,39.25177305418102],[-76.54256833336929,39.25177325482043],[-76.54257011840502,39.25177347886122],[-76.54257189864418,39.25177372810501],[-76.54257367293988,39.25177400074567],[-76.54257544012765,39.25177429767955],[-76.542577201372,39.2517746180103],[-76.54257895434995,39.25177496262969],[-76.54258069906157,39.25177533153779],[-76.54258243551847,39.25177572293302],[-76.54258416370902,39.25177613861688],[-76.54258588132198,39.25177657767965],[-76.54258758952172,39.25177703922502],[-76.54258928713806,39.25177752505004],[-76.54259097302413,39.25177803334868],[-76.54259264717992,39.25177856412088],[-76.54259430960543,39.25177911736673],[-76.54259595914215,39.2517796930817],[-76.5425975957843,39.25178029216648],[-76.54259921839072,39.25178091191437],[-76.54260082694982,39.25178155412686],[-76.54260242146164,39.25178221880392],[-76.54260399962068,39.25178290413502],[-76.54260556257975,39.25178361102546],[-76.54260711033874,39.25178433947526],[-76.54260864059238,39.25178508767384],[-76.54261015448742,39.2517858574272],[-76.54261164971268,39.25178664782563],[-76.54261312743256,39.25178745797286],[-76.54261458764694,39.25178828786891],[-76.54261602803886,39.25178913750469],[-76.54261744976679,39.25179000688481],[-76.54261885167813,39.25179089510391],[-76.54262023261424,39.25179180215754],[-76.54262159373363,39.25179272805023],[-76.54262293388372,39.25179367187663],[-76.54262425306436,39.25179463363686],[-76.54262555011131,39.25179561422701],[-76.54262682504198,39.25179661094498],[-76.54262807668619,39.25179762558766],[-76.54262930620834,39.25179865725887],[-76.54263051129716,39.25179970504878],[-76.54263169426963,39.2518007689665],[-76.54263285165612,39.25180184809765],[-76.54263398576197,39.25180294425278],[-76.54263509428759,39.25180405472065],[-76.54263617838562,39.25180518040647],[-76.54263723690347,39.25180632040503],[-76.54263826868835,39.25180747381108],[-76.54263927604572,39.25180864243509],[-76.54264025551737,39.25180982356125],[-76.5426412094146,39.25181101809942],[-76.54264213657886,39.25181222604505],[-76.54264303586322,39.25181344559211],[-76.54264390726196,39.25181467764136],[-76.54264475193933,39.25181592129659],[-76.5426455675841,39.25181717564799],[-76.54264635535479,39.25181844070009],[-76.54264711524561,39.25181971735365],[-76.54264784495113,39.25182100379816],[-76.54264854679413,39.25182229914181],[-76.54264921961042,39.25182360428088],[-76.54264986224715,39.25182491831018],[-76.5426504758629,39.25182624123413],[-76.54265105930493,39.25182757214753],[-76.54265161257911,39.25182891014957],[-76.5426521356795,39.25183025614103],[-76.54265262977054,39.25183160922569],[-76.54265309254097,39.25183296849378],[-76.54265352399658,39.25183433304451],[-76.54265392644281,39.25183570468842],[-76.54265429642147,39.25183708070972],[-76.54265463624962,39.25183846111746],[-76.54265494476296,39.25183984680786],[-76.54265522313163,39.25184123598392],[-76.54265546903846,39.25184262863662],[-76.54265568480071,39.251844024775],[-76.54265586810689,39.25184542348931],[-76.54265602011574,39.25184682478399],[-76.54265614083296,39.25184822775834],[-76.5426562302643,39.2518496315116],[-76.54265628840409,39.2518510369445],[-76.5426563140995,39.25185244315178],[-76.54265630967339,39.25185384924176],[-76.54265627280877,39.25185525520538],[-76.54265620466987,39.25185666014643],[-76.5426561040983,39.25185806406034],[-76.54265597341679,39.25185946605543],[-76.54265581030833,39.25186086612266],[-76.54265561593145,39.25186226426655],[-76.54265539029777,39.25186365868559],[-76.54265513339566,39.2518650511813],[-76.54265473114582,39.25186688539054],[-76.54265694994865,39.25186595812977],[-76.5426579158845,39.25186528451069],[-76.54265891176777,39.25186463803152],[-76.54265993527557,39.25186401958388],[-76.54266098641368,39.25186342826704],[-76.54266206285344,39.25186286587353],[-76.54266316458914,39.25186233330403],[-76.54266428930366,39.25186183054956],[-76.5426654358269,39.25186135940711],[-76.54266660184761,39.25186091896688],[-76.5426677885185,39.25186051013412],[-76.54266899119975,39.2518601337916],[-76.54267021104401,39.25185979084448],[-76.54267144458157,39.25185948037857],[-76.54267269295927,39.25185920419977],[-76.54267395154892,39.25185896138942],[-76.54267522034472,39.25185875284818],[-76.54267649818233,39.25185857947226],[-76.54267778275046,39.25185844035201],[-76.54267907289068,39.25185833548277],[-76.54268036627424,39.25185826665709],[-76.54268166290707,39.25185823297423],[-76.54268296047782,39.25185823352441],[-76.54268425665796,39.25185827010007],[-76.5426855503005,39.25185834089523],[-76.54268684024115,39.25185844680612],[-76.54268812415702,39.25185858872443],[-76.54268940090708,39.25185876394349],[-76.54269066932113,39.25185897426021],[-76.54269192824657,39.25185921876932],[-76.54269317420773,39.25185949745732],[-76.5426944083689,39.25185980942798],[-76.54269562725467,39.25186015466772],[-76.54269682970643,39.25186053317207],[-76.54269801341877,39.25186094313047],[-76.54269917954444,39.25186138544822],[-76.54270032461361,39.251861859211],[-76.54270144747359,39.2518623635136],[-76.54270254813022,39.25186289745518],[-76.54270362310211,39.25186346192302],[-76.54270467240673,39.25186405421486],[-76.54270569487963,39.25186467522693],[-76.54270668821549,39.25186532314874],[-76.54270765241429,39.25186599798021],[-76.5427085863291,39.25186669791542],[-76.54270948764285,39.25186742294528],[-76.5427103552029,39.25186817216454],[-76.54271119017349,39.25186894467699],[-76.54271198909073,39.25186973866763],[-76.54271275195462,39.25187055413631],[-76.54271347761239,39.2518713901779],[-76.54271416607573,39.25187224499089],[-76.54271481619185,39.25187311766993],[-76.5427154256495,39.25187400730538],[-76.54271599560724,39.25187491390166],[-76.54271652376543,39.25187583474751],[-76.54271701128842,39.25187676894666],[-76.54271745585909,39.25187771649017],[-76.54271785865346,39.25187867468021],[-76.54271821734868,39.25187964440855],[-76.54271853312638,39.25188062207673],[-76.54271880482234,39.25188160858094],[-76.54271903129539,39.25188260121443],[-76.54271921370409,39.25188359998172],[-76.54271935206579,39.2518846021806],[-76.54271944406354,39.25188560780194],[-76.5427194920201,39.25188661595409],[-76.54271949363006,39.25188762482654],[-76.54271945122208,39.25188863262674],[-76.5427193624849,39.25188963844496],[-76.54271922974137,39.25189064138949],[-76.54271905183872,39.25189164055504],[-76.54271882878867,39.25189263414011],[-76.54271856175546,39.25189362124848],[-76.54271825075071,39.25189460007859],[-76.54271789693873,39.25189556973427],[-76.54271749800833,39.25189652930572],[-76.54271705744078,39.25189747790572],[-76.54271657524779,39.25189841373278],[-76.5427160502766,39.25189933588164],[-76.54271548485001,39.25190024346056],[-76.54271487897388,39.25190113556874],[-76.54271423265978,39.25190201040478],[-76.54271319216014,39.25190328815281],[-76.54271585331273,39.25190257429549],[-76.54271756109975,39.25190202156655],[-76.54271928263231,39.25190149321202],[-76.5427210144464,39.2519009874168],[-76.54272275769478,39.25190050508623],[-76.54272451121896,39.25190004621574],[-76.54272627501312,39.25189961170612],[-76.54272804792453,39.2518992006521],[-76.54272982994735,39.2518988139544],[-76.54273161992317,39.25189845160852],[-76.54273341785772,39.25189811271373],[-76.54273522374521,39.25189779817077],[-76.54273703642129,39.25189750887591],[-76.54273885473907,39.25189724302304],[-76.542740678687,39.25189700241373],[-76.54274250827081,39.25189678614723],[-76.54274434116768,39.25189659511526],[-76.54274617970044,39.25189642842608],[-76.54274802038778,39.25189628696695],[-76.542749864394,39.25189616984156],[-76.54275171055478,39.25189607794619],[-76.54275355887009,39.25189601128085],[-76.54275540818729,39.25189596894023],[-76.54275725850044,39.25189595182517],[-76.54275910865118,39.25189595993105],[-76.54276095863943,39.25189599325795],[-76.54276280731247,39.25189605090058],[-76.54276465350601,39.25189613375517],[-76.5427664983786,39.25189624182627],[-76.54276834077743,39.25189637420853],[-76.54277018069675,39.25189653180277],[-76.54277201582534,39.25189671369927],[-76.54277384615739,39.25189692079864],[-76.54277567285141,39.25189715310549],[-76.54277749244351,39.25189740880479],[-76.54277930723902,39.25189768970701],[-76.54278111492094,39.25189799580318],[-76.54278291665943,39.25189832529623],[-76.5427847089731,39.25189867907347],[-76.54278649417903,39.25189905714389],[-76.54278827111864,39.25189945950294],[-76.54279003863344,39.25189988614619],[-76.54279179557658,39.25190033526755],[-76.54279354193056,39.25190080956931],[-76.54279527887132,39.25190130635373],[-76.54279700291755,39.25190182650801],[-76.54279871638624,39.25190237004119],[-76.54280041696039,39.25190293694422],[-76.54280210464,39.25190352721712],[-76.54280377827814,39.25190413905392],[-76.54280543902173,39.25190477426056],[-76.54280708456534,39.25190543102653],[-76.54280871606164,39.25190611025714],[-76.54281033119946,39.2519068110426],[-76.54281193113151,39.25190753428814],[-76.54281351355235,39.25190827818327],[-76.54281508076738,39.25190904453849],[-76.54281662931849,39.25190983063801],[-76.54281816035255,39.25191063828791],[-76.54281967387543,39.25191146658737],[-76.54282116757584,39.25191231462664],[-76.54282264260658,39.25191318331095],[-76.5428240978206,39.25191407083437],[-76.54282553320638,39.25191497899831],[-76.54282694877546,39.25191590600134],[-76.54282834221094,39.2519168518344],[-76.54282971467697,39.25191781560127],[-76.54283106616211,39.25191879910343],[-76.54283239436657,39.25191979962962],[-76.54283370043738,39.25192081898584],[-76.5428349843861,39.25192185537063],[-76.54283624389565,39.25192290877493],[-76.54283748013044,39.25192397830249],[-76.54283869192027,39.25192506575034],[-76.54283988044115,39.25192616842075],[-76.54284104337017,39.25192728720538],[-76.54284218070731,39.25192842210428],[-76.54284329246418,39.25192957131596],[-76.54284437863505,39.25193073574114],[-76.5428454392257,39.2519319144791],[-76.54284647307172,39.25193310842603],[-76.54284747903212,39.25193431487522],[-76.542848459418,39.25193553473643],[-76.54284941191246,39.25193676800061],[-76.54285033651537,39.25193801466784],[-76.54285123323841,39.25193927293655],[-76.54285210092308,39.25194054280219],[-76.54285294072785,39.25194182426938],[-76.54285375265272,39.25194311733804],[-76.54285453438642,39.25194442109843],[-76.54285528708755,39.25194573555503],[-76.54285601076769,39.2519470589064],[-76.54285670425662,39.25194839294949],[-76.54285736873044,39.25194973498657],[-76.54285800186034,39.2519510868101],[-76.542858605975,39.25195244662762],[-76.54285917875747,39.25195381443008],[-76.54285972137193,39.25195518932129],[-76.54286023265418,39.25195657219744],[-76.54286071377429,39.2519579612616],[-76.54286116357375,39.25195935650923],[-76.54286158205248,39.2519607579403],[-76.54286196921643,39.2519621646541],[-76.54286232391274,39.25196357574534],[-76.54286264845271,39.25196499212383],[-76.5428629405251,39.25196641287973],[-76.54286320129424,39.25196783711688],[-76.54286342960154,39.25196926483073],[-76.54286362661145,39.25197069512507],[-76.54286379116532,39.25197212799529],[-76.54286392442754,39.25197356254525],[-76.542864024081,39.25197499876592],[-76.54286409360131,39.25197643667084],[-76.54286412952455,39.25197787444491],[-76.54286413416189,39.25197931299797],[-76.54286410636061,39.25198075142472],[-76.54286404612655,39.2519821888244],[-76.54286395461237,39.25198362610231],[-76.54286383067125,39.25198506145243],[-76.54286367430305,39.25198649487475],[-76.54286348551371,39.25198792546848],[-76.54286326545584,39.25198935413896],[-76.54286301414113,39.25199077908467],[-76.54286282627822,39.25199224571296],[-76.54286458137015,39.25199154363769],[-76.54286556510128,39.25199080523056],[-76.54286658109699,39.25199009397225],[-76.54286762704015,39.25198940985374],[-76.54286870407778,39.25198875468103],[-76.54286980988697,39.25198812934581],[-76.54287094215069,39.25198753383911],[-76.54287210085734,39.25198696996243],[-76.54287328369566,39.25198643680599],[-76.54287448948975,39.25198593706751],[-76.54287571709268,39.25198546894102],[-76.54287696532855,39.25198503512421],[-76.54287823188608,39.25198463470735],[-76.54287951559522,39.25198426948739],[-76.54288081530318,39.2519839385591],[-76.5428821286813,39.25198364371493],[-76.54288345457694,39.25198338404967],[-76.54288479067297,39.25198315955426],[-76.54288613579936,39.25198297202567],[-76.54288748995604,39.25198282146398],[-76.54288884851476,39.25198270695031],[-76.54289021262824,39.25198262938994],[-76.54289157882096,39.25198258876941],[-76.54289294593431,39.25198258508413],[-76.54289431165128,39.25198261832508],[-76.54289567597191,39.25198268849232],[-76.5428970365849,39.25198279467599],[-76.54289839116169,39.25198293866864],[-76.54289973855529,39.25198311866431],[-76.54290107644873,39.25198333465384],[-76.54290240483613,39.25198358753806],[-76.54290372025358,39.25198387550193],[-76.54290502269522,39.25198419944621],[-76.54290630985571,39.25198455756038],[-76.54290758057067,39.25198495074067],[-76.54290883252882,39.25198537807734],[-76.54291006457755,39.25198583866502],[-76.54291127439973,39.25198633249482],[-76.54291246315969,39.25198685867048],[-76.54291362622918,39.25198741627315],[-76.54291476476672,39.25198800530735],[-76.54291587530251,39.25198862485883],[-76.54291695784237,39.25198927402688],[-76.54291801123362,39.25198995190615],[-76.54291903316499,39.25199065758692],[-76.54292002363641,39.25199139106918],[-76.54292097918405,39.25199215053789],[-76.54292190213064,39.25199293510133],[-76.54292278784213,39.25199374474146],[-76.5429236374887,39.25199457766129],[-76.54292444992332,39.25199543205485],[-76.54292522282326,39.2519963088138],[-76.54292595620004,39.25199720613666],[-76.54292664890676,39.25199812221743],[-76.5429273009434,39.25199905705612],[-76.54292791001036,39.25200000794145],[-76.54292847726039,39.25200097577871],[-76.54292900039374,39.25200195785659],[-76.54292947941626,39.25200295327427],[-76.54292991317526,39.25200396112666],[-76.54293030167649,39.25200498051287],[-76.5429306449374,39.25200600873074],[-76.5429309417936,39.25200704667643],[-76.54293119110407,39.25200809164321],[-76.54293139519153,39.25200914273939],[-76.54293155058629,39.25201019905063],[-76.54293165961698,39.2520112587845],[-76.54293172113668,39.25201232013494],[-76.54293173514536,39.25201338310197],[-76.54293170165464,39.25201444588413],[-76.54293162067613,39.25201550667982],[-76.54293149220983,39.25201656548911],[-76.5429313174316,39.25201761961426],[-76.54293109403028,39.25201866814552],[-76.54293082548716,39.2520197101956],[-76.54293050949686,39.25202074395399],[-76.54293014721787,39.25202176942528],[-76.54292974098466,39.25202278391613],[-76.54292928848015,39.25202378741762],[-76.54292879088021,39.25202477723192],[-76.54292795369768,39.25202668631457],[-76.54292949177493,39.25202604104305],[-76.54293104477952,39.2520254165474],[-76.54293261154713,39.25202481372384],[-76.54293419208356,39.25202423167164],[-76.54293578406599,39.25202367128257],[-76.54293738981725,39.25202313166486],[-76.54293900585016,39.25202261460647],[-76.54294063448181,39.25202212011642],[-76.54294227340667,39.25202164638421],[-76.54294392261323,39.25202119521136],[-76.54294558094296,39.2520207665933],[-76.54294724955433,39.25202036053461],[-76.54294892728882,39.2520199770307],[-76.54295061298798,39.25201961607715],[-76.5429523054874,39.25201927857012],[-76.54295400711003,39.25201896361791],[-76.5429557143802,39.25201867120703],[-76.54295742729218,39.25201840223816],[-76.5429591470045,39.25201815671584],[-76.54296087236438,39.25201793373483],[-76.5429626010432,39.25201773508756],[-76.54296433536962,39.25201755898159],[-76.54296607185648,39.25201740720495],[-76.54296781283244,39.252017277965],[-76.54296955596884,39.25201717305433],[-76.54297130011871,39.25201709066695],[-76.54297304758755,39.25201703261334],[-76.54297479490559,39.25201699797919],[-76.54297654322554,39.2520169876698],[-76.54297829140052,39.25201699987917],[-76.54298003941886,39.25201703640878],[-76.5429817849694,39.25201709634887],[-76.54298353036914,39.25201717970844],[-76.54298527330101,39.25201728647851],[-76.54298701375924,39.25201741755976],[-76.54298875059695,39.25201757114626],[-76.54299048380251,39.25201774903945],[-76.54299221338749,39.25201794943785],[-76.54299393702327,39.25201817413398],[-76.54299565587998,39.2520184213308],[-76.54299736995183,39.25201869192908],[-76.5429990769218,39.25201898591977],[-76.54300077679562,39.25201930240217],[-76.54300246956755,39.25201964227701],[-76.54300415408483,39.25202000463906],[-76.54300583150601,39.25202038949276],[-76.54300749834971,39.25202079772536],[-76.54300915694461,39.2520212275444],[-76.54301080612632,39.25202167984614],[-76.54301244357788,39.25202215462153],[-76.54301407045777,39.25202265187504],[-76.54301568677177,39.25202317070601],[-76.54301729136141,39.25202371110985],[-76.54301888306813,39.25202427308209],[-76.54302046189191,39.25202485662273],[-76.54302202783281,39.2520254617318],[-76.5430235797381,39.25202608750396],[-76.54302511760777,39.25202673393927],[-76.54302664028326,39.25202740103321],[-76.54302814776462,39.25202808878579],[-76.54302964005187,39.25202879719701],[-76.54303111715072,39.25202952536611],[-76.54303257674421,39.25203027328405],[-76.54303401883233,39.25203104095084],[-76.54303544457935,39.25203182747028],[-76.543036852821,39.25203263373857],[-76.54303824240455,39.25203345885046],[-76.54303961332997,39.25203430280601],[-76.54304096444456,39.25203516469985],[-76.54304229690682,39.25203604453655],[-76.54304360955248,39.25203694321236],[-76.54304490124039,39.25203785802051],[-76.54304617311168,39.25203879166776],[-76.54304742286666,39.25203974144286],[-76.54304865281664,39.25204070825555],[-76.54304985949176,39.25204169119151],[-76.54305104405069,39.25204269025538],[-76.54305220765177,39.25204370545158],[-76.5430533468196,39.25204473676656],[-76.54305446388275,39.25204578240791],[-76.54305555651833,39.25204684326732],[-76.54305662589076,39.25204791844853],[-76.54305767083562,39.25204900884784],[-76.54305869136458,39.2520501126637],[-76.54305968631907,39.25205122989161],[-76.54306065685763,39.2520523605361],[-76.54306160182759,39.25205350369193],[-76.54306252122306,39.25205466025977],[-76.54306341505566,39.25205582843822],[-76.54306428216688,39.25205700822268],[-76.54306512255097,39.25205820051399],[-76.54306593621941,39.25205940351059],[-76.54306672317233,39.25206061721246],[-76.54306748225108,39.25206184161517],[-76.54306821462011,39.25206307582241],[-76.54306891912077,39.25206431982969],[-76.54306959575315,39.25206557363701],[-76.54307024452881,39.25206683544289],[-76.54307086428346,39.25206810614359],[-76.54307145617555,39.25206938574355],[-76.54307201905824,39.2520706724368],[-76.54307255292564,39.2520719671241],[-76.54307305778944,39.25207326800396],[-76.5430735348023,39.25207457598155],[-76.54307398049444,39.25207589014271],[-76.54307439834152,39.25207721050091],[-76.54307478603793,39.25207853524566],[-76.54307514357224,39.25207986617842],[-76.54307547211444,39.25208120150221],[-76.54307577051185,39.25208254031178],[-76.54307603875873,39.25208388350789],[-76.5430762768608,39.25208523018978],[-76.54307648482387,39.25208657945671],[-76.54307666380069,39.25208793221392],[-76.54307681148576,39.25208928665086],[-76.54307692903767,39.25209064277212],[-76.54307701529781,39.25209200057313],[-76.54307707258911,39.2520933591622],[-76.54307709860026,39.25209471762953],[-76.54307709448408,39.25209607688041],[-76.54307706024622,39.25209743601403],[-76.54307699589258,39.25209879412969],[-76.54307690025875,39.25210015212363],[-76.54307677567928,39.25210150730262],[-76.54307661982546,39.25210286145906],[-76.54307643386741,39.25210421279607],[-76.54307621779938,39.25210556221438],[-76.54307597163286,39.25210690791244],[-76.54307607459367,39.25210819101428],[-76.54307744976724,39.25210729559265],[-76.54307856851158,39.25210664058034],[-76.54307971486324,39.2521060163017],[-76.54308088881074,39.25210542455834],[-76.5430820892071,39.25210486354419],[-76.54308331371789,39.25210433595243],[-76.54308456118456,39.25210384177861],[-76.54308582928427,39.25210338191449],[-76.54308711801706,39.25210295636],[-76.54308842390152,39.25210256600244],[-76.54308974809622,39.25210221084625],[-76.54309108596125,39.25210189177417],[-76.54309243749658,39.25210160878621],[-76.54309380153217,39.25210136367937],[-76.54309517576246,39.25210115464309],[-76.54309655785887,39.25210098346992],[-76.54309794666869,39.25210084925454],[-76.54309934102761,39.2521007528932],[-76.54310073862437,39.25210069347618],[-76.5431021382888,39.25210067280043],[-76.5431035377097,39.25210068995619],[-76.54310493572856,39.25210074493892],[-76.54310633118682,39.25210083774419],[-76.54310772060896,39.25210096835842],[-76.54310910400073,39.25210113588086],[-76.54311047903933,39.25210134120331],[-76.54311184341351,39.25210158341586],[-76.54311319596469,39.25210186251419],[-76.54311453669878,39.2521021775974],[-76.54311586098157,39.25210252864751],[-76.54311716881313,39.25210291566449],[-76.54311845904074,39.25210333774317],[-76.54311973050579,39.25210379487895],[-76.54312097974444,39.25210428525686],[-76.54312220675085,39.25210480977761],[-76.54312340805521,39.25210536752694],[-76.54312458598612,39.2521059567124],[-76.54312573475111,39.2521065773114],[-76.5431268566671,39.25210722933296],[-76.54312794827598,39.25210791006134],[-76.54312900840758,39.25210862129354],[-76.54313003592661,39.25210935942201],[-76.54313102966296,39.25211012624375],[-76.54313198963402,39.25211091905655],[-76.54313291236996,39.25211173694608],[-76.5431337990351,39.25211257901615],[-76.5431346473125,39.25211344525769],[-76.54313545605517,39.25211433386475],[-76.54313622411614,39.25211524303124],[-76.54313695148969,39.252116173658],[-76.54313763704043,39.25211712213751],[-76.54313827844555,39.25211808936145],[-76.54313887803364,39.25211907353737],[-76.54313943234077,39.25212007285021],[-76.5431399413727,39.25212108639927],[-76.54314040513528,39.2521221132838],[-76.54314082248155,39.25212315169775],[-76.54314119341144,39.25212420164115],[-76.54314151678398,39.25212526040724],[-76.5431417926048,39.25212632709527],[-76.54314202087401,39.2521274017052],[-76.5431422004562,39.25212848062956],[-76.54314233250996,39.25212956387291],[-76.54314241472397,39.25213065052534],[-76.54314244942694,39.25213173879445],[-76.54314243431338,39.25213282686975],[-76.54314237170608,39.25213391385947],[-76.54314226045241,39.25213499885835],[-76.54314210056394,39.25213608006495],[-76.54314189204644,39.2521371565784],[-76.54314163491148,39.2521382265973],[-76.54314133148195,39.25213928922987],[-76.54314097945239,39.25214034266558],[-76.54314058114558,39.2521413860127],[-76.54314013657324,39.25214241746977],[-76.54313964573528,39.25214343703676],[-76.54313910980761,39.25214444201592],[-76.54313852879025,39.2521454324073],[-76.54313757636463,39.25214688705321],[-76.54313983801102,39.25214614370781],[-76.54314153206062,39.25214556569762],[-76.54314323986176,39.25214501116105],[-76.54314496025593,39.25214448009356],[-76.54314669092601,39.25214397248608],[-76.54314843303055,39.25214348834323],[-76.54315018656958,39.25214302766492],[-76.54315194922599,39.25214259044219],[-76.5431537221526,39.25214217758025],[-76.54315550303809,39.25214178816936],[-76.54315729418796,39.25214142402002],[-76.54315909097973,39.25214108331274],[-76.54316089687731,39.25214076786248],[-76.54316270841674,39.25214047585429],[-76.54316452674496,39.25214020909412],[-76.54316635070923,39.25213996667672],[-76.54316818030385,39.25213974950282],[-76.54317001437596,39.25213955666723],[-76.5431718517613,39.25213938906613],[-76.5431736936184,39.25213924670413],[-76.54317553763603,39.25213912867131],[-76.54317738380838,39.25213903586852],[-76.54317923213542,39.25213896829572],[-76.54318108262298,39.25213892505217],[-76.54318293294823,39.25213890702964],[-76.54318478310529,39.25213891512881],[-76.54318663310588,39.25213894754823],[-76.54318848179143,39.25213900428341],[-76.54319032915031,39.2521390871358],[-76.54319217403558,39.25213919429942],[-76.54319401759429,39.25213932758028],[-76.54319585636235,39.25213948516335],[-76.54319769149829,39.25213966705313],[-76.54319952299637,39.25213987415041],[-76.54320134969804,39.25214010645062],[-76.54320317045061,39.25214036304855],[-76.54320498525401,39.25214064394416],[-76.54320679294396,39.25214095003376],[-76.5432085935263,39.25214128041651],[-76.54321038700093,39.2521416350925],[-76.54321217220944,39.25214201405716],[-76.54321394915759,39.25214241640974],[-76.54321571551665,39.25214284394277],[-76.5432174724569,39.25214329485924],[-76.54321921997823,39.25214376915917],[-76.5432209557578,39.2521442677342],[-76.54322267980146,39.25214478968372],[-76.54322439327348,39.2521453341114],[-76.54322609269255,39.25214590190448],[-76.54322778037563,39.25214649307197],[-76.54322945401161,39.25214710670414],[-76.54323111359454,39.25214774370171],[-76.54323275797762,39.25214840225869],[-76.54323438831349,39.25214908328034],[-76.54323600344945,39.25214978586139],[-76.54323760106263,39.25215051089357],[-76.54323918348176,39.2521512565844],[-76.54324074837811,39.25215202472641],[-76.54324229692763,39.25215281262177],[-76.54324382680173,39.25215362206301],[-76.54324533800607,39.25215445214943],[-76.54324683054081,39.25215530288097],[-76.54324830325308,39.25215617335239],[-76.54324975730151,39.25215706356816],[-76.54325119036899,39.25215797351936],[-76.54325260361412,39.25215890321043],[-76.54325399473133,39.25215985083084],[-76.54325536486763,39.25216081818662],[-76.54325671403461,39.2521618034763],[-76.54325803991523,39.25216280669088],[-76.54325934366797,39.2521638278348],[-76.54326062297582,39.25216486689906],[-76.54326188016739,39.25216592209123],[-76.54326311291408,39.2521669952037],[-76.54326432238591,39.25216808443957],[-76.54326550626594,39.25216918978979],[-76.54326666571266,39.25217031125887],[-76.5432677995676,39.25217144884232],[-76.5432689078422,39.25217260073863],[-76.5432699905308,39.25217376784852],[-76.54327104648067,39.25217494926677],[-76.5432720756917,39.25217614499336],[-76.54327307816978,39.25217735412756],[-76.54327405275639,39.25217857666487],[-76.54327500060997,39.25217981260976],[-76.54327592057786,39.25218106105698],[-76.54327681150733,39.25218232110127],[-76.54327767455104,39.25218359364796],[-76.54327850971485,39.25218487779622],[-76.54327931468174,39.25218617353705],[-76.54328009178026,39.25218747907802],[-76.54328083868765,39.25218879531078],[-76.54328155656816,39.25219012133913],[-76.54328224426328,39.25219145715858],[-76.54328290177882,39.25219280186837],[-76.54328352911479,39.25219415546847],[-76.54328412627699,39.25219551705818],[-76.54328469210679,39.25219688663294],[-76.54328522776287,39.25219826419728],[-76.54328573325672,39.25219964794971],[-76.54328620626555,39.252201038782],[-76.54328664911215,39.25220243580234],[-76.54328705947947,39.25220383900178],[-76.5432874396962,39.25220524658778],[-76.5432877874337,39.25220666035285],[-76.54328810270924,39.25220807759474],[-76.54328838783424,39.25220949922324],[-76.54328864049728,39.25221092432854],[-76.54328886069851,39.25221235291065],[-76.54328904844363,39.25221378406886],[-76.5432892048912,39.25221521780762],[-76.54328932888843,39.25221665322169],[-76.54328942159388,39.25221809031564],[-76.54328948069637,39.25221952817961],[-76.54328950851287,39.25222096682268],[-76.54328950389063,39.25222240533954],[-76.54328946682969,39.25222384373021],[-76.54328939733001,39.25222528199475],[-76.54328929540323,39.25222671833158],[-76.54328916220786,39.25222815274525],[-76.54328899657956,39.25222958613195],[-76.5432887985299,39.2522310166903],[-76.54328856921747,39.25223244442464],[-76.54328830748942,39.2522338684298],[-76.54329033015961,39.25223227382203],[-76.54329140734194,39.25223159612669],[-76.54329251445458,39.25223094827331],[-76.5432936491806,39.25223033025282],[-76.54329481150833,39.25222974386676],[-76.54329599912073,39.25222918910611],[-76.54329721085351,39.2522286668671],[-76.54329844554809,39.25222817714522],[-76.54329970087589,39.25222772173298],[-76.54330097683693,39.25222730063035],[-76.54330226994975,39.25222691472459],[-76.54330358022018,39.25222656311491],[-76.54330490416109,39.25222624758938],[-76.543306242931,39.25222596815239],[-76.54330759305429,39.25222572479048],[-76.54330895220821,39.25222551839542],[-76.54331032039261,39.25222534896709],[-76.54331169644909,39.25222521650117],[-76.54331307574354,39.25222512097947],[-76.54331445942864,39.25222506330731],[-76.54331584518741,39.2522250434757],[-76.54331723070847,39.25222506057481],[-76.54331861482763,39.25222511550097],[-76.54331999523362,39.25222520734436],[-76.54332137076206,39.25222533700122],[-76.54332273910173,39.25222550356182],[-76.54332410025265,39.25222570702616],[-76.54332545073923,39.25222594738069],[-76.54332678940874,39.25222622372018],[-76.54332811625532,39.25222653694537],[-76.5433294266566,39.25222688523672],[-76.54333072177104,39.25222726859878],[-76.54333199812304,39.25222768701801],[-76.54333325571841,39.25222813959365],[-76.54333449224012,39.25222862631667],[-76.5433357053769,39.25222914627732],[-76.54333689513452,39.25222969857494],[-76.54333805920182,39.2522302822996],[-76.54333919757865,39.25223089745146],[-76.54334030679537,39.25223154311614],[-76.54334138569922,39.25223221838845],[-76.54334243429591,39.25223292236761],[-76.54334345143283,39.25223365414841],[-76.54334443479281,39.25223441372175],[-76.54334538323482,39.25223519838094],[-76.54334629675301,39.25223600902674],[-76.54334717188341,39.25223684384405],[-76.54334801094882,39.25223770194125],[-76.54334880932677,39.25223858149874],[-76.54334956933431,39.25223948252554],[-76.5433502875017,39.25224040410738],[-76.54335096500476,39.25224134354652],[-76.54335159952065,39.25224230173475],[-76.54335218990832,39.25224327596524],[-76.543352737332,39.25224426534175],[-76.54335324063901,39.25224526895911],[-76.54335369751806,39.25224628590746],[-76.54335410913347,39.25224731529057],[-76.54335447434413,39.25224835440172],[-76.54335479315584,39.25224940234011],[-76.54335506441002,39.25225045910135],[-76.54335528812406,39.25225152198303],[-76.54335546429802,39.25225259098528],[-76.54335559294921,39.25225366340573],[-76.54335567291912,39.25225473923998],[-76.54335570538368,39.25225581579028],[-76.54335568918438,39.25225689305204],[-76.54335562433278,39.25225796922385],[-76.54335551199898,39.25225904250862],[-76.54335535102449,39.25226011290189],[-76.54335514258518,39.25226117770595],[-76.54335488668104,39.25226223692076],[-76.5433545833295,39.25226328784409],[-76.54335423368912,39.25226433048037],[-76.54335383661865,39.25226536212298],[-76.54335339442939,39.25226638368159],[-76.54335290714457,39.25226739155319],[-76.54335237359975,39.25226838663405],[-76.54335179729384,39.25226936533466],[-76.54335117706239,39.25227032855133],[-76.54335051291702,39.25227127448246],[-76.54335076774902,39.25227236270685],[-76.54335242258968,39.25227175661717],[-76.54335409002925,39.25227117309582],[-76.54335577122622,39.25227061214729],[-76.54335746502204,39.25227007376706],[-76.54335916909396,39.25226955884684],[-76.54336088575891,39.25226906739571],[-76.54336261270571,39.25226859850387],[-76.54336434992277,39.25226815397281],[-76.54336609741581,39.25226773290182],[-76.5433678528679,39.25226733528185],[-76.54336961743751,39.25226696111739],[-76.5433713911188,39.25226661130923],[-76.54337317159484,39.25226628584839],[-76.54337495886551,39.25226598473475],[-76.54337675293081,39.25226570796843],[-76.54337855263813,39.25226545464412],[-76.54338035797575,39.25226522656335],[-76.54338216779104,39.25226502282082],[-76.54338398324249,39.25226484342107],[-76.54338580085451,39.25226468835055],[-76.54338762293837,39.25226455851904],[-76.54338944602431,39.25226445301229],[-76.54339127242352,39.25226437274007],[-76.54339310098335,39.25226431679706],[-76.54339492938091,39.25226428607505],[-76.54339675762209,39.25226427967331],[-76.54339858685945,39.25226429849702],[-76.54340041478186,39.2522643416365],[-76.54340224254202,39.25226440999697],[-76.54340406782292,39.25226450356941],[-76.54340589063601,39.25226462055232],[-76.54340770981135,39.25226476274272],[-76.54340952650743,39.25226493014508],[-76.54341133957143,39.25226512185419],[-76.54341314668636,39.25226533786102],[-76.5434149490108,39.25226557817003],[-76.54341674653888,39.25226584368203],[-76.54341853696511,39.25226613258651],[-76.54342032143656,39.25226644668943],[-76.54342209880613,39.25226678418482],[-76.5434238667511,39.25226714596441],[-76.54342562758852,39.25226753203724],[-76.54342737900701,39.25226794149349],[-76.54342912100675,39.25226837433316],[-76.54343085358181,39.25226883145706],[-76.54343257558529,39.25226931105921],[-76.54343428584713,39.25226981493647],[-76.5434359855374,39.25227034129196],[-76.5434376723332,39.2522708910174],[-76.54343934624042,39.25227146321202],[-76.54344100841753,39.25227205788035],[-76.54344265538899,39.25227267500883],[-76.54344428947185,39.25227331460652],[-76.54344590834903,39.25227397666436],[-76.54344751203213,39.25227465938089],[-76.54344910050962,39.25227536455765],[-76.54345067378718,39.2522760912938],[-76.54345222955364,39.25227683867963],[-76.54345376780316,39.25227760761589],[-76.54345528970009,39.25227839720629],[-76.54345679292742,39.25227920744189],[-76.54345827749083,39.25228003742191],[-76.54345974454894,39.25228088715085],[-76.54346119062036,39.25228175751596],[-76.54346261803373,39.25228264672474],[-76.54346402562464,39.25228355567344],[-76.54346541224055,39.25228448345681],[-76.54346677672854,39.25228542916956],[-76.5434681214,39.2522863937215],[-76.54346944277928,39.25228737709909],[-76.54347074319502,39.25228837750983],[-76.54347202033019,39.25228939494475],[-76.54347327417899,39.25229043030457],[-76.54347450591156,39.25229148179228],[-76.543475713205,39.25229255029965],[-76.54347689606514,39.25229363492595],[-76.54347805449194,39.25229473567114],[-76.54347918733274,39.25229585162999],[-76.54348029574601,39.25229698280697],[-76.54348137857323,39.25229812919759],[-76.54348243582024,39.25229928990115],[-76.54348346632841,39.25230046491309],[-76.54348447126215,39.25230165333718],[-76.54348544830439,39.25230285516442],[-76.54348639861364,39.2523040703993],[-76.54348732219569,39.25230529814107],[-76.54348821673352,39.25230653838074],[-76.54348908454988,39.25230779022654],[-76.54348992332781,39.25230905366951],[-76.54349073422583,39.25231032871412],[-76.54349151609121,39.25231161445512],[-76.54349226892968,39.25231290999174],[-76.54349299273547,39.25231421622479],[-76.54349368751441,39.25231553225345],[-76.54349435211371,39.2523168571725],[-76.54349498769776,39.25231819008571],[-76.54349559193788,39.25231953278553],[-76.54349616716847,39.25232088257879],[-76.54349671222523,39.25232224036164],[-76.54349722595543,39.25232360522886],[-76.54349770836488,39.25232497627977],[-76.54349816176484,39.25232635442404],[-76.54349858268549,39.25232773874744],[-76.5434989734555,39.2523291274575],[-76.54349933174619,39.25233052234667],[-76.54349965988621,39.25233192162248],[-76.54349995672283,39.25233332437969],[-76.54350022109176,39.25233473151452],[-76.54350045415723,39.25233614213071],[-76.54350065592516,39.25233755532756],[-76.54350082639549,39.25233897110504],[-76.54350096440963,39.25234038945865],[-76.5435010699734,39.25234180948762],[-76.54350114540972,39.25234323030025],[-76.54350118724294,39.252344651883],[-76.54350119779011,39.25234607424485],[-76.54350117706285,39.2523474955844],[-76.54350112389106,39.25234891769853],[-76.54350103829202,39.25235033788504],[-76.54350092141856,39.25235175704918],[-76.54350077327643,39.25235317429021],[-76.54350059270715,39.25235458960361],[-76.54350038087497,39.25235600209316],[-76.54350013662138,39.25235741175431],[-76.5435001945052,39.25235976029509],[-76.54350155282754,39.25235878283267],[-76.54350260679865,39.2523581113506],[-76.54350368954751,39.25235746880517],[-76.54350480106839,39.25235685609706],[-76.54350593904417,39.25235627321736],[-76.543507102299,39.25235572286374],[-76.54350828968596,39.25235520323024],[-76.54350950002903,39.25235471701456],[-76.54351073101708,39.25235426330701],[-76.54351198147991,39.25235384390448],[-76.54351325026484,39.25235345790181],[-76.5435145362017,39.25235310709601],[-76.54351583581492,39.25235279147348],[-76.5435171502689,39.25235251013802],[-76.5435184749121,39.25235226577387],[-76.5435198109088,39.25235205748478],[-76.54352115478346,39.25235188525721],[-76.54352250653032,39.25235174999192],[-76.54352386267956,39.25235165077467],[-76.5435252220668,39.25235158850172],[-76.54352658469219,39.25235156317298],[-76.54352794591568,39.25235157567131],[-76.54352930690747,39.25235162419962],[-76.5435306653447,39.25235170964971],[-76.54353201775179,39.25235183200802],[-76.54353336528725,39.25235199127907],[-76.54353470332279,39.25235218654411],[-76.54353603301109,39.25235241870839],[-76.54353735088826,39.25235268595689],[-76.54353865694839,39.25235298919035],[-76.5435399477218,39.25235332749453],[-76.54354122204987,39.25235370086493],[-76.54354247993844,39.25235410840077],[-76.54354371791193,39.25235455008854],[-76.54354493598194,39.2523550241268],[-76.54354613181985,39.25235553230793],[-76.54354730428443,39.25235607192528],[-76.5435484510587,39.25235664296985],[-76.54354957214838,39.2523572445408],[-76.54355066523649,39.25235787662919],[-76.54355172917604,39.25235853742895],[-76.54355276396707,39.25235922694015],[-76.54355376613979,39.25235994424852],[-76.54355473569994,39.25236068845327],[-76.54355567149481,39.25236145864918],[-76.54355657121894,39.25236225302573],[-76.54355743603088,39.25236307158747],[-76.54355826361935,39.25236391342454],[-76.54355905167884,39.25236477672652],[-76.54355980136796,39.25236566149789],[-76.54356051038116,39.25236656592813],[-76.54356117873002,39.25236748821575],[-76.54356180525028,39.25236842925698],[-76.54356238996507,39.25236938544887],[-76.54356293055154,39.25237035768309],[-76.54356342702131,39.25237134415817],[-76.54356387938594,39.25237234307263],[-76.54356428648687,39.25237335442195],[-76.54356464834157,39.25237437550391],[-76.54356496379717,39.25237540541319],[-76.54356523285372,39.25237644414983],[-76.54356545437012,39.2523774890071],[-76.54356563066922,39.25237853909321],[-76.54356575828109,39.25237959349391],[-76.54356583837024,39.25238065131298],[-76.54356587211241,39.25238170985261],[-76.54356585719063,39.25238276910389],[-76.54356579593353,39.25238382727424],[-76.54356568603566,39.25238488255316],[-76.54356552981399,39.25238593494974],[-76.54356532612164,39.25238698265786],[-76.54356507497599,39.25238802297532],[-76.54356477868825,39.25238905681192],[-76.54356443495296,39.25239008235706],[-76.54356404610465,39.25239109691761],[-76.54356361098466,39.25239210048894],[-76.54356313191586,39.25239309217942],[-76.54356260890994,39.25239407018746],[-76.54356204197252,39.25239503361234],[-76.54356143227386,39.25239598065708],[-76.54356109114526,39.25239750163763],[-76.54356314019368,39.25239684933648],[-76.54356482903825,39.25239636047655],[-76.54356652816473,39.25239589417588],[-76.54356823756733,39.25239545133525],[-76.54356995609334,39.25239503104939],[-76.54357168373699,39.25239463421904],[-76.54357342049241,39.25239426174499],[-76.54357516521264,39.25239391182117],[-76.54357691789201,39.25239358534837],[-76.54357867736614,39.25239328322282],[-76.54358044248232,39.25239300453931],[-76.54358221439324,39.25239275020305],[-76.54358399194614,39.25239251930881],[-76.54358577398258,39.25239231185208],[-76.54358756049093,39.25239212963434],[-76.54358935032428,39.25239197084959],[-76.5435911434768,39.25239183639862],[-76.54359293994847,39.25239172628138],[-76.54359473858086,39.25239164049338],[-76.54359653821533,39.25239157903012],[-76.54359834001049,39.25239154189611],[-76.54360014164929,39.25239152908237],[-76.54360194313168,39.25239154058883],[-76.54360374445767,39.25239157641555],[-76.54360554446876,39.25239163655803],[-76.54360734316489,39.2523917210162],[-76.54360913938764,39.25239182978563],[-76.54361093314276,39.25239196196556],[-76.54361272326008,39.25239211935295],[-76.54361450975127,39.25239230014633],[-76.54361629260471,39.25239250614717],[-76.54361806951491,39.25239273554499],[-76.54361984164042,39.25239298834431],[-76.5436216078169,39.25239326544132],[-76.54362336804439,39.2523935668361],[-76.54362512001163,39.25239389161882],[-76.54362686603567,39.2523942397985],[-76.54362860264089,39.25239461136169],[-76.54363033098579,39.25239500631282],[-76.54363205106469,39.25239542555266],[-76.54363376057206,39.25239586727076],[-76.54363546066645,39.25239633147154],[-76.54363714902499,39.25239681904681],[-76.54363882797051,39.25239732910477],[-76.54364049402167,39.25239786253267],[-76.54364214834858,39.25239841753361],[-76.54364378978693,39.25239899500369],[-76.54364541833665,39.25239959494303],[-76.54364703284512,39.25240021644627],[-76.54364863331224,39.25240085951351],[-76.5436502197381,39.25240152414472],[-76.54365178980554,39.25240221033087],[-76.5436533458375,39.25240291718022],[-76.5436548855169,39.25240364468377],[-76.54365640767938,39.25240439373781],[-76.54365791349511,39.25240516254529],[-76.5436594017997,39.25240595200243],[-76.54366087259903,39.25240676120858],[-76.54366232588728,39.25240759106441],[-76.5436637593647,39.25240843885866],[-76.54366517301399,39.25240930729368],[-76.54366656801106,39.25241019367161],[-76.54366794319152,39.25241109888875],[-76.5436692973969,39.25241202294057],[-76.54367063063302,39.25241296492636],[-76.54367194289979,39.25241392484612],[-76.543673234203,39.25241490179902],[-76.5436745033785,39.25241589668142],[-76.54367574927335,39.25241690858801],[-76.54367697305194,39.25241793662251],[-76.54367817239145,39.25241898167677],[-76.54367934961476,39.2524200428589],[-76.5436805024105,39.25242111925928],[-76.54368163193725,39.25242221088235],[-76.54368273587795,39.25242331771912],[-76.54368381539113,39.25242443977408],[-76.5436848693241,39.25242557614199],[-76.54368589768256,39.25242672592208],[-76.54368690046077,39.2524278900151],[-76.54368787650601,39.25242906751586],[-76.54368882698257,39.25243025752803],[-76.54368975073191,39.25243146004715],[-76.54369064659554,39.25243267506871],[-76.54369151573194,39.25243390259721],[-76.54369235698839,39.25243514172745],[-76.54369317152917,39.25243639156311],[-76.54369395703735,39.25243765209517],[-76.5436947146771,39.25243892242747],[-76.54369544327842,39.25244020435695],[-76.54369614402289,39.25244149428511],[-76.54369681457619,39.25244279490522],[-76.54369745727266,39.25244410352401],[-76.54369806978951,39.25244542103327],[-76.54369865329105,39.25244674653671],[-76.54369920662452,39.25244807912908],[-76.54369973094262,39.25244941971562],[-76.54370022509275,39.25245076739115],[-76.5437006879278,39.25245212034959],[-76.54370112175329,39.25245348040147],[-76.54370152426377,39.25245484573632],[-76.54370189661779,39.25245621635859],[-76.54370223881531,39.25245759226828],[-76.54370254970939,39.25245897165942],[-76.54370282929422,39.25246035543277],[-76.54370307873415,39.25246174269201],[-76.54370329687063,39.25246313343274],[-76.54370348370946,39.25246452675412],[-76.54370363925061,39.25246592265623],[-76.54370376349992,39.25246732023827],[-76.54370385762162,39.25246871860396],[-76.54370391929299,39.25247011864511],[-76.54370395083676,39.25247151946994],[-76.5437039499417,39.25247292016871],[-76.54370391776057,39.25247432164669],[-76.54370385546925,39.25247572120609],[-76.54370376073909,39.25247712063941],[-76.54370363590455,39.25247851725339],[-76.54370347863696,39.2524799128406],[-76.54370329125916,39.25248130650923],[-76.54370307145989,39.25248269734955],[-76.54370282156204,39.2524840844698],[-76.54370254156554,39.25248546786998],[-76.54370222915334,39.25248684754113],[-76.54370188664255,39.25248822349215],[-76.54370281039901,39.25248960526505],[-76.54370376284803,39.25248886672944],[-76.54370474872647,39.25248815444618],[-76.54370576571147,39.25248746930694],[-76.54370681263872,39.25248681220807],[-76.54370788834386,39.25248618404579],[-76.54370899282695,39.25248558482003],[-76.54371012144225,39.25248501631432],[-76.54371127650683,39.25248447853772],[-76.54371245337501,39.25248397327366],[-76.54371365321687,39.25248349872511],[-76.54371487369798,39.25248305758543],[-76.54371611250131,39.25248264984553],[-76.54371736962101,39.25248227640616],[-76.54371864158738,39.25248193635307],[-76.54371992954732,39.25248163149229],[-76.5437212288667,39.25248136180576],[-76.54372254070984,39.25248112639729],[-76.54372386158379,39.25248092795562],[-76.54372519034165,39.25248076467473],[-76.543726525819,39.25248063745084],[-76.54372786685161,39.2524805471802],[-76.54372920996964,39.25248049294859],[-76.5437305563317,39.2524804747605],[-76.54373190129776,39.25248049349868],[-76.54373324487369,39.25248054826235],[-76.54373458589515,39.25248063994779],[-76.5437359208981,39.25248076673996],[-76.54373724987107,39.25248093044041],[-76.5437385705027,39.25248113013934],[-76.54373988163445,39.25248136583228],[-76.54374118211942,39.2524816357132],[-76.54374246847048,39.2524819415701],[-76.54374374069909,39.25248228160147],[-76.54374499764683,39.25248265580286],[-76.54374623583807,39.25248306416074],[-76.54374745643716,39.25248350577883],[-76.54374865596847,39.25248398064367],[-76.5437498332851,39.25248448694919],[-76.54375098722265,39.2524850255917],[-76.54375211548152,39.25248559385994],[-76.54375321920864,39.25248619355989],[-76.54375429378723,39.25248682197134],[-76.54375534037005,39.25248747999949],[-76.54375635781592,39.25248816493756],[-76.5437573426435,39.25248887767289],[-76.54375829486436,39.2524896164039],[-76.54375921447847,39.25249038113063],[-76.54376009802186,39.25249117003811],[-76.54376094666462,39.25249198132926],[-76.54376175808387,39.25249281589582],[-76.54376253113276,39.25249367193187],[-76.54376326581693,39.25249454853661],[-76.54376396098378,39.25249544480481],[-76.54376461548628,39.25249635893049],[-76.54376522817169,39.25249729000832],[-76.54376580020433,39.25249823714209],[-76.54376632811444,39.25249919941759],[-76.54376681307217,39.25250017503777],[-76.5437672539188,39.25250116399815],[-76.54376764951336,39.25250216359197],[-76.54376800101433,39.25250317382372],[-76.54376830612199,39.25250419198211],[-76.54376856598907,39.2525052189725],[-76.54376878063294,39.25250625209256],[-76.54376894774815,39.25250728953179],[-76.54376906848741,39.25250833219548],[-76.54376914171532,39.25250937647608],[-76.54376916974903,39.25251042238258],[-76.54376914912449,39.25251146810011],[-76.54376908331726,39.25251251364201],[-76.54376897003343,39.25251355539632],[-76.54376880926721,39.25251459426382],[-76.54376860334726,39.25251562845204],[-76.54376835112667,39.25251665615488],[-76.54376805261114,39.25251767647168],[-76.54376770781234,39.25251868760091],[-76.54376731905302,39.2525196886508],[-76.5437668851747,39.25252067961685],[-76.54376640735907,39.25252165690058],[-76.54376588560037,39.25252262140276],[-76.54376532106863,39.25252357132634],[-76.54376471493403,39.25252450487434],[-76.54376265042897,39.25252720097316],[-76.5437645244828,39.25252637684164],[-76.54376621343907,39.25252587086459],[-76.54376791383008,39.25252538835199],[-76.5437696245031,39.25252492839869],[-76.54377134545815,39.25252449100462],[-76.54377307552507,39.2525240779668],[-76.54377481471543,39.25252368748379],[-76.54377656302353,39.25252332045623],[-76.54377831813225,39.25252297687518],[-76.54378008120007,39.25252265674514],[-76.5437818510628,39.25252236096238],[-76.5437836265676,39.25252208862157],[-76.54378540887305,39.25252183972724],[-76.54378719565628,39.25252161517118],[-76.54378898691726,39.25252141495338],[-76.54379078266184,39.25252123817309],[-76.54379258288424,39.252521085731],[-76.54379438526732,39.2525209576182],[-76.54379619096969,39.25252085383911],[-76.54379799767425,39.2525207743848],[-76.54379980653955,39.2525207192597],[-76.54380161641291,39.25252068755859],[-76.5438034272826,39.25252068108296],[-76.54380523683747,39.25252069892309],[-76.54380704624187,39.25252074018268],[-76.54380885432559,39.25252080665881],[-76.54381066110021,39.2525208965499],[-76.54381246539577,39.25252101165299],[-76.54381426722367,39.25252115016656],[-76.54381606541972,39.25252131298681],[-76.54381785882529,39.25252150010935],[-76.54381964859897,39.25252171153863],[-76.54382143358808,39.25252194636938],[-76.5438232126282,39.25252220549788],[-76.54382498572515,39.25252248802335],[-76.54382675287317,39.25252279484656],[-76.54382851291949,39.25252312506223],[-76.54383026469976,39.25252347956668],[-76.54383200822566,39.25252385655832],[-76.54383374349136,39.25252425693796],[-76.54383547049684,39.25252468070558],[-76.543837186925,39.25252512785221],[-76.54383889277597,39.2525255983778],[-76.54384058805539,39.25252609138159],[-76.54384227276337,39.25252660686368],[-76.54384394574134,39.25252714481943],[-76.54384560583075,39.25252770524448],[-76.5438472541902,39.25252828814322],[-76.54384888850835,39.25252889260596],[-76.54385050993794,39.25252951953787],[-76.54385211617355,39.25253016712862],[-76.54385370836209,39.25253083718403],[-76.54385528535663,39.25253152789819],[-76.54385684715139,39.25253224017183],[-76.54385839259358,39.25253297309968],[-76.54385992168324,39.25253372668179],[-76.54386143326758,39.2525345000129],[-76.54395460590328,39.2524418012696],[-76.54432189654986,39.2526599758252],[-76.54466630385434,39.2528659414692],[-76.54511703083604,39.2531341921255],[-76.54563823536253,39.25344490416502],[-76.54585408027945,39.25357324361471],[-76.54586525463584,39.25357996066066],[-76.54587642782425,39.25358667950258],[-76.54588760101477,39.25359339834343],[-76.54589877420747,39.25360011718316],[-76.54590994623793,39.25360683691812],[-76.54592111826473,39.25361355755272],[-76.54593229029943,39.2536202772855],[-76.54594346116617,39.25362699881424],[-76.54595463204075,39.25363371944115],[-76.54596580291174,39.25364044096774],[-76.54597697378482,39.25364716249327],[-76.54598814466003,39.25365388401768],[-76.54599931437878,39.25366060553656],[-76.54601048525821,39.25366732705886],[-76.54602165613971,39.25367404858005],[-76.54603282702338,39.25368077010017],[-76.54604399790918,39.25368749161925],[-76.54605516880284,39.25369421223646],[-76.54606633969858,39.25370093285263],[-76.546077511755,39.25370765347218],[-76.54608868381931,39.25371437318989],[-76.54609985704433,39.25372109291104],[-76.54611102911862,39.25372781172585],[-76.54612220351216,39.25373453054858],[-76.54613337675498,39.25374124846497],[-76.54614455231705,39.25374796638926],[-76.54615572789274,39.25375468251097],[-76.54616690347055,39.25376139863162],[-76.54617808021476,39.25376811385486],[-76.54618925812541,39.2537748281808],[-76.54620043720824,39.25378154070862],[-76.54621161745175,39.25378825323987],[-76.54622279770318,39.25379496486926],[-76.54623397912673,39.25380167470056],[-76.54624516171097,39.25380838453528],[-76.54625634662591,39.25381509257635],[-76.54626753155451,39.25382179881486],[-76.54627871764954,39.253828504156],[-76.54628990606952,39.25383520860426],[-76.54630109566173,39.2538419112544],[-76.5463122864261,39.25384861210648],[-76.54632347952116,39.25385531116491],[-76.54633467262411,39.25386200932154],[-76.5463458692164,39.253868705689],[-76.54635706582225,39.25387540025383],[-76.54636826475887,39.25388209302508],[-76.54637946486189,39.25388878489898],[-76.54639066729565,39.25389547497924],[-76.54640186973729,39.25390216415765],[-76.54641307450963,39.25390885154248],[-76.54642428045419,39.25391553712914],[-76.54643548872943,39.25392222092218],[-76.5464466970126,39.25392890381342],[-76.54645790762072,39.25393558581179],[-76.546469119401,39.253942266012],[-76.54648033235348,39.25394894441413],[-76.54649154647231,39.25395562191888],[-76.54650276292196,39.25396229763],[-76.54651397938517,39.25396897153855],[-76.54652519816761,39.25397564545496],[-76.54653641812803,39.25398231667248],[-76.54654763925478,39.25398898699269],[-76.54655886154801,39.25399565641551],[-76.54657008501339,39.25400232404023],[-76.54658131080376,39.25400899077204],[-76.54659253777204,39.25401565480497],[-76.54660376823536,39.25402231614802],[-76.54661500103518,39.25402897479668],[-76.54662623616569,39.25403563165171],[-76.54663747247419,39.25404228580783],[-76.54664871110759,39.25404893907107],[-76.54665995091892,39.25405558963548],[-76.54667119305523,39.25406223930698],[-76.54668243519941,39.25406888807661],[-76.54669367967433,39.25407553505262],[-76.54670492415137,39.25408218202754],[-76.54671616980055,39.25408882720436],[-76.54672741545178,39.25409547238005],[-76.54673866226953,39.25410211665841],[-76.54674990908357,39.25410876183639],[-76.54676115590547,39.25411540611256],[-76.54677240272947,39.25412205038764],[-76.54678364839128,39.2541286955579],[-76.5467948940552,39.25413534072711],[-76.54680613971547,39.25414198679593],[-76.54681738421357,39.25414863375995],[-76.5468286275494,39.25415528161916],[-76.54683986972309,39.25416193037356],[-76.54685110957027,39.25416858091942],[-76.546862349408,39.25417523326572],[-76.54687358691926,39.25418188740345],[-76.54688482210398,39.2541885433327],[-76.54689605612077,39.25419520105788],[-76.54690728664676,39.25420186147078],[-76.54691851600478,39.25420852367966],[-76.54692974186625,39.25421518947702],[-76.54694096423682,39.25422185796214],[-76.54695218427524,39.25422852913947],[-76.54696340197557,39.25423520390979],[-76.54697461618515,39.25424188136788],[-76.5469858280625,39.25424856151817],[-76.54699703761327,39.25425524345992],[-76.54700824599615,39.25426192719765],[-76.54701945205247,39.25426861272688],[-76.54703065577655,39.25427530094831],[-76.54704185949704,39.25428199006944],[-76.54705306089673,39.25428868008126],[-76.54706426113421,39.25429537098827],[-76.54707546136237,39.25430206369572],[-76.547086660434,39.25430875639767],[-76.54709785950205,39.25431544999923],[-76.54710905741365,39.25432214359521],[-76.54712025532737,39.25432883719021],[-76.54713145440176,39.25433553078851],[-76.54714265348399,39.254342223485],[-76.54715385256829,39.25434891618041],[-76.54716505281334,39.25435560887921],[-76.54717624957328,39.25436230336505],[-76.54718744283666,39.25436900143939],[-76.54719863492642,39.25437570221044],[-76.54720982469534,39.25438240387221],[-76.54722101329061,39.25438910823069],[-76.54723219955939,39.25439581438067],[-76.54724338467169,39.25440252052508],[-76.54725456977467,39.25440922846989],[-76.54726575372116,39.25441593640923],[-76.54727693766976,39.25442264434744],[-76.54728812161474,39.25442935318529],[-76.54729930672613,39.25443606112581],[-76.54731049184537,39.25444276816452],[-76.54732167813106,39.25444947430587],[-76.54733286443036,39.25445617864465],[-76.54734405421316,39.25446288209498],[-76.54735524400962,39.25446958374274],[-76.54736643730106,39.25447628270052],[-76.54737763292326,39.25448297986471],[-76.54738883088768,39.25448967343372],[-76.5474000323471,39.25449636431283],[-76.54741123731309,39.25450305070047],[-76.54742244577406,39.25450973439818],[-76.54743365774155,39.25451641360443],[-76.54744487436844,39.2545230892245],[-76.54745609566608,39.25452975945683],[-76.54746732162883,39.25453642520215],[-76.54747855342674,39.2545430846635],[-76.54748979455839,39.25454973425124],[-76.5475010438538,39.25455637576237],[-76.54751230247724,39.25456300830062],[-76.54752356694156,39.25456963365411],[-76.5475348383996,39.25457625272801],[-76.54754611568696,39.25458286641868],[-76.54755739764515,39.25458947472161],[-76.54756868310407,39.25459607943382],[-76.54757997089951,39.25460268145157],[-76.5475912621899,39.25460928077942],[-76.54760255348818,39.2546158792054],[-76.54761384595285,39.25462247673399],[-76.54762513841963,39.25462907426152],[-76.54763642855413,39.25463567448123],[-76.54764771752644,39.25464227559613],[-76.54765900300218,39.25464888029956],[-76.54767028498136,39.25465548859149],[-76.5476815634583,39.25466210137269],[-76.54769283495143,39.25466871953054],[-76.54770410060793,39.25467534487096],[-76.54771535927502,39.25468197648876],[-76.54772660977679,39.25468861708177],[-76.54773785327761,39.25469526575363],[-76.54774909095903,39.25470191890584],[-76.5477603239738,39.25470857744363],[-76.54777155349208,39.25471523956996],[-76.54778277951381,39.25472190528478],[-76.54779400203897,39.25472857458814],[-76.54780522106759,39.25473524748004],[-76.5478164366054,39.25474192305972],[-76.54782764981101,39.25474860133161],[-76.54783886184289,39.25475528230027],[-76.54785007038971,39.2547619650559],[-76.5478612777686,39.25476864960753],[-76.54787248282103,39.25477533595065],[-76.5478836867055,39.25478202408969],[-76.54789489058633,39.25478871312843],[-76.54790609214639,39.25479540305788],[-76.54791729370287,39.25480209388706],[-76.54792849526146,39.25480878471512],[-76.54793969682211,39.25481547554212],[-76.54795089839065,39.25482216546726],[-76.54796209996128,39.25482885539134],[-76.54797330385689,39.25483554442251],[-76.54798450776036,39.25484223255187],[-76.54799571283029,39.2548489197838],[-76.548006917908,39.25485560611392],[-76.54801812415216,39.25486229154669],[-76.54802933039271,39.25486897787912],[-76.54804053547676,39.254875664206],[-76.54805174055724,39.25488235143252],[-76.54806294447548,39.25488903955429],[-76.54807414839011,39.25489572857573],[-76.54808534998395,39.25490241848791],[-76.54809655041565,39.25490910929527],[-76.54810774967368,39.25491580279937],[-76.54811894661091,39.25492249719424],[-76.54813014237449,39.25492919428577],[-76.54814133581155,39.25493589316882],[-76.54815252575787,39.25494259473967],[-76.54816371453049,39.25494929900724],[-76.54817489981804,39.25495600506187],[-76.5481860827619,39.25496271561025],[-76.54819726105643,39.25496942884196],[-76.54820843469008,39.25497614655853],[-76.54821960481576,39.25498286966513],[-76.54823077028057,39.25498959725659],[-76.54824193109602,39.25499632753136],[-76.54825309073783,39.25500306050289],[-76.54826424688879,39.25500979616222],[-76.5482754018719,39.25501653361751],[-76.54828655684561,39.25502327287322],[-76.54829770951005,39.25503001121823],[-76.5483088633295,39.25503675046732],[-76.54832001716248,39.25504348791389],[-76.54833117331472,39.25505022536827],[-76.54834233064486,39.25505696012378],[-76.54835349031147,39.25506369218489],[-76.54836465347304,39.25507042155601],[-76.54837582013545,39.25507714733649],[-76.54838699146292,39.2550838686299],[-76.54839816745537,39.2550905854364],[-76.54840934812445,39.25509729595432],[-76.54842053578143,39.25510400109338],[-76.54843172927922,39.25511069904771],[-76.54844292860638,39.25511739161868],[-76.54845413376287,39.25512407880636],[-76.54846534359021,39.25513076060628],[-76.54847655807684,39.25513743881993],[-76.54848777606999,39.25514411254212],[-76.54849899756955,39.25515078177284],[-76.54851022372276,39.25515744831806],[-76.54852145105383,39.25516411216437],[-76.54853268187418,39.25517077422148],[-76.54854391387239,39.25517743357967],[-76.54855514704278,39.25518409113974],[-76.54856638253813,39.25519074780694],[-76.54857761803562,39.25519740447299],[-76.54858885354092,39.25520406023722],[-76.54860008904258,39.2552107169011],[-76.5486113233878,39.25521737355945],[-76.54862255656511,39.25522403201373],[-76.54863378974447,39.25523069046696],[-76.548645024096,39.25523734712203],[-76.54865626077827,39.25524400198346],[-76.54866749979124,39.25525065505119],[-76.54867873997631,39.25525730632076],[-76.54868998249212,39.25526395579669],[-76.5487012261801,39.25527060347444],[-76.54871247104016,39.25527724935404],[-76.54872371706665,39.25528389433633],[-76.54873496542389,39.25529053752486],[-76.5487462137889,39.25529717981158],[-76.54875746447891,39.25530382120539],[-76.54876871518249,39.25531046079656],[-76.54877996821108,39.25531709949482],[-76.54879122357606,39.25532373549861],[-76.54880248244184,39.2553303679117],[-76.54881374364977,39.2553369967296],[-76.54882500834692,39.25534362375825],[-76.54883627305769,39.25535024898432],[-76.5488475400934,39.25535687331744],[-76.54885880713699,39.25536349674872],[-76.54887007534121,39.25537012018336],[-76.54888134122467,39.25537674450878],[-76.54889260710452,39.25538336973378],[-76.54890387065788,39.25538999675032],[-76.54891513303757,39.25539662646362],[-76.54892639192644,39.25540325886468],[-76.54893764732451,39.25540989395356],[-76.54894889805604,39.25541653442802],[-76.54896014529109,39.25542317849104],[-76.54897138670091,39.25542982793524],[-76.54898262227998,39.25543648366134],[-76.54899384852948,39.25544314925902],[-76.54900505379509,39.25544983549274],[-76.54901624389248,39.25545653878176],[-76.54902742001468,39.2554632537261],[-76.54903858913033,39.25546997765019],[-76.54904975358507,39.25547670605911],[-76.54906091804769,39.25548343356623],[-76.54907208716968,39.25549015748704],[-76.54908326446102,39.25549687243044],[-76.54909445457893,39.25550357481118],[-76.54910566102787,39.25551026013892],[-76.54911687680473,39.25551693649366],[-76.54912809608807,39.25552360835687],[-76.54913932119506,39.25553027573753],[-76.54915054864415,39.25553693952296],[-76.54916177958829,39.25554360061844],[-76.54917301286886,39.25555025901943],[-76.54918424848013,39.25555691562674],[-76.54919548410494,39.2555635704315],[-76.54920672088474,39.25557022614036],[-76.54921795767234,39.25557688094737],[-76.54922919329775,39.2555835366496],[-76.54924042775525,39.25559019414781],[-76.54925165988631,39.25559685343752],[-76.54926288968507,39.25560351541946],[-76.54927411598736,39.25561018099004],[-76.54928533879311,39.25561685014915],[-76.54929655927238,39.25562352109981],[-76.54930777858372,39.25563019384639],[-76.54931899556863,39.25563686838451],[-76.54933021254985,39.25564354382234],[-76.54934142720462,39.25565022105165],[-76.54935264069724,39.25565689917618],[-76.54936385419188,39.25566357729961],[-76.54937506768297,39.25567025632274],[-76.54938628001186,39.25567693624112],[-76.54939749350712,39.25568361526208],[-76.54940870701026,39.25569029338119],[-76.54941992051548,39.25569697149921],[-76.54943113518141,39.25570364962059],[-76.54944234986088,39.25571032593943],[-76.54945356570104,39.25571700226161],[-76.54946478154331,39.25572367858272],[-76.54947599738774,39.2557303549027],[-76.54948721323423,39.25573703122163],[-76.54949842908283,39.25574370753948],[-76.54950964376926,39.25575038475255],[-76.54952085729346,39.25575706286082],[-76.54953206965548,39.25576374186435],[-76.54954328200823,39.25577042266826],[-76.54955449204013,39.25577710436293],[-76.54956569974559,39.25578378784915],[-76.54957690627742,39.25579047403211],[-76.54958811048274,39.2557971620066],[-76.54959931235589,39.25580385267337],[-76.5496105107382,39.25581054602794],[-76.54962170795268,39.25581724117852],[-76.54963290284059,39.25582393812063],[-76.54964409656066,39.25583063685871],[-76.54965529028279,39.25583733559569],[-76.54966648283704,39.25584403612867],[-76.54967767539915,39.2558507357598],[-76.54968886796907,39.25585743448912],[-76.54970006169964,39.25586413322181],[-76.54971165596422,39.25587106949164],[-76.55000524785275,39.25604643584115],[-76.55032633606504,39.25623648123521],[-76.55046690484812,39.25632037420319],[-76.55080359328494,39.25652116294568],[-76.55098312504943,39.25662819382926],[-76.55119859189101,39.25675615880575],[-76.55139737979005,39.25687405478803],[-76.55162311413027,39.25700872120452],[-76.55189547627906,39.2571703567783],[-76.55212452803003,39.25730730391552],[-76.55227514542464,39.25739723484457],[-76.55242436993203,39.25748578839259],[-76.55265678847603,39.25762401198744],[-76.55272710394478,39.25766632785645],[-76.55274485759044,39.25795317675036],[-76.5527086620481,39.257954919688],[-76.55270882324071,39.25795581656946],[-76.55270894501754,39.25795671690386],[-76.55270902737861,39.25795762069117],[-76.5527090680237,39.25795852522038],[-76.55270906926438,39.25795943140103],[-76.55270902996469,39.25796033562572],[-76.55270895011333,39.25796123969591],[-76.55270883089158,39.25796214001305],[-76.55270867113518,39.25796303747347],[-76.55270847201979,39.25796392937934],[-76.55270823354537,39.25796481573062],[-76.55270795456467,39.25796569472147],[-76.55270763739497,39.25796656636064],[-76.55270728204751,39.25796742884669],[-76.55270688853376,39.25796828037812],[-76.55270645684794,39.2579691218556],[-76.55270598816584,39.25796995058141],[-76.55270548364589,39.25797076655987],[-76.55270494213535,39.25797156888588],[-76.55270436596832,39.25797235486593],[-76.55270375397492,39.25797312629722],[-76.55270310964798,39.25797388049063],[-76.55270243067604,39.25797461653666],[-76.55270172054048,39.25797533354781],[-76.55270097808283,39.2579760315196],[-76.55270020562591,39.25797670956015],[-76.55269940318115,39.25797736586794],[-76.5526985730657,39.2579780004518],[-76.55269771412669,39.25797861240659],[-76.552696828687,39.25797920084038],[-76.55269591791094,39.25797976485681],[-76.55269498180421,39.25798030355516],[-76.5526940226783,39.25798081784495],[-76.55269304170325,39.25798130592917],[-76.55269203888473,39.25798176690699],[-76.55269101654002,39.25798220078731],[-76.55268997583332,39.25798260667376],[-76.55268891792332,39.25798298457079],[-76.55268784280997,39.25798333447829],[-76.55268675398057,39.2579836546081],[-76.55268565027642,39.25798394495582],[-76.55268453516774,39.2579842064354],[-76.55268340866589,39.2579844372453],[-76.55268227308805,39.25798463739444],[-76.55268112843433,39.25798480688275],[-76.5526782415798,39.25798509584209],[-76.55267991451539,39.25798585525992],[-76.5526815699298,39.25798663713029],[-76.55268320782299,39.25798744145321],[-76.55268482704203,39.25798826732346],[-76.55268642758129,39.25798911564176],[-76.55268800945203,39.2579899846067],[-76.55268957149006,39.2579908751146],[-76.5526911136953,39.25799178716539],[-76.55269263492059,39.25799271895327],[-76.55269413516008,39.25799367137888],[-76.55269561441396,39.25799464444227],[-76.55269707037053,39.25799563723383],[-76.55269850535275,39.25799664886173],[-76.55269991703774,39.25799768021783],[-76.55270130543113,39.25799873040133],[-76.55270266937434,39.25799979940791],[-76.55270401003158,39.25800088634122],[-76.55270532623869,39.25800199209753],[-76.55270661685392,39.25800311397027],[-76.55270788301902,39.25800425466601],[-76.55270912359232,39.25800541147811],[-76.55271033741519,39.25800658440222],[-76.55271152564056,39.25800777434344],[-76.55271268596259,39.25800897949151],[-76.55271382069286,39.25801020075595],[-76.55271492636678,39.25801143632203],[-76.55271600529596,39.25801268709933],[-76.5527170563218,39.25801395308346],[-76.5527180783027,39.2580152315677],[-76.55271907122727,39.25801652435364],[-76.55272003625983,39.25801783054489],[-76.55272097108882,39.25801914923183],[-76.55272187686712,39.25802048131973],[-76.55272275245328,39.2580218241018],[-76.55272359783582,39.25802317937968],[-76.55272441186752,39.25802454534738],[-76.55272519686558,39.25802592201372],[-76.55272595051279,39.25802730936989],[-76.55272667280917,39.25802870741587],[-76.55272736377178,39.25803011344946],[-76.55272802338348,39.25803153017288],[-76.55272865050269,39.25803295487948],[-76.55272924744675,39.25803438757805],[-76.55272981073972,39.25803582825541],[-76.55273034154592,39.25803727601516],[-76.55273084101825,39.25803873176253],[-76.55273130801523,39.25804019279081],[-76.55273174136671,39.2580416608971],[-76.5527321422428,39.25804313428431],[-76.55273251064348,39.25804461295247],[-76.55273284541576,39.25804609599636],[-76.55273314655965,39.25804758341598],[-76.55273341523379,39.25804907521586],[-76.55273365029093,39.25805056958996],[-76.55273385172531,39.25805206743905],[-76.55273401954267,39.25805356786242],[-76.55273415374866,39.25805506995933],[-76.55273425434332,39.25805657372972],[-76.55273432248521,39.25805807917805],[-76.55273435586845,39.25805958449399],[-76.552734355646,39.25806109058269],[-76.55273432182356,39.25806259654343],[-76.55273425440676,39.25806410147541],[-76.55273415455424,39.25806560538306],[-76.55273401995439,39.25806710735682],[-76.55273385176022,39.25806860830187],[-76.55273364998871,39.25807010551593],[-76.55273341462856,39.25807160080048],[-76.55273314684968,39.25807309235845],[-76.55273284549912,39.25807457928474],[-76.55273251057126,39.25807606248001],[-76.55273214207176,39.25807754104353],[-76.55273174231782,39.25807901498415],[-76.55273130784497,39.25808048248715],[-76.55273084212335,39.25808194446646],[-76.55273034284711,39.25808339911183],[-76.55272981116919,39.25808484732836],[-76.55272924709523,39.25808628821529],[-76.55272865178958,39.25808772087633],[-76.55272802408791,39.25808914620781],[-76.5527273640072,39.25809056150744],[-76.55272667385344,39.2580919685856],[-76.55272595132065,39.25809336563192],[-76.55272519756181,39.2580947535516],[-76.55272441374693,39.25809613054749],[-76.55272359871731,39.25809749661525],[-76.55272275247299,39.25809885175485],[-76.55272187733692,39.25810019507434],[-76.55272097215611,39.25810152566859],[-76.55272003691921,39.25810284533907],[-76.55271907280189,39.25810415138801],[-76.55271807864551,39.25810544381093],[-76.55271705676734,39.2581067226167],[-76.55271600600301,39.25810798870157],[-76.55271492752824,39.25810923936781],[-76.55271382133735,39.25811047551613],[-76.55271268743594,39.25811169624575],[-76.55271152698275,39.25811290156108],[-76.55271033881905,39.25811409145778],[-76.55270912410923,39.25811526503944],[-76.55270788401752,39.25811642140973],[-76.55270661853827,39.25811756146945],[-76.55270532767716,39.25811868431782],[-76.55270401143984,39.25811978905406],[-76.55270267097929,39.25812087658336],[-76.55270130630687,39.25812194510424],[-76.55269991741685,39.25812299551738],[-76.55269850663223,39.25812402693093],[-76.55269707164133,39.25812503843531],[-76.55269561475018,39.25812603184077],[-76.55269413713431,39.25812700444957],[-76.55269263647089,39.25812795715357],[-76.55269111508274,39.25812888906087],[-76.55268957296431,39.25812980107222],[-76.55268801128547,39.2581306913905],[-76.55268643004058,39.25813156091647],[-76.55268408996133,39.25813278515791],[-76.55268562754509,39.25813314411758],[-76.55268683830563,39.2581331487299],[-76.55268804886742,39.25813318486848],[-76.55268925690194,39.2581332543259],[-76.55269046009754,39.25813335619269],[-76.55269165844861,39.25813349136951],[-76.55269285080789,39.25813365805051],[-76.55269403369954,39.25813385622244],[-76.55269520827071,39.25813408769115],[-76.55269637106265,39.25813434974124],[-76.55269752206971,39.25813464327339],[-76.55269865781594,39.25813496827441],[-76.55269977946573,39.25813532384792],[-76.55270088470741,39.2581357090844],[-76.55270197122385,39.25813612397496],[-76.55270303902067,39.25813656761891],[-76.55270408693924,39.25813704001176],[-76.55270511150371,39.25813754114036],[-76.55270611388406,39.25813806920755],[-76.55270709292164,39.25813862420899],[-76.55270804514635,39.25813920523062],[-76.55270897172238,39.25813981137617],[-76.55270987033249,39.25814044263677],[-76.55271073982381,39.25814109810722],[-76.55271158020766,39.2581417759861],[-76.55271238916676,39.25814247626453],[-76.55271316554821,39.25814319803739],[-76.55271391051062,39.2581439413091],[-76.55271462059514,39.25814470336413],[-76.5527152969604,39.25814548420688],[-76.55271593845352,39.25814628293224],[-76.55271654276277,39.25814709863054],[-76.5527171110583,39.25814792950484],[-76.55271764101704,39.25814877644697],[-76.55271813381475,39.25814963675912],[-76.55271858713982,39.25815050953171],[-76.5527190009979,39.25815139386398],[-76.55271937538906,39.25815228975595],[-76.55271970917165,39.25815319450091],[-76.55272000235132,39.25815410719821],[-76.55272025492248,39.25815502874848],[-76.55272046574912,39.25815595554435],[-76.55272063483129,39.25815688758588],[-76.5527207621747,39.25815782397228],[-76.55272084779058,39.25815876290202],[-76.55272089168473,39.25815970347439],[-76.55272089270416,39.2581606447842],[-76.55272085201315,39.25816158593518],[-76.55272076962306,39.25816252512571],[-76.55272064438094,39.25816346145075],[-76.55272047745116,39.2581643940139],[-76.55272026883925,39.25816532191439],[-76.55272001972098,39.25816624245446],[-76.55271972893205,39.25816715653036],[-76.55271939764231,39.25816806234506],[-76.55271902586328,39.25816895809704],[-76.55271861475347,39.25816984379072],[-76.55271816317128,39.25817071671942],[-76.55271767342836,39.25817157779274],[-76.55271714553604,39.25817242520919],[-76.55271657949993,39.25817325806799],[-76.55271597764866,39.25817407457646],[-76.55271533882932,39.25817487382947],[-76.55271466535345,39.25817565673661],[-76.55271395608516,39.25817641969038],[-76.55271321333598,39.25817716360044],[-76.55271243827593,39.25817788666972],[-76.55271163206355,39.25817858890252],[-76.55271079355165,39.25817926849305],[-76.55270992622179,39.25817992455372],[-76.5527090289153,39.25818055708016],[-76.55270810511372,39.2581811651848],[-76.55270715366414,39.25818174796257],[-76.55270617688946,39.25818230452149],[-76.5527051759483,39.25818283486596],[-76.55270415201061,39.2581833371989],[-76.55270310623513,39.25818381152476],[-76.55270203978601,39.25818425694719],[-76.55270095381633,39.25818467437131],[-76.55269984950166,39.25818506109934],[-76.55269872915362,39.25818541804087],[-76.55269759393076,39.25818574520021],[-76.55269644384452,39.25818604077595],[-76.55269528237075,39.25818630478129],[-76.55269410834515,39.25818653811258],[-76.55269292525489,39.25818673898161],[-76.55269173425866,39.25818690739269],[-76.55269053650943,39.25818704425107],[-76.55268933201276,39.25818714865594],[-76.55268812540895,39.25818721972429],[-76.55268691553363,39.25818725835238],[-76.55268268259371,39.25818713593618],[-76.55268606452724,39.25818826577581],[-76.55268773616102,39.25818886485131],[-76.55268939374942,39.25818948639247],[-76.55269103845103,39.25819013040388],[-76.55269266679005,39.25819079687213],[-76.55269428108936,39.25819148490544],[-76.55269588019034,39.25819219449937],[-76.55269746177572,39.25819292564503],[-76.55269902700415,39.25819367834684],[-76.55270057587566,39.25819445260487],[-76.55270210724298,39.25819524661313],[-76.5527036199361,39.25819606216879],[-76.55270511396631,39.25819689747027],[-76.55270658933378,39.25819775251763],[-76.55270804603268,39.25819862821156],[-76.55270948175151,39.2581995236426],[-76.55271089765456,39.25820043791423],[-76.55271229374179,39.25820137102663],[-76.55271366769608,39.25820232297087],[-76.55271502067588,39.25820329375139],[-76.55271635152837,39.25820428246305],[-76.55271765909488,39.25820528910139],[-76.55271894569836,39.25820631277453],[-76.55272020785721,39.25820735436996],[-76.55272144673576,39.25820841299139],[-76.55272266233973,39.25820948773799],[-76.55272385235176,39.25821057860101],[-76.55272501908355,39.25821168648996],[-76.55272616023483,39.25821280869381],[-76.55272727579424,39.25821394701403],[-76.55272836693172,39.25821509965363],[-76.55272943132438,39.25821626750438],[-76.55273046897796,39.25821744966562],[-76.55273147989799,39.25821864523662],[-76.55273246524322,39.25821985422174],[-76.55273342153771,39.25822107660778],[-76.55273435226307,39.25822231150716],[-76.5527352539434,39.25822355890674],[-76.55273612773729,39.25822481881092],[-76.55273697249746,39.2582260894137],[-76.55273778937125,39.25822737252108],[-76.55273857837562,39.25822866543081],[-76.55273933718773,39.25822996903474],[-76.55274006697178,39.2582312824366],[-76.5527407665635,39.25823260653272],[-76.55274143713285,39.25823393952594],[-76.55274207752697,39.25823528051124],[-76.55274268773441,39.25823663129001],[-76.55274326777229,39.25823798916002],[-76.55274381763478,39.25823935502203],[-76.55274433616911,39.25824072797089],[-76.55274482337512,39.25824210800661],[-76.5527452804172,39.25824349423283],[-76.55274570730103,39.25824488574874],[-76.55274610169795,39.25824628434712],[-76.55274646478939,39.25824768642934],[-76.55274679655818,39.25824909469767],[-76.55274709702145,39.25825050644982],[-76.55274736502054,39.25825192168143],[-76.55274760170836,39.2582533412976],[-76.55274780709635,39.25825476349687],[-76.55274798002581,39.25825618827482],[-76.55274812166107,39.25825761473515],[-76.55274823083778,39.2582590437741],[-76.55274830757303,39.25826047268956],[-76.55274835301407,39.25826190328729],[-76.55274836600798,39.25826333466223],[-76.55274834656034,39.25826476591359],[-76.55274829583558,39.25826619614509],[-76.55274821267491,39.25826762535222],[-76.55274809823145,39.25826905444025],[-76.55274795136347,39.25827048070242],[-76.55274777206537,39.25827190503952],[-76.55274756150143,39.25827332655527],[-76.55274731851304,39.25827474524515],[-76.55274704426442,39.25827616021287],[-76.55274673875564,39.25827757145845],[-76.55274640083375,39.25827897807674],[-76.55274603165735,39.25828038007213],[-76.55274563123214,39.25828177654381],[-76.55274519955806,39.25828316749191],[-76.55274473663519,39.25828455291632],[-76.55274424362773,39.25828593192071],[-76.55274371938286,39.25828730359997],[-76.55274316390043,39.25828866795409],[-76.55274257834488,39.2582900240867],[-76.55274196271044,39.25829137289858],[-76.55274131700283,39.25829271348896],[-76.55274064123336,39.25829404405638],[-76.5527399353964,39.2582953655015],[-76.55273920065055,39.25829667782882],[-76.55273843584284,39.25829798013313],[-76.55273764329623,39.25829927152257],[-76.55273682069911,39.25830055108746],[-76.55273597035747,39.25830182063822],[-76.55273509112958,39.25830307746813],[-76.55273418416277,39.25830432338314],[-76.55273324947412,39.25830555568094],[-76.55273228705219,39.25830677616312],[-76.552731298067,39.25830798303252],[-76.5527302813656,39.25830917538399],[-76.55272923925386,39.25831035502786],[-76.5527281694259,39.25831152015382],[-76.55272707420465,39.25831266986993],[-76.55272595358447,39.25831380507695],[-76.55272480756534,39.25831492577489],[-76.55272363731719,39.25831603016661],[-76.55272244168141,39.25831711824772],[-76.55272122297525,39.25831819002712],[-76.55271997888151,39.25831924549583],[-76.55271871288171,39.25832028376654],[-76.55271742266427,39.2583213039295],[-76.55271611053509,39.25832230779513],[-76.5527147753469,39.25832329355743],[-76.55271341826402,39.25832426032016],[-76.55271204043937,39.2583252089884],[-76.55271064187865,39.25832613866152],[-76.55270922142316,39.25832704933496],[-76.55270778139027,39.25832794101761],[-76.55270632178561,39.25832881280876],[-76.55270484260917,39.25832966470833],[-76.55270334501958,39.2583304967208],[-76.5527018290225,39.25833130794541],[-76.55270029461225,39.25833209928285],[-76.55269847697694,39.25833370744165],[-76.55269977504136,39.258333832189],[-76.55270106593835,39.25833399113827],[-76.55270234965643,39.25833418609106],[-76.55270362388981,39.25833441523703],[-76.55270488632121,39.25833467856732],[-76.55270613695065,39.25833497608198],[-76.55270737346653,39.25833530687132],[-76.55270859471021,39.25833567093106],[-76.55270979836449,39.25833606825228],[-76.55271098328213,39.25833649702916],[-76.55271214945731,39.25833695816237],[-76.55271329341997,39.25833745073793],[-76.55271441518138,39.25833797295437],[-76.5527155124187,39.25833852570364],[-76.55271658397888,39.25833910808051],[-76.55271762986769,39.25833971918425],[-76.55271864777914,39.25834035720458],[-76.55271963539039,39.25834102303335],[-76.55272059387137,39.25834171487353],[-76.55272151974623,39.25834243271187],[-76.55272241418487,39.25834317475128],[-76.55272327371723,39.25834394007776],[-76.55272409950183,39.25834472869576],[-76.55272488922714,39.25834553969566],[-76.55272564175152,39.25834637037082],[-76.5527263570693,39.25834722162196],[-76.55272703403328,39.25834809164324],[-76.5527276714904,39.25834897952948],[-76.55272826829349,39.25834988347469],[-76.55272882444245,39.25835080347891],[-76.55272933994873,39.25835173774074],[-76.55272981365931,39.25835268535486],[-76.55273024326267,39.25835364541179],[-76.55273063108169,39.25835461701956],[-76.55273097481617,39.25835559746713],[-76.55273127446608,39.25835658675452],[-76.55273152887845,39.25835758397654],[-76.55273173922333,39.25835858733605],[-76.55273190434778,39.258359595928],[-76.55273202542169,39.25836060795523],[-76.55273210012784,39.25836162340886],[-76.5527321296419,39.25836263959121],[-76.55273211396387,39.25836365650214],[-76.55273205195211,39.25836467143507],[-76.55273194475961,39.25836568529513],[-76.55273179356773,39.25836669448373],[-76.55273159605343,39.25836769989276],[-76.5527313545511,39.2583686988289],[-76.55273106790779,39.25836969038693],[-76.55273073728203,39.25837067457122],[-76.55273036269088,39.25837164867955],[-76.55272994529874,39.25837261181561],[-76.55272948511119,39.25837356307866],[-76.55272898213387,39.25837450156789],[-76.55272843753114,39.258375426387],[-76.55272785247874,39.25837633483815],[-76.5527272269708,39.25837722782209],[-76.5527265610245,39.25837810263658],[-76.5527258569514,39.25837896019114],[-76.55272511593274,39.25837979688731],[-76.55272433680433,39.25838061362131],[-76.55272352189466,39.25838140860046],[-76.55272267236249,39.25838218182926],[-76.55272178822473,39.25838293060539],[-76.55272087179303,39.2583836558385],[-76.5527199230844,39.25838435482622],[-76.55271894325179,39.25838502847382],[-76.55271793461812,39.25838567588935],[-76.55271689720038,39.25838629437054],[-76.55271583331024,39.25838688482697],[-76.55271474295334,39.2583874463579],[-76.5527136284469,39.25838797897217],[-76.55271249096663,39.25838847997189],[-76.55271133166541,39.25838895026226],[-76.55271015170764,39.25838938894695],[-76.55270895341616,39.25838979513404],[-76.55270773678537,39.25839016972427],[-76.55270650530814,39.25839051002862],[-76.55270525897313,39.25839081784859],[-76.55270399895601,39.25839109048635],[-76.55270272872123,39.25839132975668],[-76.55270144711596,39.25839153475437],[-76.55270015762171,39.25839170459188],[-76.55269886255003,39.25839184017881],[-76.55269661971035,39.25839197395696],[-76.55269835438233,39.25839323443837],[-76.55270003622725,39.25839386868258],[-76.55270170402675,39.25839452539253],[-76.55270335662223,39.2583952045638],[-76.55270499401367,39.25839590619645],[-76.55270661504245,39.25839663028601],[-76.55270821971421,39.25839737593173],[-76.55270980802896,39.25839814313363],[-76.55271137883383,39.25839893098659],[-76.55271293095875,39.25839974128758],[-76.55271446442077,39.25840057133449],[-76.55271598036721,39.25840142293313],[-76.55271747648642,39.25840229517395],[-76.55271895278985,39.2584031862555],[-76.55272040810742,39.25840409797483],[-76.55272184360349,39.25840502943559],[-76.55272325812507,39.25840597973261],[-76.55272465050791,39.25840694976232],[-76.55272602192196,39.25840793772753],[-76.55272737004432,39.25840894452016],[-76.55272869603928,39.25840996924392],[-76.55272999874813,39.25841101189444],[-76.55273127701238,39.2584120724672],[-76.55273253200191,39.25841314916521],[-76.55273376370545,39.25841424378994],[-76.55273496982269,39.25841535363026],[-76.55273615034231,39.25841648048776],[-76.55273730527001,39.25841762346163],[-76.55273843577005,39.25841878165557],[-76.55273953953092,39.25841995415998],[-76.55274061654116,39.25842114277637],[-76.55274166681791,39.25842234480249],[-76.55274269035543,39.25842356113906],[-76.55274368600074,39.25842479088099],[-76.55274465374826,39.25842603492897],[-76.55274559361496,39.25842729058079],[-76.55274650558947,39.2584285596379],[-76.55274738968316,39.25842984029885],[-76.55274824357311,39.25843113345557],[-76.5527490695879,39.2584324373153],[-76.55274986540464,39.25843375277006],[-76.55275063103461,39.25843507801833],[-76.55275136763085,39.25843641396527],[-76.55275207519897,39.25843775971012],[-76.55275275142739,39.25843911434328],[-76.55275339631054,39.25844047876554],[-76.55275401217683,39.25844185118423],[-76.55275459670918,39.25844323159052],[-76.55275514990747,39.25844461998436],[-76.55275567177745,39.25844601546505],[-76.55275616231913,39.2584474180326],[-76.55275662153811,39.25844882678627],[-76.5527570494344,39.258450241726],[-76.55275744485508,39.25845166194664],[-76.55275780895313,39.25845308835343],[-76.55275814058689,39.2584545182396],[-76.55275844090933,39.25845595251039],[-76.55275870876184,39.25845739116134],[-76.55275894415007,39.25845883329176],[-76.5527591470797,39.25846027800085],[-76.5527593175507,39.2584617252886],[-76.55275945556311,39.25846317515508],[-76.55275956112828,39.25846462579869],[-76.55275963424052,39.25846607812025],[-76.5527596749055,39.25846753121902],[-76.55275968312326,39.25846898509496],[-76.55275965890506,39.25847043794661],[-76.55275960224532,39.25847189067466],[-76.552759511991,39.25847334237399],[-76.55275939045936,39.25847479305344],[-76.55275923533893,39.25847624180341],[-76.55275904779393,39.25847768772753],[-76.55275882898292,39.25847913083031],[-76.55275857658876,39.25848057110279],[-76.55275829293433,39.25848200765319],[-76.55275797686103,39.25848344047699],[-76.55275762838015,39.25848486777274],[-76.55275724863901,39.25848629134633],[-76.55275683649602,39.25848770849111],[-76.55275639309838,39.25848912101299],[-76.55275591730455,39.25849052620531],[-76.55275541142048,39.2584919258784],[-76.55275487314584,39.25849331732115],[-76.55275430362796,39.25849470233951],[-76.55275370404249,39.25849607823565],[-76.55275307321942,39.2584974468066],[-76.55275241232874,39.25849880625533],[-76.55275172021184,39.25850015657743],[-76.55275099919169,39.25850149688095],[-76.55275024694522,39.25850282805779],[-76.55274946580118,39.25850414831531],[-76.55274865460092,39.25850545764911],[-76.55274781450295,39.25850675606355],[-76.55274694550744,39.25850804355869],[-76.55274604762559,39.25850931833299],[-76.55274512085751,39.25851058038644],[-76.55274416751469,39.2585118306287],[-76.55274318529131,39.2585130672493],[-76.55274217534593,39.2585142902528],[-76.55274113767855,39.25851549963911],[-76.55274007345356,39.2585166945119],[-76.5527389838295,39.25851787487559],[-76.55273786648908,39.25851904072136],[-76.55273672375539,39.25852019115734],[-76.55273555563393,39.25852132528269],[-76.55273436096053,39.25852244399375],[-76.5527331432167,39.2585235464031],[-76.55273190009082,39.25852463160108],[-76.55273063273589,39.25852570049285],[-76.55272934115754,39.25852675217772],[-76.55272802767878,39.2585277857637],[-76.55272668998228,39.25852880124203],[-76.55272533038534,39.25852979862151],[-76.55272394773502,39.25853077699693],[-76.55272254434288,39.25853173727791],[-76.55272111906159,39.25853267765853],[-76.55271967304421,39.25853359904399],[-76.55271820744929,39.25853450143864],[-76.55271672112958,39.25853538303657],[-76.55271521524372,39.25853624384224],[-76.55271368978597,39.25853708475632],[-76.55271214707936,39.25853790488699],[-76.55271058480659,39.25853870422537],[-76.55270900529061,39.25853948187954],[-76.55270740853139,39.25854023784949],[-76.5527057956819,39.25854097304037],[-76.55270416675353,39.25854168565075],[-76.5527025217462,39.25854237568052],[-76.55270086065427,39.25854304403053],[-76.55269918580642,39.25854368890808],[-76.55269749603259,39.25854431211017],[-76.55269579366139,39.25854491184426],[-76.55269407753424,39.25854548810587],[-76.55269234880977,39.25854604089939],[-76.55269060748225,39.25854657112563],[-76.55268885472175,39.25854707698743],[-76.55268709168109,39.25854755939002],[-76.55268531720748,39.25854801742824],[-76.55268353361237,39.2585484520116],[-76.55268173974854,39.2585488613342],[-76.55267993676334,39.25854924720201],[-76.55267812582095,39.25854960871865],[-76.55267630692711,39.25854994498338],[-76.55267448123476,39.25855025690136],[-76.55267264874958,39.25855054357185],[-76.55267080946589,39.25855080589554],[-76.55266896570672,39.25855104298064],[-76.55266711630763,39.25855125572337],[-76.55266526128003,39.25855144232224],[-76.55266340408848,39.25855160459207],[-76.55266154242133,39.2585517416232],[-76.55265967859593,39.25855185342445],[-76.55265781261222,39.25855193999589],[-76.55266529570861,39.25868421341419],[-76.55275770225479,39.25868108933356],[-76.55275745595355,39.25867420830578],[-76.55277452382343,39.25867371033086],[-76.55277566787503,39.25867363812264],[-76.55277681501656,39.25867362717858],[-76.5527779606078,39.25867367838181],[-76.55277909884985,39.25867379261104],[-76.55278022512535,39.25867396714634],[-76.55278133131816,39.25867420285757],[-76.55278241512802,39.25867449703365],[-76.55278346960311,39.25867484964812],[-76.55278448896171,39.25867525887745],[-76.55278546974493,39.25867572200609],[-76.55278640732956,39.25867623721492],[-76.55278729593955,39.25867680177965],[-76.55278813211031,39.25867741388552],[-76.55278891007703,39.25867806900673],[-76.55278962869816,39.25867876443657],[-76.55279028335619,39.2586794974552],[-76.5527908705979,39.2586802644464],[-76.55279138697581,39.25868106089312],[-76.55279183135396,39.25868188318806],[-76.55279220143215,39.25868272861999],[-76.55279249377418,39.25868359087057],[-76.55279270955572,39.25868446724186],[-76.55279284532928,39.25868535321695],[-76.55279290319146,39.25868646769119],[-76.55280682600245,39.25890485861435],[-76.5528154152376,39.25903871437175],[-76.55283063619996,39.25927857198158],[-76.55284306126073,39.25947578634047],[-76.55285723636312,39.25969629678043],[-76.55287410344478,39.25994618798634],[-76.55288081489135,39.26006603766966],[-76.55289656342016,39.26030241302592],[-76.55291691889467,39.26061255919883],[-76.55305591567276,39.26061656980359],[-76.55335055091717,39.26062561223963],[-76.55338981133076,39.26062682357446],[-76.55372444240042,39.2606371485498],[-76.55406157140868,39.26064622908551],[-76.55407368233517,39.26083150682057],[-76.55407520798784,39.26083156215657],[-76.55407873150847,39.26083175749261],[-76.55408225386479,39.26083195372487],[-76.55408577999144,39.26083210313132],[-76.55408931997833,39.2608320751385],[-76.55409285781778,39.26083202011429],[-76.55409635881441,39.26083229643364],[-76.55409985794498,39.2608326853421],[-76.55410336270477,39.26083310039412],[-76.55410686142226,39.26083355505703],[-76.5541103447546,39.26083406100534],[-76.55411380102447,39.26083463260704],[-76.55411722204202,39.26083528244178],[-76.55412058202235,39.26083605725181],[-76.55412379153157,39.26083717558465],[-76.55412692103481,39.26083848727929],[-76.55413007276785,39.260839764829],[-76.55413331602585,39.26084085986971],[-76.55413657074045,39.26084197567154],[-76.55413983239021,39.26084309420193],[-76.55414311641121,39.26084415606867],[-76.55414643243506,39.26084510365894],[-76.55414979589213,39.26084587848132],[-76.55415321749908,39.2608464346371],[-76.55415668518255,39.26084684954679],[-76.55416018713515,39.26084715829557],[-76.5541637162973,39.2608473779713],[-76.55416726215618,39.26084752204556],[-76.55417081649354,39.26084760760185],[-76.55417437110253,39.26084764992208],[-76.55417791662325,39.26084766338303],[-76.55418144719449,39.26084765877172],[-76.55418497237974,39.26084758928435],[-76.55418849796112,39.26084745674449],[-76.55419202382542,39.26084727916705],[-76.55419554986511,39.26084707366631],[-76.55419907596702,39.26084685825718],[-76.554202603188,39.26084664915759],[-76.55420613025613,39.26084646437816],[-76.55420965821702,39.26084632193819],[-76.55421318696305,39.26084623895197],[-76.55421671527911,39.26084622442258],[-76.55422024458979,39.26084623601918],[-76.55422377496289,39.2608462629328],[-76.55422730409248,39.26084630335316],[-76.55423083430721,39.26084635548754],[-76.55423436444833,39.26084641933156],[-76.5542378956916,39.26084649218733],[-76.5542414257196,39.26084657404612],[-76.55424495686104,39.26084666311517],[-76.55424848796854,39.26084675758864],[-76.5542520178834,39.26084685746209],[-76.55425554894001,39.26084696004207],[-76.55425907998531,39.26084706442344],[-76.55426260986631,39.26084716970107],[-76.55426614090592,39.26084727498296],[-76.55426967079826,39.26084737845886],[-76.55427320071318,39.26084747833168],[-76.55427673065647,39.26084757370064],[-76.55428026063363,39.26084766366498],[-76.55428379180347,39.26084774822917],[-76.55428732414892,39.26084783009534],[-76.5542908564944,39.26084791196143],[-76.55429438998726,39.26084799563329],[-76.55429792112879,39.26084808470081],[-76.55430145338377,39.26084818097853],[-76.55430498325359,39.26084828805639],[-76.55430851189681,39.26084840593871],[-76.55431203812093,39.26084854002561],[-76.55431556308453,39.26084869032152],[-76.55431908444203,39.26084886132131],[-76.55432260334084,39.26084905483094],[-76.55432611844122,39.26084929966999],[-76.55432962834696,39.26084963366548],[-76.55433312849689,39.2608500450901],[-76.55433661551125,39.26085051861794],[-76.55434008483451,39.26085104162089],[-76.55434353422297,39.26085160238042],[-76.5543469392135,39.26085240617939],[-76.55435009474395,39.2608536332944],[-76.55435304353873,39.26085512264974],[-76.5543559256561,39.26085671263826],[-76.55435875869671,39.26085836819666],[-76.5543615579268,39.26086005695524],[-76.55436431932173,39.26086186627337],[-76.55436694998853,39.26086419664141],[-76.55436955953699,39.2608658306337],[-76.55437227930958,39.26086541128758],[-76.55437505921586,39.2608633500651],[-76.55437773520957,39.26086122989811],[-76.55438024693737,39.26085925142942],[-76.5543827091365,39.26085722593269],[-76.55438524806124,39.26085534485032],[-76.55438831867018,39.26085404227859],[-76.55439147677403,39.26085504420966],[-76.55439403025913,39.26085693380746],[-76.55439648175256,39.26085901217998],[-76.55439891453217,39.26086111840532],[-76.55440126505145,39.26086340807561],[-76.55440383670478,39.26086480321917],[-76.55440716421626,39.26086336830781],[-76.55440754969526,39.26086084310945],[-76.55440711250509,39.26085794817581],[-76.55440697159439,39.26085510841262],[-76.55440745529495,39.26085244126521],[-76.55440942153344,39.2608502373349],[-76.55441202821979,39.26084826733281],[-76.55441487286677,39.26084659819016],[-76.5544178164124,39.26084504832447],[-76.55442087291341,39.26084359346817],[-76.55442402799076,39.26084230923144],[-76.55442726494812,39.26084127121569],[-76.55443062573997,39.26084062550484],[-76.55443414960267,39.26084039746942],[-76.55443773959921,39.2608403399304],[-76.55444129648637,39.26084020389868],[-76.55444481572567,39.26083997404383],[-76.55444833495362,39.26083974599035],[-76.55445185417595,39.26083951883752],[-76.55445537455687,39.26083929168901],[-76.5544588937678,39.26083906633752],[-76.55446241414305,39.26083884008952],[-76.55446593335394,39.26083861473781],[-76.55446945256479,39.26083838938595],[-76.55447471979718,39.26083805086368],[-76.55451162074822,39.26077972095119],[-76.55451406960846,39.26077963475987],[-76.55450317379761,39.26060918205902],[-76.55449559732217,39.26060933436974],[-76.55447955179359,39.26037935811754],[-76.55446204322672,39.26011925452628],[-76.55444898033996,39.25991954824254],[-76.55443956320734,39.25978251249109],[-76.55442928030004,39.25962023835493],[-76.55446805413543,39.25961858483588],[-76.55460345377882,39.25961353262719],[-76.55459655276177,39.25953377022189],[-76.55459963404228,39.25953278835932],[-76.55460944454137,39.25952392415388],[-76.55465701689504,39.25951531576516],[-76.55470383572785,39.25950639733688],[-76.55473747825856,39.25949782706812],[-76.5547745934995,39.2594942151885],[-76.55481483021734,39.25949466409616],[-76.5548598132101,39.25949579575146],[-76.55490326600213,39.25949704769724],[-76.55492602529678,39.2594950964204],[-76.55495304250086,39.25949114625277],[-76.55499098669573,39.2594917017099],[-76.55502195907998,39.25948931313891],[-76.55505746446906,39.2594822595297],[-76.55508265897407,39.25948183614947],[-76.55509180354193,39.25948215363957],[-76.55509627461738,39.25947941962595],[-76.55509645662654,39.25947348964072],[-76.55510091412616,39.25946497352782],[-76.55509874959148,39.25946092897288],[-76.55511454611657,39.25945588235258],[-76.55529652024347,39.25944976543173],[-76.55563663521261,39.25943723698146],[-76.55566565773182,39.25943629290449],[-76.55564431920217,39.25909956618299],[-76.55562991021053,39.25887285518257],[-76.55560806199013,39.25854041954415],[-76.55558784545119,39.2582231410141],[-76.55554646865583,39.25757581275051],[-76.55555810978564,39.25757558568084],[-76.55559094517893,39.25754994519866],[-76.5558053852413,39.25754235240694],[-76.5558295626349,39.25756252475878],[-76.55584041946561,39.25756302161675],[-76.55585076286212,39.25771091423042],[-76.55586999670571,39.25798561409415],[-76.55588876407526,39.2582880370004],[-76.55590380374709,39.25851906057906],[-76.5559294298982,39.25867865520861],[-76.55596166281721,39.2588715889195],[-76.55599109838998,39.25904386096029],[-76.55601222838079,39.259169709182],[-76.55601941211123,39.25927750186023],[-76.55603009664588,39.25944541890528],[-76.55603974559473,39.25959107488244],[-76.55605081274062,39.25976507986395],[-76.55605422764016,39.2598154161286],[-76.55607586482172,39.26014142015338],[-76.55612401537792,39.26087941515256],[-76.55615732968187,39.26139564732588],[-76.55649852362504,39.26138658839515],[-76.55649858748228,39.2613752578478],[-76.55651355286567,39.26135511549674],[-76.5565370135714,39.26134280499579],[-76.55655504818178,39.26133474094809],[-76.55656589601062,39.26133102299835],[-76.5565812230483,39.26132494753134],[-76.55659560528146,39.26130151335471],[-76.55660619376968,39.2612476881767],[-76.55661038937109,39.26119576920912],[-76.55661580836799,39.26115834555126],[-76.55661243928537,39.26112100220777],[-76.55661293048033,39.2610791038319],[-76.556614325487,39.26105073933885],[-76.55661612868768,39.2610256596946],[-76.55662100406009,39.26098863572566],[-76.55662842474763,39.26094443231865],[-76.55663400273727,39.26091697898372],[-76.556639201905,39.26090453645639],[-76.55664358706122,39.26089794045802],[-76.55664626798311,39.26089390792281],[-76.556661598692,39.26087814016994],[-76.55667853935233,39.26086636800489],[-76.5567182863665,39.2608409046503],[-76.55674393159808,39.26082645851999],[-76.55676826534699,39.26080938799359],[-76.55678986615688,39.26078556938486],[-76.55680647568693,39.26075890621734],[-76.55682650806544,39.26073000313865],[-76.55684811027619,39.26071560207837],[-76.55687891297571,39.26070891750317],[-76.55691722626274,39.26070799376222],[-76.55696748223109,39.26070242295447],[-76.55701208495204,39.26068812485302],[-76.55703357829624,39.26068150420243],[-76.55706116478564,39.26067624867953],[-76.55708098297588,39.26069129783967],[-76.55710470243943,39.26071953727885],[-76.55712661442639,39.26073012740794],[-76.55714736589952,39.26073414023493],[-76.55717288923962,39.26073252322342],[-76.55720324329361,39.26072364349556],[-76.55722732291822,39.26071830895357],[-76.55724739946658,39.26072148420388],[-76.55728609880246,39.26073408686498],[-76.55731082595521,39.26073491061172],[-76.55735150385175,39.26073663399979],[-76.55735502346245,39.26073689948289],[-76.55735855721313,39.26073712718678],[-76.55736209923737,39.26073732879944],[-76.55736564832604,39.26073751242323],[-76.55736919860148,39.26073769154753],[-76.55737274769575,39.2607378742703],[-76.55737629089568,39.26073807318467],[-76.55737982582761,39.26073829728928],[-76.55738334662523,39.26073855827218],[-76.55738685206246,39.26073886693784],[-76.55739033744295,39.26073923317708],[-76.55739379806451,39.26073966778149],[-76.55739723154245,39.26074018155123],[-76.55740063081809,39.26074079157442],[-76.55740396987829,39.26074158152461],[-76.55740725107975,39.26074254510529],[-76.55741048507525,39.26074364632585],[-76.55741368250617,39.26074485099708],[-76.55741685402528,39.26074612312832],[-76.55742001027396,39.26074742853046],[-76.55742316189938,39.26074873211353],[-76.55742631955415,39.26074999788686],[-76.55742949845826,39.26075120068627],[-76.55743271119405,39.26075236668153],[-76.55743594841918,39.26075350754744],[-76.55743920078571,39.2607546358595],[-76.55744245896818,39.26075576059038],[-76.55744571014257,39.26075689430242],[-76.55744894613645,39.26075804687336],[-76.55745215645445,39.26075922907279],[-76.55745532944249,39.26076045166618],[-76.55745845692248,39.26076172543188],[-76.55746152724043,39.26076306113521],[-76.55746452990651,39.26076446864511],[-76.55746745557278,39.26076596053721],[-76.55747029491376,39.26076754578398],[-76.55747306310445,39.26076920642728],[-76.55747577530303,39.26077092721115],[-76.55747843850074,39.26077270185649],[-76.55748105853026,39.2607745240799],[-76.55748363890689,39.26077638758927],[-76.5574861866164,39.2607782870063],[-76.5574887074857,39.26078021694829],[-76.5574912061945,39.26078217022678],[-76.5574936897284,39.26078414146341],[-76.55749616276145,39.26078612437045],[-76.55749862996203,39.26078811356085],[-76.55750109831577,39.26079010365628],[-76.55750357366659,39.2607920865719],[-76.55750606067156,39.26079405872213],[-76.55750856516902,39.26079601292281],[-76.55751109414466,39.26079794379563],[-76.55751364996067,39.26079984414333],[-76.55751623841607,39.26080171308704],[-76.55751883503844,39.26080357305376],[-76.55752143747671,39.26080542943927],[-76.55752404341358,39.26080728223478],[-76.55752665401337,39.26080913054395],[-76.55752926926478,39.26081097616832],[-76.55753188800919,39.26081281910345],[-76.55753451025778,39.2608146575479],[-76.55753713715247,39.26081649420824],[-76.55753976638704,39.26081832727419],[-76.5575423991146,39.26082015765101],[-76.55754503534077,39.26082198443785],[-76.55754767505431,39.26082380943623],[-76.55755031710217,39.26082563174104],[-76.55755296148435,39.26082745135223],[-76.55755560819523,39.26082926917065],[-76.55755825839904,39.26083108429984],[-76.55756090977293,39.26083289763184],[-76.55756356463419,39.26083470917537],[-76.55756622067109,39.26083651802094],[-76.55756888835657,39.2608383170019],[-76.55757156768506,39.26084010701893],[-76.55757425633347,39.26084188896411],[-76.5575769531433,39.26084366283303],[-76.55757965578023,39.26084543131919],[-76.5575823642331,39.26084719622415],[-76.55758507617898,39.26084895843989],[-76.5575877892949,39.26085071885844],[-76.55759050125224,39.26085247927254],[-76.55759321320416,39.26085424058734],[-76.55759592049904,39.26085600548761],[-76.55759862313693,39.26085777397336],[-76.55760131878368,39.2608595487381],[-76.55760400627493,39.26086133067817],[-76.55760668329339,39.26086311978494],[-76.55760934865796,39.26086491965697],[-76.55761200004567,39.2608667311863],[-76.55761463745645,39.26086855437291],[-76.55761725739757,39.26087039190598],[-76.55761985869906,39.26087224558264],[-76.55762243670941,39.26087411808766],[-76.55762498792457,39.26087601391173],[-76.55762751468994,39.2608779285598],[-76.55763002048715,39.26087986114422],[-76.55763250880901,39.26088180897583],[-76.5576349808254,39.26088377025757],[-76.55763744003488,39.26088574139944],[-76.5576398899246,39.26088772061308],[-76.55764233282314,39.26088970610573],[-76.55764477106469,39.26089169518387],[-76.55764720813649,39.26089368605911],[-76.55764964637831,39.26089567513715],[-76.55765208927738,39.26089766062957],[-76.55765453916793,39.26089963984293],[-76.55765699837289,39.26090161188513],[-76.55765947039632,39.26090357226558],[-76.55766197615594,39.26090551115456],[-76.5576645191391,39.26090742676364],[-76.55766708655545,39.26090932625088],[-76.55766966909083,39.26091121678728],[-76.5576722539605,39.26091310463011],[-76.55767482952163,39.2609149987432],[-76.55767738530133,39.2609169062933],[-76.55767990967928,39.26091883264125],[-76.55768238985385,39.26092078674647],[-76.55768481651096,39.26092277578013],[-76.55768717686581,39.26092480599943],[-76.55768945812254,39.26092688546307],[-76.55769165329555,39.26092901954947],[-76.55769382396821,39.26093118056657],[-76.55769599921389,39.26093335150938],[-76.55769817554544,39.26093553416625],[-76.55770034601639,39.26093772761023],[-76.55770250597523,39.26093993452614],[-76.55770464963427,39.26094215399138],[-76.55770677118332,39.2609443886864],[-76.55770886483461,39.26094663768863],[-76.55771092710653,39.26094890188573],[-76.55771294987726,39.26095118304865],[-76.55771492966498,39.26095348206501],[-76.55771685951791,39.26095579890872],[-76.55771873363688,39.26095813445862],[-76.55772054853482,39.26096049050314],[-76.55772229725956,39.26096286701614],[-76.55772397401788,39.26096526397574],[-76.55772557415814,39.26096768406679],[-76.5577270918871,39.26097012726746],[-76.55772852141136,39.26097259355591],[-76.55772985918189,39.26097509462883],[-76.55773110866355,39.26097763230077],[-76.55773227335469,39.26098020298183],[-76.55773335789567,39.26098280578878],[-76.55773436927215,39.26098543534323],[-76.55773530981267,39.26098808985245],[-76.55773618533308,39.26099076573529],[-76.55773700164917,39.26099345941051],[-76.55773776108944,39.26099616908539],[-76.55773847063401,39.26099889028236],[-76.55773913492874,39.26100162121737],[-76.55773975747212,39.26100435830052],[-76.55774034408002,39.26100709795063],[-76.5577408993982,39.26100983838369],[-76.55774142808949,39.26101257511335],[-76.5577419336467,39.26101530545048],[-76.55774242304432,39.2610180258183],[-76.5577428939594,39.26102073710876],[-76.55774329996657,39.26102345175786],[-76.55774363524996,39.26102617334679],[-76.55774390675603,39.26102890280241],[-76.55774412261785,39.2610316365523],[-76.55774428977622,39.2610343764242],[-76.55774441519446,39.26103712064271],[-76.55774450583016,39.26103986833333],[-76.5577445697996,39.2610426186258],[-76.55774461289614,39.26104537154197],[-76.55774464323605,39.26104812621166],[-76.55774466893568,39.26105088176462],[-76.55774469464095,39.26105363641683],[-76.55774472961559,39.26105639110395],[-76.55774477965852,39.26105914494703],[-76.55774485405041,39.26106189617954],[-76.5577449574259,39.26106464481885],[-76.55774509790695,39.26106738909406],[-76.55774524764612,39.2610701352057],[-76.55774534404152,39.26107288832259],[-76.55774540099723,39.26107564849711],[-76.55774543823316,39.26107841220045],[-76.55774547546902,39.26108117590378],[-76.55774553124925,39.26108393877613],[-76.55774562298194,39.26108669637932],[-76.55774577269311,39.26108944699467],[-76.55774599662098,39.26109218798105],[-76.55774631447984,39.26109491671046],[-76.55774674482527,39.26109763055035],[-76.55774730737713,39.26110032597204],[-76.55774801952107,39.26110300214014],[-76.5577487919609,39.26110567132915],[-76.55774957018295,39.26110834234149],[-76.55775035535144,39.26111101428071],[-76.55775114630215,39.26111368804329],[-76.55775194419932,39.26111636273276],[-76.55775275020166,39.26111903835356],[-76.55775356315608,39.26112171400047],[-76.55775438305695,39.26112439057436],[-76.55775521223289,39.2611270662824],[-76.55775604951961,39.26112974202093],[-76.55775689608134,39.26113241689364],[-76.55775775191815,39.26113509090052],[-76.55775861703,39.26113776404153],[-76.55775949142254,39.26114043541596],[-76.55776037741306,39.2611431050325],[-76.55776127268426,39.26114577288246],[-76.55776217955349,39.26114843897454],[-76.55776309802634,39.26115110240804],[-76.55776402810844,39.26115376228211],[-76.55776496979415,39.26115641949757],[-76.55776592424216,39.26115907405877],[-76.55776689030503,39.26116172415988],[-76.55776787029451,39.26116437071034],[-76.55776886305192,39.26116701370576],[-76.55776986974713,39.26116965134909],[-76.55777089037456,39.26117228454099],[-76.55777192493419,39.26117491328147],[-76.55777297459034,39.26117753667422],[-76.55777403934299,39.26118015471918],[-76.5577751203564,39.26118276651997],[-76.55777621530763,39.26118537296861],[-76.55777732767832,39.26118797317744],[-76.55777845631542,39.26119056624138],[-76.55777960121335,39.26119315306111],[-76.55778076353634,39.26119573274035],[-76.55778194213133,39.26119830437385],[-76.5577831393101,39.26120086887121],[-76.55778436087719,39.26120342445266],[-76.55778567066629,39.26120595424401],[-76.55778707911668,39.261208456483],[-76.55778857928195,39.26121093024273],[-76.55779016418762,39.26121337909998],[-76.55779182688174,39.26121580302858],[-76.55779356039525,39.26121820470458],[-76.55779535661756,39.26122058409743],[-76.5577972085798,39.2612229438832],[-76.55779910816568,39.26122528493214],[-76.55780104957613,39.26122760812314],[-76.55780302584795,39.26122991523149],[-76.55780502770047,39.26123220802384],[-76.55780704933481,39.26123448737909],[-76.55780908262896,39.26123675506818],[-76.55781112177834,39.26123901287083],[-76.55781315751362,39.26124126075212],[-76.55781518518876,39.26124350049608],[-76.55781727917221,39.26124569815345],[-76.55781947200227,39.26124783853375],[-76.55782174738451,39.26124993328556],[-76.55782408788274,39.26125199135097],[-76.55782647721372,39.26125402257707],[-76.55782889678829,39.26125603500084],[-76.55783133262365,39.26125804118043],[-76.55783376497759,39.26126004824759],[-76.55783617756117,39.26126206695029],[-76.55783855409695,39.26126410623488],[-76.55784087713185,39.26126617774575],[-76.55784313039948,39.26126828862773],[-76.55784529529377,39.26127044962004],[-76.55784739039832,39.26127265358647],[-76.55784944595662,39.26127488172479],[-76.55785146429716,39.26127713224221],[-76.55785344890157,39.26127940425099],[-76.55785540210405,39.26128169505771],[-76.55785732623877,39.26128400196883],[-76.55785922479302,39.2612863231959],[-76.55786109893668,39.26128865694179],[-76.55786295216257,39.26129100051741],[-76.55786478680493,39.26129335122914],[-76.5578666063453,39.26129570818938],[-76.55786841195366,39.26129806960101],[-76.55787020713413,39.26130043097332],[-76.55787195003964,39.26130281376726],[-76.55787359418294,39.26130524032711],[-76.55787516280488,39.26130769993101],[-76.55787668262789,39.26131018096971],[-76.55787817804593,39.26131267362651],[-76.55787967346966,39.26131516538252],[-76.55788183927457,39.26131866852509],[-76.55788502060595,39.26132283485482],[-76.55788775711723,39.26132958562089],[-76.55809224508484,39.26132266726154],[-76.5581824775682,39.26131880379923],[-76.55818819188974,39.26131142276991],[-76.55824014305847,39.2613073900053],[-76.55827838520244,39.26129895673169],[-76.55830490498042,39.26129886462275],[-76.55832297821759,39.26129926768894],[-76.55836561284232,39.26130035313246],[-76.55839716209329,39.26130200939667],[-76.55842811167913,39.2613007854368],[-76.55845735031602,39.26130321306293],[-76.55848943143606,39.26130952197845],[-76.55850114560025,39.26131087574118],[-76.55853832126726,39.26131238557793],[-76.55855906953124,39.26131639543947],[-76.55857981462859,39.26132054220251],[-76.5586059794577,39.26132535698772],[-76.55863044045755,39.26132876826854],[-76.55864306656552,39.26132918413997],[-76.55866006591958,39.26133011006851],[-76.55868648100127,39.26133288102812],[-76.55870966491261,39.26133762964034],[-76.55873456332695,39.26134337103397],[-76.55874170884408,39.26134489406407],[-76.55875513465799,39.26134751441062],[-76.55876198682935,39.26134739153101],[-76.55875762729463,39.26129883174714],[-76.55912410075423,39.26128514014184],[-76.55910027072755,39.26092092694282],[-76.5590557398702,39.26021263807596],[-76.55903307795077,39.25986361792604],[-76.55897869130763,39.25900473067659],[-76.55890929443274,39.25795085725991],[-76.55888096989246,39.25749922495367],[-76.55885619580076,39.25709362722201],[-76.55884156830666,39.25683636334043],[-76.55884781984605,39.25683158481611],[-76.55893167173393,39.25685271394319],[-76.55926911359479,39.25693343172664],[-76.55942419307699,39.25697052646873],[-76.55942837530229,39.25697712860007],[-76.55943513469076,39.2569993498653],[-76.55944714002329,39.25700594801962],[-76.5594799436444,39.25701856929242],[-76.55950992212492,39.25702994950429],[-76.55956351101214,39.25703034779388],[-76.55959417634239,39.25703803199395],[-76.55962163211515,39.25704462052102],[-76.55965331358595,39.25705024935358],[-76.55969483479296,39.25705857865556],[-76.55973064619478,39.25706635958284],[-76.55974914771301,39.25707263346492],[-76.55976953026521,39.25708591338845],[-76.55977545087305,39.25708572750758],[-76.55979061557773,39.25707013976717],[-76.55979335664163,39.25706158911411],[-76.55990025956244,39.25708373535886],[-76.55991471738281,39.2570974974825],[-76.55995032927731,39.25711802801055],[-76.55998365145983,39.25713243551275],[-76.56002439262588,39.25714119774779],[-76.56004918809383,39.25714743841699],[-76.56006814136704,39.2571514953418],[-76.5600802394308,39.25714875458301],[-76.56009412380189,39.25714381993131],[-76.56010149441477,39.25713980668505],[-76.56018614914582,39.25715975971074],[-76.56019404819941,39.25727557531824],[-76.56023131013443,39.25780937938182],[-76.56027566919397,39.25843540562118],[-76.56025526079047,39.25844155352039],[-76.56023994811829,39.258449576088],[-76.56023572242997,39.25846922138652],[-76.56024244376007,39.25852999724282],[-76.56024663248401,39.25856773991215],[-76.56025126306935,39.25859718903775],[-76.56025595985679,39.25859949908869],[-76.56026044923189,39.25863977134617],[-76.56026341311055,39.25865510005216],[-76.56027151588719,39.25866459209177],[-76.5602775161824,39.25867419335769],[-76.56028493078647,39.25867507235176],[-76.56028973847691,39.25868005450259],[-76.56030041151536,39.25883610795724],[-76.56032650747639,39.25923624331985],[-76.56034823462507,39.2596232452522],[-76.56036626589076,39.25990044289877],[-76.56040095507635,39.26044354452094],[-76.56041973427844,39.26077814377019],[-76.56043382849053,39.26101256251213],[-76.56044672457681,39.26123633775607],[-76.56058327713829,39.26123114514247],[-76.56098154664231,39.26121599847942],[-76.56114492568688,39.26121056321168],[-76.56111624783908,39.26091435038798],[-76.56109375343947,39.26066883887471],[-76.56107403146476,39.26065420871188],[-76.56104626853153,39.26023395236431],[-76.56101738559468,39.25979045099343],[-76.56096398349972,39.25889646448294],[-76.56093389780996,39.25835201264097],[-76.56096487343558,39.25835198253591],[-76.5609648188765,39.25836136385967],[-76.56100947817733,39.25836152542454],[-76.56100952992973,39.25835877826714],[-76.56100955156899,39.25835602919558],[-76.56100957321387,39.25835327922331],[-76.56100962149038,39.25835053205286],[-76.56100972419449,39.25834778958979],[-76.56100990911646,39.25834505464023],[-76.56101001733566,39.25834198251562],[-76.56101062721197,39.25833910413072],[-76.56101294366985,39.25833793007879],[-76.56101621857778,39.25833765317464],[-76.56101994268118,39.25833780941889],[-76.56102379179339,39.25833817330764],[-76.56102744984375,39.25833851846662],[-76.56103096612948,39.2583389297525],[-76.56103448961743,39.25833948789091],[-76.56103800586402,39.25834009284218],[-76.56104149692172,39.25834064905754],[-76.56104494717708,39.25834105829463],[-76.56104833759629,39.25834121329065],[-76.56105116708611,39.25833951780798],[-76.56105436642203,39.25833853351516],[-76.56105785995925,39.25833831417569],[-76.56106142084143,39.25833825902811],[-76.56106500465101,39.2583382436001],[-76.56106856929318,39.25833814252705],[-76.56107207382621,39.25833783134964],[-76.56107548407054,39.2583372162599],[-76.56107884892236,39.25833644696854],[-76.56108218541013,39.25833558028788],[-76.56108550034074,39.25833463966333],[-76.56108880169076,39.25833364674317],[-76.56109209626725,39.258332624973],[-76.56109538974074,39.25833159419088],[-76.56109869007113,39.25833057874742],[-76.56110200291792,39.25832960028221],[-76.56110533625228,39.25832868134437],[-76.56110869826257,39.25832780935369],[-76.56111210602177,39.25832684655613],[-76.56111554187203,39.25832583792408],[-76.56111899144186,39.25832485906867],[-76.56112243687842,39.25832398648866],[-76.56112586150421,39.25832329398492],[-76.5611292463022,39.25832285895265],[-76.56113257690659,39.25832275610221],[-76.56113583477952,39.25832317272457],[-76.56113902296244,39.25832417909123],[-76.56114215537549,39.25832558519161],[-76.56114524711437,39.25832719831715],[-76.5611483132856,39.25832882395785],[-76.56115135838994,39.25833029638871],[-76.56115423278659,39.25833201859579],[-76.56115703944276,39.25833382792435],[-76.56116000268607,39.25833523519356],[-76.56116329954096,39.25833590597819],[-76.56116681353235,39.2583363136484],[-76.56117044216636,39.25833654429507],[-76.56117410435587,39.25833659491287],[-76.56117771669641,39.2583364624878],[-76.56118119461945,39.25833614490229],[-76.56118441775006,39.25833543452918],[-76.5611869486162,39.25833275158326],[-76.56118911735659,39.25833091941322],[-76.56119111024525,39.25833223027598],[-76.56119286057034,39.25833491841157],[-76.56119482105272,39.25833772263115],[-76.5611974440956,39.25833943308861],[-76.56120067207996,39.25834037384605],[-76.56120421795107,39.25834105997242],[-76.56120792067092,39.25834148906435],[-76.56121161456711,39.25834165870122],[-76.56121513861279,39.25834156467817],[-76.56121826532677,39.25834089447854],[-76.5612207239117,39.25833847068381],[-76.56122311010505,39.25833632405593],[-76.5612260227246,39.2583363619627],[-76.56122926327649,39.25833770631161],[-76.56123234528133,39.25833958242356],[-76.56123464499663,39.25834167810271],[-76.5612361136215,39.25834439040659],[-76.56123851801935,39.25834604599989],[-76.56124195199467,39.2583468397995],[-76.56124568017668,39.25834708612889],[-76.56124914914831,39.25834671716397],[-76.5612522988276,39.25834551829681],[-76.56125534587831,39.25834386505763],[-76.56125840703326,39.2583423668036],[-76.56126160483512,39.2583416302114],[-76.56126507662083,39.25834193052924],[-76.56126857552431,39.25834290472483],[-76.56127177603207,39.25834416695282],[-76.56127480215659,39.25834589873151],[-76.56127774685484,39.25834786981096],[-76.56128061958432,39.25834967487957],[-76.56128342865503,39.25835090682011],[-76.56128613881623,39.2583508953273],[-76.56128860130474,39.25834877690703],[-76.56129099238606,39.25834621413994],[-76.56129331958783,39.25834405107633],[-76.56129560991941,39.25834185454646],[-76.56129826279657,39.2583402385666],[-76.56130187404888,39.25833934498237],[-76.56130559201972,39.25833936878135],[-76.56130807562826,39.25834076885024],[-76.56130979088086,39.25834313347632],[-76.56131131513933,39.2583458432848],[-76.56131315263866,39.25834830024614],[-76.56131545845652,39.25835053376441],[-76.56131810635839,39.25835253436019],[-76.56132120274643,39.25835358361593],[-76.56132457782688,39.25835397094548],[-76.56132804876101,39.25835422171583],[-76.56133158995888,39.25835435204532],[-76.56133517700569,39.25835437535429],[-76.56133878547014,39.25835430776528],[-76.56134238861465,39.25835416359076],[-76.56134596433071,39.25835395806124],[-76.56134948588075,39.25835370548923],[-76.56135292175308,39.25835325532825],[-76.56135626299526,39.2583523688406],[-76.56135955571914,39.25835127139123],[-76.56136284479443,39.25835020185205],[-76.56136611211187,39.25834909079604],[-76.56136934202401,39.25834784538541],[-76.56137258761123,39.25834668830874],[-76.5613758972916,39.25834584674113],[-76.56137931170683,39.25834549378248],[-76.56138279247688,39.25834546534904],[-76.56138631482462,39.25834564604962],[-76.56138986422232,39.25834594935596],[-76.5613934226775,39.25834628692534],[-76.56139697450382,39.25834657222512],[-76.56140051539526,39.25834675209378],[-76.5614041158784,39.25834703847586],[-76.56140772906747,39.25834733121069],[-76.56141128195718,39.25834744446677],[-76.56141469923588,39.25834719060254],[-76.56141794374321,39.25834639563047],[-76.5614210640301,39.25834507774725],[-76.56142402422439,39.25834341697314],[-76.56142678150786,39.25834159240154],[-76.56142910302431,39.25833959865896],[-76.56143061582814,39.25833703801332],[-76.56143259593284,39.25833479348196],[-76.56143518054614,39.25833278630958],[-76.56143804290207,39.25833102068025],[-76.56144118154866,39.25832991905006],[-76.56144455034692,39.25832944791815],[-76.56144805685557,39.25832919168393],[-76.56145164562199,39.25832912401788],[-76.5614552646805,39.25832921680205],[-76.56145885625021,39.25832944549985],[-76.56146236835984,39.25832978289402],[-76.56146577480166,39.25833034508614],[-76.56146910726034,39.25833125469943],[-76.56147238633415,39.25833236588588],[-76.56147563030424,39.2583335327889],[-76.5614788381065,39.25833474009148],[-76.56148197353518,39.25833622185876],[-76.56148508586938,39.25833769092892],[-76.56148823049296,39.25833880971978],[-76.56149146429917,39.25833918390613],[-76.56149480143972,39.25833839828555],[-76.56149820601786,39.25833719946292],[-76.56150163581496,39.25833641959282],[-76.56150508522065,39.25833584156846],[-76.56150855056316,39.25833530954281],[-76.5615120227183,39.25833480006179],[-76.56151549603757,39.25833428968419],[-76.56151896023802,39.25833375495169],[-76.56152241088553,39.25833316341991],[-76.56152585025281,39.2583325223035],[-76.56152928959219,39.25833188569074],[-76.56153274014493,39.25833130947142],[-76.56153621546946,39.25833084954391],[-76.56153973134704,39.25833057712804],[-76.56154327083782,39.25833042099965],[-76.56154680802806,39.25833026216026],[-76.5615503158341,39.25832998340853],[-76.56155376942839,39.25832947746006],[-76.56155717326178,39.25832877405688],[-76.56156054768307,39.25832795524511],[-76.56156391195486,39.25832709135685],[-76.56156728648173,39.2583262554306],[-76.56157068935647,39.25832551959571],[-76.56157412653923,39.25832485685123],[-76.56157757886751,39.25832418065168],[-76.56158104375703,39.2583235342243],[-76.5615845174592,39.25832296169294],[-76.5615879950613,39.25832250807781],[-76.5615914728093,39.25832221840338],[-76.56159495360598,39.25832218545992],[-76.56159844502201,39.25832249665041],[-76.5616019432353,39.25832302044809],[-76.56160543755547,39.25832361178895],[-76.56160892304069,39.25832413283658],[-76.56161240014848,39.2583246970898],[-76.56161587437155,39.25832535321081],[-76.56161934616615,39.25832602733809],[-76.56162281713608,39.25832664741591],[-76.561626286551,39.25832714408222],[-76.56162975719006,39.25832744258343],[-76.56163322834517,39.25832746995443],[-76.56163670855514,39.25832715686784],[-76.56164019502972,39.25832657987871],[-76.56164368362538,39.25832584706396],[-76.56164716787582,39.25832506739286],[-76.5616506448016,39.258324348046],[-76.56165410677791,39.25832379798808],[-76.56165755197844,39.25832352530483],[-76.56166097400936,39.25832362725564],[-76.56166437889181,39.25832406693138],[-76.56166776941613,39.25832476777693],[-76.56167114484086,39.25832566223175],[-76.56167450211298,39.25832668182584],[-76.56167784164978,39.25832775900291],[-76.56168116387958,39.25832882440535],[-76.56168446564365,39.25832982667727],[-76.56168772640527,39.25833090175851],[-76.56169095301611,39.25833206588846],[-76.56169416079418,39.25833327768893],[-76.56169736274587,39.25833449487214],[-76.56170057420027,39.25833567425837],[-76.56170380816384,39.25833677355993],[-76.56170708111867,39.25833775050212],[-76.5617104072298,39.25833856280158],[-76.56171380668336,39.25833913126583],[-76.56171728786222,39.25833941178837],[-76.56172082585674,39.25833949795642],[-76.56172439690462,39.25833948516291],[-76.56172797492658,39.25833946879224],[-76.56173153384313,39.2583395442288],[-76.56173505106747,39.25833980416763],[-76.56173857711029,39.25834013710168],[-76.56174213683113,39.25834045755056],[-76.56174570336478,39.25834080054399],[-76.56174925216854,39.25834120021975],[-76.5617527575359,39.25834169161187],[-76.56175619145395,39.25834230794437],[-76.56175953052764,39.25834308516077],[-76.56176274789729,39.25834405739007],[-76.56176580369684,39.25834530104908],[-76.56176871192436,39.25834680087696],[-76.56177151590514,39.25834848317212],[-76.56177425895332,39.25835027603465],[-76.56177698206032,39.25835210845655],[-76.56177972854573,39.25835390763714],[-76.56178253940095,39.25835560256851],[-76.56178539236177,39.25835723370221],[-76.56178822650659,39.25835890980419],[-76.56179106294658,39.25836058951769],[-76.5617939227872,39.25836223238689],[-76.56179683061559,39.25836379706804],[-76.56179980755391,39.25836524040294],[-76.56180287702492,39.25836652194436],[-76.56180611477325,39.25836757171481],[-76.56180952087105,39.25836837800458],[-76.56181302442528,39.25836897567906],[-76.56181655222542,39.25836939959517],[-76.56181913138641,39.25836958757233],[-76.56182003936063,39.25836965401454],[-76.56182354324119,39.25836944820242],[-76.56182707296004,39.25836899837778],[-76.56183060186686,39.25836868006252],[-76.56183412033872,39.25836873823038],[-76.56183765327209,39.25836889373532],[-76.5618411880445,39.25836912671332],[-76.56184471065787,39.25836945242522],[-76.56184820363274,39.2583698870197],[-76.56185165296542,39.25837044665836],[-76.56185505734724,39.25837115565709],[-76.56185843196828,39.25837199335496],[-76.56186178521691,39.25837291474465],[-76.5618651277933,39.25837387572828],[-76.56186846924452,39.25837483130304],[-76.56187181797014,39.25837573466014],[-76.56187518350049,39.25837654349892],[-76.56187857655792,39.2583772101185],[-76.56188200794263,39.25837767420762],[-76.56188549825201,39.25837778991819],[-76.56188903304316,39.25837764457108],[-76.56189259177422,39.25837737500687],[-76.56189615157491,39.25837711985881],[-76.56189969305643,39.25837701687261],[-76.5619032121035,39.25837716962147],[-76.56190672752673,39.25837753403783],[-76.56191020235006,39.25837809376986],[-76.56191359725807,39.25837883606009],[-76.56191693102237,39.25837972314619],[-76.56192023061392,39.25838070288411],[-76.56192351484866,39.2583817303055],[-76.56192680023103,39.25838275953258],[-76.56193010327647,39.25838374288621],[-76.56193344048373,39.25838463538927],[-76.56193682358918,39.25838541276487],[-76.56194021963424,39.25838615866166],[-76.56194362156704,39.25838688926722],[-76.56194703170475,39.25838760459019],[-76.56195044656604,39.25838830551834],[-76.56195386730391,39.25838899295672],[-76.56195729391841,39.25838966690539],[-76.56196072408663,39.25839032825644],[-76.56196415780313,39.25839097791061],[-76.56196759506226,39.25839161676864],[-76.56197103470542,39.25839224482618],[-76.56197447672707,39.25839286298406],[-76.56197791995744,39.25839347303938],[-76.56198136557181,39.25839407229426],[-76.56198486285523,39.2583945600462],[-76.56198842118225,39.2583949192155],[-76.56199201123702,39.25839520644142],[-76.56199560371469,39.25839547656163],[-76.56199917045795,39.2583957862196],[-76.56200268331519,39.25839619115823],[-76.56200611297594,39.25839674711583],[-76.56200943128304,39.25839751073607],[-76.56201260893729,39.25839853595587],[-76.56201569155314,39.25839975358598],[-76.56201872482862,39.25840108092604],[-76.5620217123118,39.25840250627922],[-76.56202465639787,39.25840401704366],[-76.56202756062373,39.25840560332409],[-76.5620304262259,39.25840725251437],[-76.56203325674699,39.25840895381839],[-76.56203605573511,39.25841069553945],[-76.56203882557423,39.25841246687715],[-76.56204156750087,39.25841425522528],[-76.56204428621614,39.25841604979221],[-76.56204698410961,39.25841783887677],[-76.56204965307641,39.25841962154799],[-76.5620521194472,39.25842156470152],[-76.56205439015139,39.25842367196627],[-76.56205655836293,39.25842586532266],[-76.56205872073696,39.25842806586345],[-76.5620609716171,39.25843019377182],[-76.56206340417151,39.25843217192901],[-76.56206609514214,39.25843395648345],[-76.56206899089844,39.25843560128138],[-76.56207199606062,39.25843716631862],[-76.5620750140846,39.25843871248762],[-76.5620779495793,39.2584403015857],[-76.56208070484762,39.25844199360023],[-76.56208318333984,39.25844385032429],[-76.56208528039043,39.25844593442151],[-76.56208689028072,39.25844829143693],[-76.56208813510018,39.25845085156584],[-76.5620891706052,39.25845353431969],[-76.56209015372748,39.25845625651212],[-76.56209123908147,39.25845893494799],[-76.56209258242362,39.25846148913889],[-76.56209424293287,39.25846390489309],[-76.56209604490616,39.25846630315942],[-76.56209799436992,39.25846864612795],[-76.56210011132659,39.25847088433092],[-76.56210241344462,39.2584729709941],[-76.56210492070973,39.25847485935192],[-76.56210759996885,39.25847666457946],[-76.56211039967548,39.25847847836301],[-76.56211330391453,39.25848025110086],[-76.56211629214737,39.25848193137249],[-76.5621193496176,39.25848346958045],[-76.56212245810383,39.25848481431289],[-76.5621255982207,39.25848591505432],[-76.56212875406403,39.2584867204015],[-76.56213215939069,39.25848708980516],[-76.56213596547269,39.25848691843914],[-76.56213984393993,39.25848628254524],[-76.56214345943744,39.25848526374384],[-76.56214647663236,39.25848394005241],[-76.56214852128757,39.25848231007549],[-76.56214923376439,39.25847988425438],[-76.56214906906207,39.25847690749384],[-76.56214860857337,39.25847379631628],[-76.56214838520616,39.25847093823869],[-76.56214803359511,39.25846820849314],[-76.56214738594514,39.25846444626121],[-76.56214642700445,39.25844428253624],[-76.56216804149888,39.25844337768856],[-76.56220835328098,39.25844828315989],[-76.56222290271944,39.25845463559293],[-76.56222711072878,39.25847383139174],[-76.56223420259316,39.25858375996176],[-76.56224604073314,39.25877421079567],[-76.56224968135386,39.25882998296959],[-76.56225809625022,39.25895892181715],[-76.56227483340615,39.25923465152105],[-76.56228748543482,39.25944008516061],[-76.56230549754375,39.25974340206292],[-76.56232920028864,39.26012052313975],[-76.56235939715454,39.26058698694021],[-76.56236745913006,39.26071610184933],[-76.56238255282869,39.26099560670234],[-76.56252534872381,39.2609380147869],[-76.56283259697315,39.26081492843715],[-76.56281764775269,39.26057112529509],[-76.56278990393116,39.26008534743157],[-76.56276852108743,39.25974239770733],[-76.56274727492453,39.25940644653895],[-76.56273486317518,39.25922103707369],[-76.56274190585299,39.25921797996172],[-76.56274930278313,39.25921534753056],[-76.5627592367708,39.25921090318803],[-76.56276538431401,39.25920644564651],[-76.56276954659187,39.25920338050984],[-76.56277209968404,39.25919764940596],[-76.56277260835373,39.2591730098225],[-76.56277380200828,39.25915341350107],[-76.56282463124825,39.25914631371694],[-76.56281590803692,39.25897659499007],[-76.56280731704251,39.25881513771331],[-76.5627477559477,39.25877698358912],[-76.56272163861037,39.25877773215605],[-76.56272232535481,39.25878305286304],[-76.56270413222606,39.25878396785225],[-76.56269563513419,39.25863721418617],[-76.56268910691773,39.25852294423137],[-76.56270356305878,39.25851473710081],[-76.56288584659947,39.2585393294633],[-76.56291084749122,39.25854431731565],[-76.56292974400247,39.25854676568805],[-76.56294072613626,39.25854764338097],[-76.56294864653017,39.25854767286115],[-76.56300423725882,39.25855753061472],[-76.56306900381475,39.2585682629045],[-76.56305883906637,39.25839924140636],[-76.56304698644105,39.25821061104542],[-76.56303572513079,39.25804582447417],[-76.56302217459321,39.25783979388794],[-76.56300702392734,39.25760706298747],[-76.5629911332972,39.25735847664708],[-76.56297934092738,39.25717216052639],[-76.56296644741747,39.25697200265093],[-76.56295170000124,39.2567380067004],[-76.56293722112196,39.25651385265653],[-76.56293106305606,39.25641789940463],[-76.56293341100974,39.25638807820513],[-76.56293364801699,39.25638533894135],[-76.56293466405315,39.25638290523643],[-76.56293796824163,39.25638180868608],[-76.56294134945608,39.25638099796679],[-76.56294484677731,39.25638071192842],[-76.56294838148352,39.25638056384713],[-76.56295177626254,39.25637980812509],[-76.56295439400522,39.25637804695237],[-76.56295599319076,39.25637555416538],[-76.56295847563348,39.25637356279232],[-76.56296149351661,39.2563721102718],[-76.56296490590501,39.25637188156607],[-76.56296852623997,39.2563721274399],[-76.56297202311204,39.25637172610035],[-76.562975521881,39.25637101670397],[-76.56297875069869,39.25636992978048],[-76.5629814558113,39.25636827972718],[-76.56298374227376,39.25636612818769],[-76.56298581052719,39.25636385152961],[-76.56298779219098,39.25636152500678],[-76.56298926044826,39.2563590326328],[-76.56298979008952,39.25635637372582],[-76.56298976315132,39.25635359834948],[-76.56298976978471,39.25635082760186],[-76.56298987013656,39.25634807792086],[-76.56298995774948,39.25634532729166],[-76.56299012294376,39.25634258415732],[-76.56299045602879,39.25633985876253],[-76.56299087412376,39.25633706342397],[-76.56299148795445,39.25633427962313],[-76.56299264362923,39.2563317473525],[-76.56299467613628,39.25632963089851],[-76.56299746201081,39.2563278478313],[-76.56300053248829,39.2563263207415],[-76.56300368642756,39.2563251632784],[-76.56300843597694,39.25632416308314],[-76.56300787283547,39.25631231674651],[-76.56307089974224,39.25630888065031],[-76.56307284804275,39.25631931252547],[-76.56311441268848,39.25631719183562],[-76.56311475115727,39.25630643878741],[-76.56317433923168,39.25630432658519],[-76.56324907851467,39.25630222386987],[-76.56327908037485,39.25630137974227],[-76.56335711627906,39.25630072594947],[-76.56335752123776,39.25630345318905],[-76.56335787864985,39.25630618745795],[-76.56335886562074,39.25630847548398],[-76.56336241106054,39.25630846524812],[-76.56336593396016,39.25630835224042],[-76.56336846723629,39.2563099605295],[-76.56336918326375,39.25631259704711],[-76.56336966560495,39.25631536420833],[-76.56337011196881,39.25631814114426],[-76.56337064791569,39.25632085806159],[-76.56337120589247,39.25632357235858],[-76.56337175690669,39.25632628843115],[-76.56337228126776,39.25632900530543],[-76.56337275347555,39.25633172468806],[-76.56337315266974,39.25633444740228],[-76.56337309738487,39.25633721886968],[-76.5633729055522,39.2563399628062],[-76.56337470149411,39.25634220970244],[-76.56337815424338,39.25634257654454],[-76.56338174601754,39.25634256828194],[-76.56338527533843,39.25634254177159],[-76.56338880595094,39.25634249364742],[-76.56339233782727,39.25634242841313],[-76.56339586860045,39.25634235416698],[-76.56339939939576,39.25634227631773],[-76.56340293017448,39.25634220117062],[-76.56340646202865,39.25634213953896],[-76.56340999608915,39.25634209593081],[-76.56341353124181,39.25634206313589],[-76.56341706639992,39.25634202944008],[-76.56342060161904,39.25634198583592],[-76.56342413346765,39.2563419251045],[-76.56342766202332,39.25634183463525],[-76.56343118616618,39.25634170811867],[-76.56343470480975,39.25634153384061],[-76.56343821924557,39.25634129018746],[-76.56344173313227,39.2563409474473],[-76.56344523710129,39.25634052179924],[-76.56344872179527,39.25634002762082],[-76.56345217900432,39.25633948109537],[-76.56345558969159,39.25633877496033],[-76.56345787530211,39.25633675942493],[-76.5634592639374,39.25633421180202],[-76.56346196806103,39.25633234374744],[-76.56346535183432,39.25633168074907],[-76.56346899694819,39.2563318537371],[-76.56347236255618,39.25633452082215],[-76.56352066646456,39.2564016096745],[-76.56352526982771,39.25645245009731],[-76.56354162757366,39.25668676994616],[-76.56356063505685,39.25696859457967],[-76.56357343456916,39.25718713677003],[-76.56359286583101,39.25749373323058],[-76.56360790043341,39.25773189257047],[-76.56362870759422,39.25803486218162],[-76.56363880789169,39.25817085934817],[-76.56365442069213,39.25842432667797],[-76.56366770573715,39.25864502250943],[-76.56392000225105,39.25867728404256],[-76.56438333767197,39.25874060573362],[-76.56459343733772,39.25876969979294],[-76.56458623713394,39.25867059914587],[-76.56456604071252,39.25835444836186],[-76.56454838832656,39.25808521641487],[-76.56453066260879,39.25778207195401],[-76.56451488395892,39.25751096159208],[-76.56449302061733,39.25718409614033],[-76.56448598293287,39.25706932262882],[-76.56447803480889,39.25693619883256],[-76.56446925130655,39.25679987149253],[-76.56445456437721,39.25657655190071],[-76.56446454542791,39.25656379437052],[-76.56475446310841,39.25655172893271],[-76.56476788145922,39.25655998829808],[-76.56478717714663,39.25688534985751],[-76.56484022883731,39.25688396562618],[-76.56484438854989,39.25696933990145],[-76.56479351176647,39.25697144380501],[-76.56482862925573,39.25756279403251],[-76.56486140249356,39.25756110313687],[-76.5648664514076,39.25764583573774],[-76.56483471268469,39.25764773404303],[-76.56486176324333,39.25808279035458],[-76.56488416818276,39.25842199010268],[-76.56490878004671,39.25842071122848],[-76.56491319405274,39.2585060242519],[-76.56488990754167,39.25850656670406],[-76.56489571146291,39.2586416578532],[-76.56490639281675,39.25881425893866],[-76.56491529611624,39.2589489886399],[-76.56492312144712,39.25907415176221],[-76.56497570062275,39.25907167488079],[-76.56497945510344,39.25915685843326],[-76.56492859951057,39.25915978668327],[-76.56493758251332,39.25930931271816],[-76.56494741733837,39.25945805643006],[-76.56495677261928,39.25961585560306],[-76.56496818123809,39.25980406697339],[-76.56498214721557,39.26003951969005],[-76.56521276453739,39.26003093194206],[-76.56555018856811,39.26001729739993],[-76.56584598246801,39.26000646790876],[-76.56611378362986,39.259407579016],[-76.56630075351978,39.25939925301495],[-76.5663052136632,39.25939994236349],[-76.56631125483922,39.25939730920502],[-76.56632137561947,39.25939336067568],[-76.56633440860456,39.25939085242309],[-76.56634587527246,39.2593864143393],[-76.5663589649361,39.25937918085246],[-76.56637068478794,39.25937995465723],[-76.566380039831,39.25938356706301],[-76.56639234632853,39.25938371339358],[-76.56640609949628,39.25938413259346],[-76.56642431333556,39.25938268925552],[-76.56644314886324,39.25938019250749],[-76.56645924748824,39.2593788539506],[-76.56647689233831,39.25937647530581],[-76.56649565797431,39.25937365941861],[-76.56651407498181,39.2593732878327],[-76.56653292748841,39.25937313223484],[-76.56654621551236,39.25937686093279],[-76.56655850888011,39.25937744947564],[-76.56656614575985,39.25937439973293],[-76.56657864597017,39.25936995733449],[-76.56659402937451,39.25936942951477],[-76.56660810890666,39.25936915179864],[-76.56662416790472,39.25937069643849],[-76.56663847213466,39.25937119150819],[-76.56665386110465,39.25937089069526],[-76.56666864516724,39.25937193159722],[-76.56668599514013,39.25937382058308],[-76.56670351058453,39.25937346815978],[-76.56671633363828,39.25937118158051],[-76.56673957536835,39.25936947750722],[-76.56675585589277,39.25937003750376],[-76.56676620866745,39.25937097647073],[-76.56677744451947,39.25937074859424],[-76.56678353605496,39.25936840384379],[-76.56679271054207,39.25936268627297],[-76.56680256493131,39.2593619425608],[-76.56681260191418,39.2593654529585],[-76.56681959822936,39.25937015466658],[-76.56682954740828,39.25936944733263],[-76.56684303574403,39.25936636691274],[-76.56685579083239,39.25936648242173],[-76.56687268244308,39.25936658616416],[-76.56688592733248,39.25936637379463],[-76.56690129525424,39.25936496492429],[-76.56691835535393,39.25936460988869],[-76.56693493442413,39.25936428460361],[-76.5669457136536,39.25936407394317],[-76.56696710757407,39.25936365381398],[-76.56698660453117,39.25936326992273],[-76.56701130949598,39.2593631106078],[-76.56728695910283,39.2594693690988],[-76.56729229690475,39.25946902125441],[-76.5672995661629,39.2594683013028],[-76.56730845345847,39.25947091475809],[-76.56731106629046,39.25947224041122],[-76.56731740315573,39.25947545609084],[-76.56732549084919,39.25948055993038],[-76.56733330395141,39.25948224073161],[-76.56733597614058,39.25947725130302],[-76.56734771500203,39.25948080305547],[-76.56734682449759,39.25948375970531],[-76.56734981449974,39.25948859794944],[-76.56735927975519,39.25949257819715],[-76.5673702328825,39.25949406518944],[-76.56738298545308,39.25949630825102],[-76.5673920413312,39.25950148951604],[-76.56740271859051,39.25950755590534],[-76.56741227192371,39.25950982320835],[-76.56742036336703,39.2595145036931],[-76.56742574476216,39.25952107121591],[-76.56743301727349,39.25952894281399],[-76.56743395417342,39.25953396175368],[-76.56743845371977,39.25953503313077],[-76.56744797133648,39.25953232534557],[-76.56745968512286,39.25953181902473],[-76.56747362881526,39.25953520323595],[-76.56748561662344,39.25954011605443],[-76.56749847877164,39.25954757586707],[-76.56750794386988,39.25955519701515],[-76.56751879872779,39.25955893195389],[-76.56752946302082,39.25956313639177],[-76.5675395417922,39.25956949691763],[-76.56755075819595,39.25957531756702],[-76.56756347372776,39.25957983942101],[-76.56757634934704,39.2595862318619],[-76.56758677345097,39.25959391688669],[-76.56759668333373,39.25960213507442],[-76.56760764694535,39.25960875106828],[-76.56761832104856,39.25961324918519],[-76.56762906017531,39.25961791508381],[-76.56764129343632,39.25962096059269],[-76.56765299168406,39.2596281422685],[-76.56766550435107,39.25963344343129],[-76.56767459898222,39.25964025791315],[-76.5676862456131,39.25964735472316],[-76.56769416255493,39.25965272633774],[-76.56770366348036,39.25965256945147],[-76.56771313562734,39.25965371317055],[-76.5677197665632,39.25965754333526],[-76.5677282731161,39.25966046792407],[-76.56773382610747,39.25966493096421],[-76.5677401098978,39.25967115950147],[-76.56775056432581,39.25967862663666],[-76.56776510812792,39.25968431448964],[-76.56776889127174,39.25968182967883],[-76.56777445970776,39.25968147455448],[-76.56777950906204,39.259684543148],[-76.56777966773916,39.25968683619202],[-76.56777964321272,39.25968915108096],[-76.56778351331556,39.25969217389822],[-76.56779222221371,39.25969383724822],[-76.56780230527468,39.25969626590533],[-76.56781356856936,39.25970010140455],[-76.56782187532845,39.25970653465155],[-76.56782291730244,39.25971276010568],[-76.56783266395728,39.25971753673047],[-76.56784390624225,39.2597174024555],[-76.56785327146876,39.25971688835275],[-76.56785363744619,39.25971425134392],[-76.56785365207743,39.2597107068674],[-76.56785538616336,39.25970602383992],[-76.56785764365097,39.259703676634],[-76.56786542893616,39.25970498437838],[-76.56786998107656,39.25971036071278],[-76.56786966226578,39.25971400495617],[-76.56786854859817,39.25971822096577],[-76.56786884575679,39.25972212869932],[-76.56787075710047,39.25972372829473],[-76.56787741660175,39.2597240113228],[-76.56788345027805,39.25972717180953],[-76.56788454583055,39.25973049788127],[-76.56788038796044,39.25973363167283],[-76.5678859727869,39.25973857763557],[-76.56789650574454,39.25973905056668],[-76.56790818148627,39.25974004024015],[-76.56792194553938,39.25975086409765],[-76.5679409274434,39.25975915977462],[-76.56795342444275,39.2597622836874],[-76.56796941701484,39.25976619422127],[-76.56797945696982,39.25976866413991],[-76.56798623088766,39.25977660953313],[-76.56799413381144,39.25977857976773],[-76.56800481465936,39.25977836144176],[-76.56801634895734,39.2597778435957],[-76.56802616625701,39.25978262947187],[-76.56803764793366,39.25979361246258],[-76.56804528135245,39.25980026570674],[-76.56805328383477,39.25980148956518],[-76.56806460409685,39.25980187169711],[-76.56807736771262,39.25980592977513],[-76.5680935263502,39.25980978145204],[-76.56810371448947,39.25981208346101],[-76.56811617335832,39.25982090458682],[-76.56812941398329,39.25982959347093],[-76.56814453628218,39.25983028863403],[-76.56814738358463,39.25983592981924],[-76.56814761536799,39.25984315754993],[-76.56816036264155,39.25985047454479],[-76.56816411026661,39.25987001161718],[-76.56828146745741,39.25986554565729],[-76.56836470526711,39.25986237828552],[-76.56833325294686,39.25961207377699],[-76.56832244381745,39.25947718604942],[-76.5686969162018,39.25946570539944],[-76.56869350193114,39.25919721290396],[-76.56884865012495,39.2591918060606],[-76.56885556335797,39.25951478817255],[-76.56886154986429,39.25994493326189],[-76.56886675432516,39.26016890180193],[-76.56896241204034,39.26020852294013],[-76.56914543391969,39.25994747771026],[-76.56938194938027,39.25963543399759],[-76.56947014172853,39.2596832009402],[-76.56969352303202,39.2598174697175],[-76.56970304248381,39.25995873092205],[-76.569716294372,39.26020505268309],[-76.56973146599796,39.26045849483837],[-76.56976990662903,39.26045810873433],[-76.56974399036658,39.2601058641007],[-76.56972477060476,39.25984492709379],[-76.56986070956712,39.25992683401719],[-76.57023588100964,39.26015251112261],[-76.57055324859752,39.26034821779019],[-76.57060810811971,39.26038204684728],[-76.57102480272263,39.26063586463406],[-76.57136008439623,39.26083927124399],[-76.5714886476278,39.26124947533222],[-76.57152976426937,39.26137764543319],[-76.57154812597089,39.26143487976615],[-76.57168691346429,39.2618677445863],[-76.57181191604116,39.26224053255532],[-76.5715197634385,39.26223318853985],[-76.57151467715312,39.26224654280145],[-76.57151268619201,39.26225177170851],[-76.57150936421282,39.26225905401655],[-76.57150646119483,39.26226622615786],[-76.57150198372948,39.26227546792635],[-76.57149770573274,39.26228544905332],[-76.57149249470737,39.26229221102913],[-76.5714887273695,39.26230128784528],[-76.57148693795857,39.2623076785789],[-76.57148204316009,39.26231349770196],[-76.57147471808582,39.26231574451306],[-76.57146568888362,39.26231543953087],[-76.57145433395287,39.26231497292977],[-76.57144547196692,39.26231460820471],[-76.57143019690429,39.2623139813702],[-76.57142410110262,39.26231624887831],[-76.57142348195914,39.26232475528516],[-76.57142401707941,39.26232958626219],[-76.57142602243322,39.26233387133423],[-76.5714313789157,39.26233756151806],[-76.57143855897387,39.26234167631376],[-76.57144660518577,39.26234684456693],[-76.57145468574653,39.26235265699492],[-76.57146264647986,39.26235970033662],[-76.57147001970331,39.26236694240534],[-76.57147711834415,39.26237283592074],[-76.57148375247118,39.26238005097072],[-76.57148836668712,39.26238692626554],[-76.57149073703849,39.26239485808144],[-76.57149012876201,39.26240502014195],[-76.57148949283365,39.26241438852382],[-76.57148908948912,39.26242035554898],[-76.57148858942489,39.26242775624575],[-76.5714880195027,39.26243617185457],[-76.57148729569626,39.2624437825149],[-76.57148630431331,39.26245176241493],[-76.57148247182772,39.26245934551735],[-76.57148148500643,39.26246541850555],[-76.57148098125187,39.26247170313567],[-76.57148018385308,39.26247864425577],[-76.57147899531054,39.26248588570623],[-76.57147834852606,39.2624935975336],[-76.57147731578101,39.26250036754948],[-76.57147415550719,39.26251252991293],[-76.5714731217487,39.26251812442123],[-76.57147196539094,39.26252310595901],[-76.57147075475899,39.26252767294488],[-76.57146972154308,39.2625320261951],[-76.57146626105087,39.26253710651596],[-76.57146122765462,39.2625443834774],[-76.57144901577684,39.26256167151276],[-76.57147705945573,39.26257543762063],[-76.57166004977205,39.26254485575825],[-76.57167463940283,39.26258821435452],[-76.57166265278217,39.26259161067023],[-76.57166280351834,39.26259543318372],[-76.5716570206243,39.26259615342288],[-76.57167984305825,39.26265889056967],[-76.57167689948886,39.26266663815792],[-76.5716878141402,39.26270742516205],[-76.57169284632781,39.26270572214639],[-76.57170702591375,39.26274906572926],[-76.57172287421854,39.26274669055294],[-76.57176990877947,39.26291266034852],[-76.57184747832183,39.26316891113402],[-76.57183713463417,39.26317039662094],[-76.57184014805655,39.26319850889929],[-76.57186661789301,39.26322793354516],[-76.571932124631,39.26344882111909],[-76.57190822204984,39.26349206907865],[-76.57182303751593,39.26349437524449],[-76.57149390423616,39.26350222923101],[-76.57128551811105,39.26363228101606],[-76.57126240227252,39.26363269024486],[-76.57126114256926,39.26364594946821],[-76.57126005760711,39.263657328524],[-76.57125886508292,39.26366982504123],[-76.57125743247565,39.26368485184255],[-76.57125588232894,39.26370111316881],[-76.57125458181703,39.26371479740578],[-76.57125537776123,39.26373150146814],[-76.57125999940133,39.26374406335022],[-76.57126563030975,39.26375489853982],[-76.57127161680869,39.26376614127403],[-76.57127851395602,39.26377778817471],[-76.5712843556521,39.26378902497496],[-76.57129132185835,39.26380094145681],[-76.57129765981168,39.26381116760373],[-76.57130308904172,39.26381990416424],[-76.57130843302323,39.26382855844336],[-76.57131435524437,39.26383682480012],[-76.57131812157388,39.26384481215514],[-76.57131972877424,39.26385248086299],[-76.57131960650874,39.26386159529685],[-76.57131866016553,39.26387151200979],[-76.57131790201048,39.26387943240513],[-76.57131711375521,39.26388773191424],[-76.57131601823194,39.26389664012216],[-76.57131517317649,39.26390551861826],[-76.57131333350951,39.26391542396305],[-76.57130939469592,39.26392543874476],[-76.57130590023692,39.26393497774094],[-76.57130060763632,39.26394773942903],[-76.57129861464416,39.26395195135463],[-76.57129460657677,39.26396115338945],[-76.57128687461142,39.26397183890702],[-76.5712780383447,39.26398060896097],[-76.5712682406018,39.26399105814023],[-76.57126175831446,39.26400011692616],[-76.57125203529692,39.26401238953294],[-76.57124009779018,39.2640239154231],[-76.57123257564444,39.26403554300645],[-76.5712268180835,39.26404796790724],[-76.57122071790938,39.26406033030446],[-76.57121545272337,39.26407123560389],[-76.57120892495148,39.26408129947862],[-76.57120200765483,39.26409388678567],[-76.57119746707357,39.26410606931795],[-76.57119180731543,39.2641174559875],[-76.57118611825933,39.2641260204411],[-76.57117759795189,39.26413561494368],[-76.57116904468354,39.26414606145254],[-76.57116170569087,39.26415422173997],[-76.57115134082181,39.26416378788622],[-76.57114180991353,39.26417360118539],[-76.57113278734185,39.26418270563369],[-76.57112372959017,39.264191111857],[-76.57111256660281,39.26420024992203],[-76.5711035331084,39.26421001008784],[-76.57109804127454,39.26421699891192],[-76.57109274814491,39.26422562065455],[-76.57108651252382,39.26423469654508],[-76.57108188411308,39.26424204252412],[-76.57107590635184,39.26425101576747],[-76.57106836737908,39.26426024272948],[-76.5710599278123,39.26427104364755],[-76.57105335633025,39.26427951389361],[-76.57104630992623,39.26428718972797],[-76.57104036541908,39.26429372741214],[-76.57103492463003,39.26429917070046],[-76.57103110372235,39.26430328046257],[-76.57102782470292,39.26430688236892],[-76.57102447413195,39.26431024440931],[-76.57102176097115,39.2643120567535],[-76.57101662768338,39.26431531950225],[-76.57100550943446,39.26431877657175],[-76.57099770508299,39.26432033791821],[-76.57098919935612,39.26431984565137],[-76.57097748151531,39.26431917140375],[-76.57096689743406,39.26432378070282],[-76.5713827943037,39.26430373861776],[-76.57138639533437,39.26436768472335],[-76.57144609895805,39.26435998666244],[-76.57151147643783,39.26433971112257],[-76.57156954455371,39.26431731279094],[-76.57162279792644,39.26429281969451],[-76.57173812302908,39.26424511315351],[-76.57174733807814,39.26425901769716],[-76.57162886354126,39.26430325831054],[-76.57157698783607,39.2643294922171],[-76.57156559989858,39.26433424726412],[-76.57152040495353,39.26435193650619],[-76.57144540135734,39.26437668526971],[-76.57138898668504,39.26438066705266],[-76.57138699484472,39.2643848789835],[-76.57129514158608,39.26438817379454],[-76.57097150121957,39.26440177617264],[-76.57046902015425,39.26442092634887],[-76.56988004111582,39.26444414253551],[-76.56989522637642,39.26458373804423],[-76.5697490722773,39.26459316606015],[-76.56876395566624,39.26462998097125],[-76.56878343352302,39.26483472787559],[-76.56907439848452,39.26482489033206],[-76.56956196513964,39.26480361067192],[-76.57009976012075,39.2647838685317],[-76.57047323191944,39.2647707390713],[-76.57101161696228,39.26475048417922],[-76.57152142214225,39.26473271765868],[-76.57198054781045,39.26471454443344],[-76.57198385494789,39.26471376831461],[-76.57198850697712,39.26471190986978],[-76.57199688543083,39.264710074014],[-76.57200433714873,39.26471011468413],[-76.57201115169143,39.26471166902521],[-76.57201966776121,39.26471621921804],[-76.57202712044931,39.26472147894361],[-76.5720296048531,39.26472935170766],[-76.5720402838421,39.26486675243086],[-76.57203939337782,39.26487087650734],[-76.57203881407378,39.2648743225383],[-76.57203558322151,39.26487954873336],[-76.57203378765783,39.26488273000973],[-76.57202855979008,39.26488803449984],[-76.57202535337018,39.26489036211042],[-76.57202066656603,39.2648926050581],[-76.57201333062126,39.26489392316998],[-76.57153008025824,39.26491217605055],[-76.57110181156067,39.26492795067893],[-76.57058269063711,39.26494745853457],[-76.57022753994198,39.26496083104675],[-76.5695822112498,39.26498562934385],[-76.56920599724255,39.26499882878572],[-76.56885372409536,39.26501224643383],[-76.56886506767563,39.26521357834773],[-76.56888396573235,39.26549628819284],[-76.5688211208702,39.26549993707575],[-76.56883179694123,39.2658057862845],[-76.56883554151044,39.26595273338344],[-76.56886115989145,39.26595499919115],[-76.56888358611027,39.26595588590818],[-76.56889844501922,39.26595647280975],[-76.56890983191707,39.26595692085667],[-76.56892094770008,39.26595736250263],[-76.56893214575459,39.26595780444954],[-76.56894614734283,39.26595817201375],[-76.56895876017626,39.26595805617088],[-76.56897101361824,39.26595854072086],[-76.56898266419466,39.26595869337568],[-76.56899688459352,39.26595756736204],[-76.56900788836624,39.26595603680663],[-76.56901955561143,39.26595649758177],[-76.5690327235519,39.26595637295891],[-76.56904420070852,39.26595550620213],[-76.56905468056479,39.26595533568152],[-76.56906567588761,39.26595576876485],[-76.56907673490238,39.26595525447244],[-76.56908508923181,39.26595380246309],[-76.56909743160259,39.26595300012814],[-76.56910918811762,39.26595020944784],[-76.56911803179409,39.26594736484213],[-76.56912774918737,39.26594375688745],[-76.56913725998561,39.26594096697253],[-76.56914666669452,39.26593909816098],[-76.56915747302125,39.26593878650765],[-76.56917046224201,39.26593717854887],[-76.56917989109779,39.26593681499998],[-76.5691917564217,39.26593728729391],[-76.56920006866048,39.26593761413956],[-76.56920775530509,39.26593791707137],[-76.56921729321816,39.26593829525194],[-76.56923086785923,39.26593855672687],[-76.56924244278224,39.26593800017369],[-76.56925248834671,39.26593664263122],[-76.56925879867966,39.26593689367145],[-76.56926640421737,39.26593719540111],[-76.5692762750906,39.26593789096786],[-76.56928615084058,39.26593797402916],[-76.56929966704101,39.26593850911544],[-76.56931544273239,39.26593658257963],[-76.56932899127067,39.26593484424164],[-76.56934559238043,39.26593113810812],[-76.56936058783739,39.2659266000797],[-76.56937466555073,39.26592282433725],[-76.56938689970113,39.2659199948461],[-76.56939945781431,39.2659195382648],[-76.56941029559279,39.26591996263129],[-76.56941975820216,39.26592033781702],[-76.56943279942728,39.26592085223034],[-76.56944710688285,39.26592141812451],[-76.56945877676726,39.26592430823811],[-76.56947074913712,39.26592852809289],[-76.56948670550339,39.26592986297816],[-76.56950237502957,39.26593072750937],[-76.56951750189522,39.26593203232658],[-76.56953111517203,39.26593413868219],[-76.56954477990172,39.26593483101836],[-76.56956074400875,39.26593546332253],[-76.56957848062257,39.26593616517491],[-76.56959684633468,39.26593688644488],[-76.56961430723199,39.26593757647209],[-76.56963091164654,39.26593924609629],[-76.56964378373561,39.26594242884305],[-76.56965826205889,39.2659446284308],[-76.56967607629589,39.26594533325518],[-76.56969463891713,39.26594606874287],[-76.56971213575535,39.2659467561849],[-76.56973210027057,39.26594542683748],[-76.56974853065223,39.26594254602624],[-76.56976291575108,39.26594311216635],[-76.56978078525648,39.26594234622256],[-76.56979925494642,39.26594273725971],[-76.56981704287668,39.26594147378739],[-76.5698353272501,39.26593860065621],[-76.5698516829365,39.26593924786669],[-76.56986811740191,39.2659398980658],[-76.56988190933527,39.26594044310263],[-76.56989921267888,39.26594112710582],[-76.56991683229637,39.26594182307397],[-76.56993347123814,39.26594238573743],[-76.56994867703939,39.26594003637076],[-76.56996373008104,39.26593765401508],[-76.56997882539743,39.26593766515388],[-76.56999292888915,39.26593708806038],[-76.5700079316827,39.26593611341602],[-76.57002677737314,39.26593679494082],[-76.57003818849064,39.26593687995734],[-76.57005155074674,39.26593623979141],[-76.57008418604653,39.26593325972545],[-76.57009394175033,39.26593269192455],[-76.57012015803939,39.2659288452306],[-76.57013523851589,39.26592901032636],[-76.5701463114611,39.26592944629493],[-76.57016310158161,39.26593011126608],[-76.5701800121907,39.26593078027889],[-76.57020728674331,39.26593185743566],[-76.57021784880035,39.26593227171081],[-76.57023298342716,39.26593287116257],[-76.57025099968918,39.26593044917123],[-76.57026719408194,39.2659257757956],[-76.57028683223912,39.26592093036146],[-76.57030277375939,39.26592070044678],[-76.57031974721878,39.2659209409037],[-76.57033933407347,39.26592054867194],[-76.57035815325085,39.26592101566371],[-76.57037800876947,39.26592007764201],[-76.57039492780612,39.26591878027732],[-76.57041543782408,39.26591691955451],[-76.57043592952219,39.26591597934637],[-76.57045387531106,39.26591524330455],[-76.57047354504763,39.26591417577733],[-76.57049367453789,39.26591334592957],[-76.5705175016766,39.26591213416409],[-76.57053729787354,39.2659127641363],[-76.57055680699821,39.26591353537676],[-76.57057304338319,39.26591417394357],[-76.57059313489091,39.26591272691358],[-76.57061294823453,39.26590822525834],[-76.57062833078621,39.26590806711867],[-76.57063936550881,39.26590850019871],[-76.57065268825153,39.26590902631501],[-76.57066880760256,39.26590966444078],[-76.5706861964505,39.26591019731149],[-76.57070184544743,39.26591081749935],[-76.57071855564217,39.2659114775951],[-76.57073707888965,39.26591220917103],[-76.57075643394604,39.26591297260898],[-76.57077862266947,39.26591385179064],[-76.5707973023277,39.26591458753178],[-76.57081539230212,39.26591530129804],[-76.57083297800808,39.26591470710447],[-76.57085069562929,39.26591510153327],[-76.57086547694234,39.26591568249781],[-76.57088252788508,39.26591537368779],[-76.57090013331681,39.26591324194472],[-76.57091663804191,39.26590974691781],[-76.57093383936549,39.26590775601454],[-76.57094733372102,39.26590807194464],[-76.57096682076258,39.26590617135739],[-76.57098333641443,39.26590316818054],[-76.57100176451949,39.26589931986086],[-76.57101945144598,39.26589654885207],[-76.57103805063672,39.26589430181704],[-76.57105354212428,39.26589184075495],[-76.57107254449353,39.26588826385144],[-76.57109080901476,39.26588578859205],[-76.57111121506668,39.26588367785526],[-76.57113113270576,39.26588185267634],[-76.57114932015322,39.26587928344649],[-76.57116809749225,39.2658761263646],[-76.57118674240844,39.26587378939616],[-76.57120537172571,39.26587173250677],[-76.57122168624871,39.26587056162565],[-76.57124022992605,39.26587040413847],[-76.57125851682667,39.26587112756314],[-76.57127934233705,39.26587170351896],[-76.57130067860169,39.26587174808076],[-76.57131857099235,39.26587064059539],[-76.5713345733395,39.26587127279804],[-76.57134777675638,39.26587179389607],[-76.57136350452929,39.26587241698564],[-76.57138138124526,39.26587275336517],[-76.57139792735813,39.2658704582452],[-76.57141352414374,39.26586763541109],[-76.57142846433081,39.26586819526614],[-76.57144237676137,39.26586874236105],[-76.57145238734365,39.26586913919963],[-76.5714626734638,39.26586957757738],[-76.57147124102977,39.26587329298373],[-76.57148038553314,39.26587549540238],[-76.57149516335052,39.26587607897719],[-76.57150794326053,39.26587707591916],[-76.57151971443012,39.26588009230482],[-76.57153150140959,39.26588298534175],[-76.57154217447855,39.26588650845432],[-76.57155180360881,39.26589097176247],[-76.57156344767704,39.26589296891106],[-76.57157848403403,39.26589506670938],[-76.57159138790247,39.26589837276364],[-76.57160460176107,39.26590119623472],[-76.57161782014805,39.26590442146348],[-76.57163119288815,39.26590722389269],[-76.57164326972507,39.26591105117163],[-76.57165380726767,39.26591610328425],[-76.57166195851153,39.26592198620818],[-76.57167047102332,39.26592714623145],[-76.571685414716,39.2659330791495],[-76.57169342273622,39.26593754193797],[-76.57170354098304,39.26594294922105],[-76.57171201163851,39.26594813340935],[-76.57172012358087,39.26595284969086],[-76.57172908203678,39.26595842568957],[-76.57173624876609,39.26596423655944],[-76.57174254717027,39.26597069011315],[-76.57174687015936,39.26597709412666],[-76.57175314445925,39.2659844699786],[-76.57176149350448,39.2659921416418],[-76.57176757684684,39.26599947806356],[-76.57177267217709,39.26600674422536],[-76.57177716622053,39.26601533502608],[-76.57178180221098,39.26602421458997],[-76.57178598188433,39.26603343838482],[-76.57178937440531,39.26604137481372],[-76.57179348278696,39.2660505073707],[-76.57179754173332,39.26606034324728],[-76.57179948771713,39.26606987957035],[-76.57180172743887,39.26607970611103],[-76.57180549908108,39.26609029848578],[-76.57180781230598,39.26609908220466],[-76.57181371236399,39.26611759198568],[-76.57181526195438,39.26612714397763],[-76.57182079149018,39.26614714317864],[-76.57182233677001,39.26615798595562],[-76.57182240147353,39.26616723527984],[-76.57182269833896,39.26617603326487],[-76.57182471652982,39.26618627875506],[-76.57182610331377,39.26619650302695],[-76.57183027635516,39.26621604689716],[-76.57183118867256,39.26622751069759],[-76.57183128484208,39.2662374987663],[-76.57183093741776,39.26624706636044],[-76.5718304892638,39.26625393128264],[-76.571829586814,39.2662677187537],[-76.57182901885588,39.26627638657702],[-76.57182840722253,39.26628576314565],[-76.57182771154017,39.26629639417791],[-76.57182701049425,39.26630714589351],[-76.57182636864792,39.26631692049142],[-76.57182578106841,39.26632595935956],[-76.57182511963381,39.26633609959786],[-76.57182462552412,39.26634366695148],[-76.57182402964806,39.26635273641539],[-76.57182335282408,39.26636312250724],[-76.57182269138876,39.26637326274542],[-76.57182201858417,39.26638355877505],[-76.57182130252269,39.26639449419229],[-76.57182053894533,39.26640619869232],[-76.57181990479988,39.26641584901201],[-76.57181915855244,39.26642429729814],[-76.57181634359318,39.26643951361979],[-76.57181348338533,39.26644763352471],[-76.57181112652837,39.26645644885628],[-76.57180914235421,39.2664668743186],[-76.57180669727144,39.26647648380587],[-76.57180467456935,39.26648503643057],[-76.57180297070752,39.26649298400079],[-76.5718010444228,39.26650188107042],[-76.57179997638937,39.26650911755055],[-76.5717989850011,39.26651709474154],[-76.57179707889455,39.26652629634423],[-76.57179525861262,39.26653356521135],[-76.57179258398611,39.26654184702971],[-76.57178964658799,39.26654931539699],[-76.57178623537793,39.26655618572797],[-76.57178272389757,39.26656277375282],[-76.57177958901744,39.26656897852279],[-76.57177461109377,39.26657566208613],[-76.57176270865956,39.26658784751226],[-76.57174437380368,39.26660598337449],[-76.57172244543193,39.26662164072636],[-76.57171233162757,39.26662892078161],[-76.57170078692117,39.26663559120196],[-76.57168529414645,39.26664112216245],[-76.57167102780781,39.26664658012808],[-76.57165517815858,39.26665268086998],[-76.57164110834999,39.26665879080411],[-76.5716286299098,39.2666640742317],[-76.57161722115283,39.26666933723916],[-76.5716027106038,39.26667493662701],[-76.57159042554348,39.26667909029193],[-76.57157505361013,39.26668456402957],[-76.57156000712446,39.26669044970277],[-76.57154562736623,39.2666964567079],[-76.57153420369011,39.26670073421254],[-76.57152186402917,39.26670510115311],[-76.57150914892233,39.26670985135051],[-76.57149665059401,39.26671362770641],[-76.57148361731296,39.26671772008012],[-76.57147140703532,39.26672138488838],[-76.57145716309832,39.26672466305093],[-76.57144529398911,39.26672671222268],[-76.57143288630967,39.26672852522812],[-76.57142390319048,39.26672817177185],[-76.57141504032715,39.26672766922626],[-76.57140692611797,39.26672734596286],[-76.57139816450248,39.26672715545129],[-76.57138999628864,39.26672637259782],[-76.57138198369874,39.26672323029936],[-76.57137309018121,39.26672204755879],[-76.57136308331445,39.26672159127688],[-76.57135382512452,39.26671996762896],[-76.57134361724509,39.26671710736234],[-76.5713328808183,39.26671388665979],[-76.57132013709384,39.26670994431991],[-76.57130787722276,39.2667058965535],[-76.57129163710503,39.26670411860378],[-76.57127888406833,39.26670152647683],[-76.57126468193809,39.26669807603076],[-76.57125020693248,39.26669529385743],[-76.57123587938683,39.26669380572374],[-76.57122200599815,39.26669329117534],[-76.571209292139,39.26669131170619],[-76.57119560913293,39.26668843963876],[-76.57118264192025,39.26668792479141],[-76.57116624665117,39.26668727762253],[-76.57114689254882,39.26668651245501],[-76.5711304625175,39.26668586515423],[-76.57111433950976,39.26668522707928],[-76.57109576756474,39.26668523311505],[-76.57107850772076,39.26668633116726],[-76.57106284057717,39.26668964281699],[-76.57104709599642,39.26669292085339],[-76.57102828344793,39.26669841528069],[-76.57101224018578,39.26670260379873],[-76.57099452221655,39.26670645111101],[-76.57097453351645,39.26671002439857],[-76.57095602776371,39.26671383910175],[-76.57091565300084,39.26672096709385],[-76.57090126265413,39.26672411584426],[-76.57088439360375,39.26672765637756],[-76.57086432356712,39.26673183916918],[-76.57086945635818,39.26683101267896],[-76.57118746098166,39.26681856997897],[-76.57142739647652,39.2668076818092],[-76.57167107290259,39.26679825793126],[-76.57193741684362,39.26678721732556],[-76.57223969806496,39.26677467122713],[-76.57243203870381,39.26676832405495],[-76.572426362025,39.26668712797027],[-76.57271401876262,39.26667459045928],[-76.57272598035669,39.26688946175297],[-76.57241048565072,39.26689921275121],[-76.57214128185214,39.2669128805595],[-76.57168408546217,39.26692987517821],[-76.57120930514368,39.26694862426825],[-76.57066827181133,39.26697022879102],[-76.57024456722995,39.26698684932513],[-76.56966405539568,39.26701152589418],[-76.56959184102307,39.26708002588844],[-76.56960044925229,39.26723179812679],[-76.56957225454421,39.26723332608309],[-76.56956786156809,39.26721288056224],[-76.56920771562945,39.26722620469196],[-76.56900583902113,39.26723214047518],[-76.56900311922738,39.26724837314379],[-76.56888708325938,39.2672504243463],[-76.56886364043251,39.2672632589031],[-76.56888253747287,39.26749453562064],[-76.56891343916229,39.26799354840171],[-76.57025920214937,39.26793890203368],[-76.57169810339998,39.26788674360944],[-76.5721526582024,39.26787011221261],[-76.5722018887836,39.26786822699704],[-76.57225364583942,39.26786629601613],[-76.5722852571953,39.26786510413562],[-76.57231348172425,39.26786404313467],[-76.57233416991566,39.26786327535608],[-76.57236985544799,39.26786192263959],[-76.57256886621921,39.2678541330725],[-76.57274705934653,39.2678474348287],[-76.57275193929524,39.2678477849656],[-76.57275822138875,39.2678496769131],[-76.5727662293292,39.26785304519174],[-76.57277357154744,39.26785727758664],[-76.57277950490224,39.26786223898158],[-76.57278270439485,39.26786685444468],[-76.57278624200993,39.26787074151584],[-76.5727897986397,39.26788648366037],[-76.57279504659755,39.26797757487268],[-76.57280199176597,39.26808067678717],[-76.57281123688536,39.26822887318803],[-76.57282232577461,39.26840112227961],[-76.5728239445513,39.26842308167591],[-76.57282385660189,39.26842440908747],[-76.5728237095758,39.26842573268105],[-76.57282350347846,39.26842705155592],[-76.57282323831521,39.26842836481134],[-76.57282291410787,39.26842966884435],[-76.57282253200968,39.26843096455981],[-76.57282209204237,39.26843224835483],[-76.57282159536472,39.26843352023361],[-76.57282104199304,39.26843477749384],[-76.57282043309154,39.26843601923907],[-76.57281976867641,39.268437242767],[-76.57281904990107,39.26843844898264],[-76.57281827678716,39.26843963428293],[-76.5728174516578,39.26844079777558],[-76.57281657567708,39.2684419385641],[-76.57281564885048,39.26844305574769],[-76.57281467235305,39.26844414662832],[-76.57281364850782,39.26844521031375],[-76.57281257616677,39.2684462449981],[-76.57281145880089,39.26844725159496],[-76.57281029759069,39.26844822650538],[-76.57280909370037,39.26844916883299],[-76.57280784712451,39.26845007947836],[-76.57280656251996,39.2684509548555],[-76.57280523756917,39.26845179495592],[-76.57280387690723,39.2684525997965],[-76.57280248055046,39.26845336667498],[-76.57280105082187,39.26845409469902],[-76.57279959003365,39.26845478477782],[-76.57279809820201,39.26845543420915],[-76.57279657996214,39.26845604300988],[-76.57279503415528,39.26845661117574],[-76.57279346311523,39.26845713601293],[-76.57279187030758,39.26845761933562],[-76.57279025806614,39.26845805844999],[-76.57278862522678,39.26845845425257],[-76.57278697643542,39.26845880495868],[-76.57278531284547,39.26845911147334],[-76.5727836367799,39.26845937290427],[-76.5727819505618,39.26845958835902],[-76.57278025534451,39.26845975874269],[-76.57277855345103,39.26845988316288],[-76.57277684604557,39.26845996072304],[-76.57277513775253,39.26845999324161],[-76.57277342858261,39.26845997891704],[-76.57277172084811,39.2684599186585],[-76.57213257864467,39.26848236472737],[-76.57213344920979,39.26851710149835],[-76.5717953296592,39.2685294896542],[-76.57155429182805,39.26853832172021],[-76.57143116566421,39.2685426222131],[-76.57143051103067,39.2685293668299],[-76.57142942279519,39.26850731927285],[-76.57119012050005,39.26851660100329],[-76.57096154409889,39.26852551068128],[-76.57086683022362,39.2685291730448],[-76.57025210659843,39.268552947473],[-76.56985617956283,39.26856998894948],[-76.56927109070557,39.26859646459766],[-76.56906469327312,39.26860581043353],[-76.56894295839854,39.26861128352111],[-76.56895326072491,39.2687672622414],[-76.56896190141407,39.26890129035323],[-76.56897176654822,39.26905142057117],[-76.56897821918574,39.26915095925668],[-76.56898263570962,39.26921807634528],[-76.56898300117557,39.26922372820157],[-76.56898468888848,39.26925169782391],[-76.56898821550863,39.26925183957653],[-76.56899057431042,39.26925193470707],[-76.56899174328211,39.26925198223402],[-76.56899410206751,39.26925208006671],[-76.56899527103367,39.26925212849441],[-76.56899762867123,39.26925222452128],[-76.56899879763745,39.26925227294893],[-76.56900115644476,39.26925236717848],[-76.56900232542739,39.26925241290388],[-76.56900468426205,39.26925250262962],[-76.56900585325565,39.26925254655346],[-76.56900821212861,39.26925262997392],[-76.56900938114956,39.26925266939399],[-76.56901174124697,39.26925274200964],[-76.56901291146501,39.26925277512871],[-76.56901527633994,39.26925282434186],[-76.56901645011646,39.26925284396241],[-76.56901882213019,39.26925286257559],[-76.5690199994871,39.26925286509469],[-76.56902237629474,39.26925285760313],[-76.56902355604034,39.269252848421],[-76.56902593641739,39.26925282562941],[-76.56902711734914,39.26925281194772],[-76.56902949892876,39.26925278195439],[-76.5690306798715,39.26925276647115],[-76.5690330626099,39.26925273648197],[-76.56903424237737,39.2692527236967],[-76.56903662275444,39.26925270090494],[-76.56903780131935,39.26925269532136],[-76.56904017696274,39.26925268872593],[-76.5690413531225,39.2692526975458],[-76.5690437239829,39.26925271525349],[-76.569044896628,39.26925273036579],[-76.5690472591525,39.26925278497427],[-76.56904842821177,39.26925281808872],[-76.56905078121414,39.26925291409754],[-76.56905194434808,39.26925296880861],[-76.5690542854616,39.26925311431596],[-76.56905544264291,39.26925319512739],[-76.56905777065944,39.2692533982357],[-76.56905892187164,39.2692535078498],[-76.56906123442445,39.26925377665737],[-76.56906237848142,39.26925391957354],[-76.56906467438979,39.26925425767906],[-76.56906581012727,39.26925443479384],[-76.56906809292228,39.2692548332026],[-76.5690692226962,39.2692550382193],[-76.56907149245447,39.26925548432081],[-76.56907261629762,39.26925571183487],[-76.56907487535864,39.26925620203468],[-76.56907599444077,39.26925645024895],[-76.5690782439962,39.2692569791468],[-76.56907935833371,39.26925724535894],[-76.56908160073395,39.26925780755892],[-76.56908271033787,39.26925808996744],[-76.56908494561576,39.26925868006499],[-76.56908605397879,39.2692589759805],[-76.56908828332051,39.26925958947616],[-76.56908938814152,39.26925989618781],[-76.56909161389203,39.26926052858635],[-76.56909271749957,39.26926084430124],[-76.56909493969712,39.26926148929742],[-76.56909604210762,39.26926181131321],[-76.5690982630917,39.26926246531255],[-76.56909936432703,39.26926279002633],[-76.56910158644266,39.26926344853363],[-76.56910268766703,39.26926377504885],[-76.56910490979365,39.26926443175456],[-76.56910601218783,39.26926475647252],[-76.56910823782924,39.26926540688569],[-76.56910934024529,39.26926572800063],[-76.5691115694288,39.2692663676175],[-76.56911267535963,39.26926668243993],[-76.56911490927682,39.26926730586032],[-76.56911601642116,39.26926761167954],[-76.56911825741712,39.26926821440813],[-76.56911936810353,39.26926850943106],[-76.56912161621641,39.26926908516271],[-76.56912273162014,39.2692693666914],[-76.56912498918403,39.26926991273234],[-76.56912610815718,39.26927017896107],[-76.56912837520491,39.26927068990679],[-76.56912950008147,39.26927093814177],[-76.56913177660751,39.26927141489303],[-76.5691329073766,39.26927164693581],[-76.56913519099221,39.2692721011938],[-76.56913632413909,39.26927232333682],[-76.56913861481152,39.2692727605061],[-76.56913975031978,39.26927297545159],[-76.56914204688474,39.26927339642857],[-76.56914318475982,39.26927360327582],[-76.56914548604207,39.26927401075853],[-76.56914662743741,39.26927421041248],[-76.56914893227815,39.26927460439672],[-76.56915007602389,39.26927479865466],[-76.56915238441221,39.26927518094181],[-76.56915352935505,39.2692753688988],[-76.56915584243329,39.2692757421954],[-76.56915698972112,39.26927592565708],[-76.56915930517172,39.26927628995466],[-76.56916045248691,39.26927646891254],[-76.56916277145774,39.26927682601685],[-76.56916391994814,39.26927700227675],[-76.5691662401106,39.26927735398073],[-76.56916739094052,39.26927752664608],[-76.56916971228917,39.26927787385053],[-76.56917086312458,39.26927804561507],[-76.5691731856539,39.26927838922074],[-76.56917433650027,39.26927855918377],[-76.56917666019395,39.26927890189283],[-76.5691778110458,39.26927907095509],[-76.56918013473951,39.26927941366407],[-76.5691812855859,39.26927958362704],[-76.56918360811534,39.26927992723248],[-76.56918476012055,39.26928009719968],[-76.56918708147487,39.26928044350305],[-76.56918823114606,39.26928061616393],[-76.56919055131969,39.26928096606593],[-76.56919170098001,39.2692811405283],[-76.56919401995656,39.26928149673124],[-76.56919516844171,39.26928167389153],[-76.56919748390905,39.26928203548616],[-76.56919863237781,39.26928221534867],[-76.5692009454948,39.26928258233917],[-76.56920209278832,39.26928276489967],[-76.569204407086,39.26928312829136],[-76.56920555555473,39.2692833081538],[-76.56920787219745,39.26928366705021],[-76.56920902068265,39.26928384421042],[-76.56921133735273,39.26928419860302],[-76.56921248700765,39.26928437396592],[-76.56921480601179,39.26928472566468],[-76.56921595567765,39.26928489922604],[-76.5692182747037,39.26928524732177],[-76.56921942437511,39.26928541998235],[-76.5692217445654,39.26928576718153],[-76.5692228942368,39.26928593984209],[-76.56922521443266,39.26928628614045],[-76.56922636411502,39.26928645699947],[-76.56922868430539,39.26928680419848],[-76.5692298351411,39.2692869759625],[-76.56923215417277,39.26928732315717],[-76.56923330500301,39.26928749582186],[-76.56923562402372,39.26928784481802],[-76.56923677368972,39.26928801837919],[-76.56923909153528,39.26928837007323],[-76.56924024003158,39.26928854543161],[-76.56924255785529,39.2692889007286],[-76.56924370634063,39.26928907788842],[-76.56924602181944,39.26928943768055],[-76.56924717029386,39.26928961664186],[-76.56924948458112,39.26928998183419],[-76.56925063072151,39.2692901634892],[-76.56925294381169,39.26929053498242],[-76.5692540887715,39.26929072023612],[-76.56925639950033,39.26929109892674],[-76.56925754444376,39.26929128688267],[-76.569259851647,39.26929167366722],[-76.56926099540425,39.26929186612261],[-76.56926330024075,39.26929226100533],[-76.56926444280641,39.26929245886088],[-76.56926674410639,39.269292863639],[-76.56926788548596,39.26929306599403],[-76.56927018324392,39.26929348156828],[-76.56927132226761,39.26929369022003],[-76.56927361646171,39.26929412019344],[-76.56927475311862,39.26929433694337],[-76.56927704022323,39.26929478940985],[-76.56927817333809,39.26929501695599],[-76.56928045452845,39.26929548921762],[-76.56928158410682,39.26929572665918],[-76.56928386055266,39.26929621691871],[-76.56928498776421,39.26929646245848],[-76.56928725948735,39.26929696711291],[-76.56928838549638,39.26929721985432],[-76.56929065367756,39.26929773530491],[-76.56929177734169,39.26929799254155],[-76.56929404315066,39.26929851699104],[-76.56929516563406,39.26929877782643],[-76.5692974302515,39.26929930767606],[-76.56929855272404,39.26929957031288],[-76.56930081501294,39.2693001019555],[-76.56930193748003,39.26930036549304],[-76.56930420093325,39.26930089623907],[-76.56930532341131,39.26930115797505],[-76.56930758805075,39.26930168422152],[-76.56930871053977,39.26930194415602],[-76.56931097754058,39.26930246320493],[-76.56931210121027,39.26930271954065],[-76.56931437058891,39.2693032286898],[-76.56931549661455,39.26930347872871],[-76.56931777071044,39.2693039743836],[-76.56931889793863,39.26930421722075],[-76.56932117561486,39.26930469577412],[-76.56932230636869,39.26930493051726],[-76.56932458995379,39.26930539017611],[-76.56932572308543,39.2693056150195],[-76.56932801376554,39.26930605128432],[-76.56932914928038,39.26930626532723],[-76.56933144705552,39.26930667819807],[-76.56933258728212,39.26930687964747],[-76.56933489213591,39.2693072718265],[-76.56933603589908,39.26930746338044],[-76.56933834782055,39.26930783666919],[-76.56933949511483,39.26930801922833],[-76.56934181293968,39.26930837452336],[-76.56934296260629,39.26930854808348],[-76.56934528632908,39.26930888628548],[-76.56934643836794,39.26930905084659],[-76.56934876682988,39.2693093719513],[-76.56934992239438,39.26930952841842],[-76.56935225443661,39.26930983242159],[-76.56935341120916,39.26930998078618],[-76.5693557468262,39.2693102685886],[-76.56935690480131,39.26931040975145],[-76.56935924398778,39.26931068225384],[-76.56936040432969,39.26931081531836],[-76.56936274476789,39.26931107251223],[-76.56936390515354,39.2693111983708],[-76.56936624799687,39.26931144116111],[-76.56936740958504,39.26931155981793],[-76.56936975367466,39.26931178820046],[-76.56937091530664,39.26931189965125],[-76.56937325948374,39.26931211362174],[-76.5693744211594,39.2693122178665],[-76.56937676546224,39.26931241111976],[-76.56937792836781,39.26931250365901],[-76.56938027868885,39.26931266000277],[-76.5693814440432,39.26931273093254],[-76.56938379923453,39.26931284856113],[-76.56938496816916,39.26931290238939],[-76.56938732702272,39.26931298940522],[-76.56938849835704,39.26931302973076],[-76.56939086081275,39.26931309604208],[-76.56939203220715,39.26931312645935],[-76.56939439705702,39.26931318016862],[-76.56939556964301,39.26931320518563],[-76.56939793451474,39.26931325529186],[-76.56939910710626,39.26931327940806],[-76.56940147195063,39.26931333401795],[-76.56940264335596,39.26931336263362],[-76.56940500696507,39.26931342984963],[-76.56940617716791,39.26931346566704],[-76.56940853716395,39.26931355538892],[-76.56940970613687,39.26931360291171],[-76.56941206247612,39.26931372234546],[-76.56941322902763,39.26931378697394],[-76.56941557934874,39.26931394331701],[-76.56941674346783,39.26931402685267],[-76.56941908890232,39.26931422461305],[-76.5694202505836,39.26931432795661],[-76.56942259356389,39.2693145482271],[-76.56942375520686,39.26931465787587],[-76.56942609934049,39.26931487905131],[-76.56942726214231,39.26931498870427],[-76.56942960743474,39.26931520988389],[-76.56943077023112,39.26931532043758],[-76.56943311667149,39.26931554342285],[-76.56943428062668,39.26931565398075],[-76.56943662705062,39.26931587966821],[-76.56943779099493,39.26931599202756],[-76.56944013856129,39.26931622042144],[-76.56944130250014,39.26931633368149],[-76.56944364888041,39.26931656657482],[-76.56944481280283,39.2693166825371],[-76.56944715916131,39.26931691903332],[-76.56944832306735,39.26931703769779],[-76.56945066938754,39.26931728049918],[-76.56945183212385,39.26931740096089],[-76.56945417608823,39.26931765005894],[-76.56945533880271,39.2693177741236],[-76.56945768157006,39.26931802952256],[-76.56945884309837,39.26931815808663],[-76.56946118465773,39.26931842158801],[-76.56946234501092,39.26931855285007],[-76.56946468419801,39.26931882535036],[-76.56946584336509,39.2693189611119],[-76.56946818133879,39.26931924261534],[-76.56946933816087,39.26931938287205],[-76.56947167259808,39.26931967427089],[-76.56947282938195,39.26931982083284],[-76.56947516027718,39.26932012302782],[-76.56947631471614,39.26932027408495],[-76.56947864206388,39.26932058797689],[-76.56947979530582,39.26932074533495],[-76.56948211910067,39.26932107182452],[-76.56948326998673,39.2693212354793],[-76.56948558906447,39.269321575463],[-76.5694867387535,39.26932174541872],[-76.56948905311403,39.2693220988966],[-76.56949019928294,39.26932227604551],[-76.56949251007418,39.26932264482326],[-76.56949365388175,39.26932282916967],[-76.56949595878612,39.26932321323883],[-76.56949710023241,39.26932340478268],[-76.56949939924985,39.26932380414324],[-76.56950053832388,39.26932400468601],[-76.56950283378302,39.26932441754499],[-76.56950397165997,39.26932462438871],[-76.56950626939853,39.26932504356135],[-76.569507410741,39.26932525221928],[-76.56950971425722,39.26932567411534],[-76.56951085675308,39.26932588367822],[-76.56951316488265,39.26932630919418],[-76.56951430967978,39.26932652146778],[-76.56951662009422,39.26932695239665],[-76.56951776488044,39.26932716647172],[-76.56952007641553,39.26932760370997],[-76.56952122349747,39.26932782139649],[-76.5695235349943,39.26932826493992],[-76.56952468205442,39.26932848622938],[-76.56952699234337,39.26932893787526],[-76.56952813822286,39.26932916276343],[-76.56953044729291,39.2693296243132],[-76.56953159198079,39.26932985460155],[-76.5695338986732,39.26933032605098],[-76.5695350410162,39.26933056083459],[-76.56953734300234,39.26933104397667],[-76.5695384829895,39.26933128505695],[-76.56954077911064,39.26933177988747],[-76.56954191674198,39.26933202726446],[-76.56954420698716,39.26933253558483],[-76.56954534109838,39.26933279015509],[-76.56954762313907,39.26933331375836],[-76.56954875257685,39.26933357461677],[-76.56955102525423,39.26933411349876],[-76.56955215116098,39.2693343833519],[-76.56955441331083,39.269334938409],[-76.56955553337436,39.2693352163476],[-76.56955778498029,39.26933579028213],[-76.56955889920067,39.26933607630617],[-76.56956113910381,39.26933666911383],[-76.56956224631126,39.26933696502057],[-76.56956447218859,39.26933757759372],[-76.56956557353645,39.26933788428815],[-76.56956778422368,39.26933851752317],[-76.56956887739982,39.26933883409608],[-76.56957107288602,39.26933948979455],[-76.56957215788503,39.26933981714667],[-76.56957433584712,39.26934049620078],[-76.56957541150466,39.26934083522857],[-76.56957757193722,39.26934153853912],[-76.56957863940664,39.26934189014766],[-76.56958077882771,39.26934261860259],[-76.56958183578595,39.26934298368411],[-76.56958395417922,39.26934373998573],[-76.56958500062632,39.2693441185402],[-76.56958709332373,39.26934490807596],[-76.56958812575041,39.26934530549514],[-76.56959017986314,39.26934615163782],[-76.56959119124555,39.26934657960591],[-76.56959320324789,39.26934749044946],[-76.56959419358061,39.26934794986722],[-76.5695961658285,39.26934891911495],[-76.56959713860431,39.26934940729294],[-76.56959907460694,39.26935042955304],[-76.56960003100653,39.26935094289248],[-76.56960193659614,39.26935201188097],[-76.56960287779469,39.26935254768386],[-76.56960475648599,39.26935365710828],[-76.56960568482299,39.26935421178015],[-76.56960754128396,39.26935535625296],[-76.56960845908792,39.26935592800077],[-76.56961029567991,39.26935710032453],[-76.56961120413699,39.26935768464884],[-76.56961302668131,39.26935888034102],[-76.56961392812009,39.26935947544876],[-76.56961573898356,39.26936068641117],[-76.56961663573794,39.26936128960865],[-76.56961844074193,39.26936251135871],[-76.56961933515687,39.26936311815068],[-76.56962113665722,39.26936434439173],[-76.56962202874915,39.2693649520759],[-76.56962383257812,39.26936617652392],[-76.5696247258398,39.26936678241082],[-76.56962653434783,39.2693679996698],[-76.56962743111332,39.26936860106568],[-76.56962924897928,39.26936980394661],[-76.56963015158804,39.26937039725701],[-76.56963198232114,39.26937158036814],[-76.56963289194836,39.26937216289502],[-76.56963474255608,39.26937331725443],[-76.56963751454312,39.26937502716066],[-76.56964090574847,39.26937667087759],[-76.56963995085307,39.26938622722385],[-76.56970889417913,39.26938398111521],[-76.56987135220915,39.26937957156556],[-76.56987615401724,39.26946795984626],[-76.56988203822041,39.26958272565845],[-76.56916415753594,39.26960680295689],[-76.56901634104544,39.26961270468842],[-76.56902012659253,39.26965874779768],[-76.56903000042404,39.269784205989],[-76.56904549262134,39.27008764309446],[-76.56908438406681,39.27067127130605],[-76.56953130831555,39.27065397975641],[-76.57014684727258,39.27063104073812],[-76.57056725712437,39.27061784667554],[-76.5705727394752,39.27062304703343],[-76.57057386171159,39.27062565075077],[-76.57057498278924,39.27062825446383],[-76.57057610503122,39.27063085728043],[-76.57057722726788,39.27063346099772],[-76.57057834951001,39.27063606381425],[-76.57057947174684,39.27063866753153],[-76.57058059398913,39.27064127034807],[-76.57058171506726,39.27064387406112],[-76.57058283614548,39.2706464777741],[-76.57058395722376,39.27064908148709],[-76.57058507714332,39.27065168519582],[-76.57058619590414,39.2706542889003],[-76.57058731814151,39.27065689261752],[-76.5705884647416,39.27065949191992],[-76.57058963222249,39.27066208769562],[-76.57059081710223,39.27066468083257],[-76.57059201242247,39.27066727220618],[-76.57059321238347,39.27066986269601],[-76.57059441118032,39.27067245408229],[-76.57059560302433,39.27067504544314],[-76.57059678326372,39.27067763946386],[-76.57059794378134,39.27068023701551],[-76.57059908110071,39.27068283808544],[-76.57060018825786,39.27068544444965],[-76.57060125828899,39.27068805788421],[-76.57060228888189,39.27069067747998],[-76.57060327075496,39.27069330500448],[-76.57060419926749,39.27069594134154],[-76.57060506280939,39.27069859005184],[-76.57060579407042,39.270701267103],[-76.57060638842617,39.27070397067661],[-76.57060667294633,39.2707055948992],[-76.57060686560401,39.27070669634102],[-76.57060724418874,39.27070943695792],[-76.57060753927242,39.2707121880788],[-76.57060777175207,39.27071494347456],[-76.57060795904832,39.27071769690362],[-76.57060811741746,39.27072044302076],[-76.5706083173464,39.27072321541212],[-76.57060867415117,39.27072610817902],[-76.57060907576334,39.27072906506425],[-76.57060939743809,39.27073201805411],[-76.5706095109487,39.27073490002306],[-76.57060929038077,39.27073764475477],[-76.570608609836,39.27074018333058],[-76.57060734107675,39.27074245042643],[-76.57060546676418,39.27074443877276],[-76.57060313358444,39.27074622907411],[-76.570600430544,39.27074785858733],[-76.57059743853732,39.27074936453966],[-76.57059424426409,39.27075078237797],[-76.57059093094198,39.27075214843718],[-76.5705875817832,39.27075349995299],[-76.57058428232867,39.27075487236805],[-76.57057938850376,39.27075716674353],[-76.57057226237622,39.27076028436453],[-76.56962983443445,39.27079798167846],[-76.56964363438517,39.27099722157854],[-76.57046882580821,39.27096560797835],[-76.57053556056154,39.27099057268079],[-76.57054813181968,39.271170374814],[-76.57044336397996,39.27117779951715],[-76.57044950710345,39.27127619564796],[-76.57043070566661,39.27127964617717],[-76.57043618586431,39.2713388078776],[-76.57043807567017,39.27134115498224],[-76.57044011281239,39.27134347560271],[-76.57044225088282,39.27134577857696],[-76.57044443767369,39.27134807362247],[-76.57044662447015,39.27135036776721],[-76.57044876138218,39.27135267073712],[-76.5704507996839,39.27135499136165],[-76.57045268949069,39.27135733846604],[-76.57045438091799,39.27135972087554],[-76.57045582408649,39.27136214651456],[-76.57045696910616,39.27136462510916],[-76.57045776725113,39.27136716548875],[-76.57045826377072,39.27136975881124],[-76.57045855378236,39.27137239011136],[-76.57045865817246,39.27137505496175],[-76.57045859898076,39.27137774983995],[-76.57045839594025,39.27138046941353],[-76.57045807224401,39.27138321106492],[-76.57045764878393,39.27138596946606],[-76.57045714759431,39.27138874199515],[-76.57045658840262,39.27139152422054],[-76.5704559932542,39.27139431171908],[-76.57045538419416,39.27139710006741],[-76.57045478209798,39.27139988663973],[-76.5704542090164,39.27140266611197],[-76.57045368583036,39.27140543495753],[-76.57045323457965,39.27140818965394],[-76.57045286571559,39.2714109266363],[-76.57045248066589,39.27141365725412],[-76.570452056232,39.27141638502555],[-76.57045160631446,39.27141911090226],[-76.570451148285,39.27142183674925],[-76.57045069605516,39.27142456171674],[-76.57045026815545,39.27142728767397],[-76.57044987849207,39.27143001467179],[-76.5704495432832,39.27143274367033],[-76.57044929380676,39.27143547658546],[-76.57044931082552,39.27143821678067],[-76.5704495155383,39.27144096396774],[-76.57044979774405,39.27144469327419],[-76.57042934458804,39.27145202006753],[-76.57014324251038,39.27146329034829],[-76.57014304271574,39.27146604596387],[-76.57014293081848,39.27146883072565],[-76.57014287097081,39.27147163189173],[-76.57014282731419,39.27147443852168],[-76.57014276746651,39.27147723968775],[-76.57014265441033,39.27148002444529],[-76.57014245461562,39.27148278006082],[-76.57014213105955,39.27148549649039],[-76.57014165020655,39.27148816190127],[-76.57014097735686,39.27149076535729],[-76.57013997828669,39.27149327303877],[-76.57013817742697,39.27149556520462],[-76.57013575660115,39.2714976614364],[-76.57013300527407,39.27149960332806],[-76.57013020712193,39.2715014315516],[-76.57012745720797,39.27150314014966],[-76.57012450435265,39.27150468046222],[-76.57012143504899,39.27150612216486],[-76.57011835080036,39.27150754399583],[-76.57011535313725,39.27150902018969],[-76.57011254473286,39.27151062768743],[-76.57011002806377,39.27151247585693],[-76.57010798347467,39.2715148283823],[-76.57010668338432,39.27151747998511],[-76.57010632302207,39.27152015034075],[-76.57010640639267,39.27152283943512],[-76.57010673292362,39.27152556184721],[-76.57010722156707,39.27152830557034],[-76.57010778894087,39.27153106129157],[-76.57010835400253,39.27153381610357],[-76.57010890010632,39.27153702213045],[-76.57053736423953,39.27152545740199],[-76.57054440798825,39.27166539927745],[-76.57007754170861,39.2716809498778],[-76.57006932372016,39.27178277310661],[-76.57007090339874,39.27178523708201],[-76.57007236792053,39.27178777179648],[-76.57007377076157,39.27179034952187],[-76.57007513402728,39.27179295592696],[-76.57007647401795,39.27179557846063],[-76.57007781052118,39.27179820278305],[-76.57007916215508,39.27180081635161],[-76.57008054986065,39.27180340573148],[-76.57008198994914,39.27180595657018],[-76.57008350219731,39.27180845632925],[-76.570085105234,39.27181089066464],[-76.57008681883609,39.27181324703801],[-76.57008866162701,39.27181551200609],[-76.57009065339437,39.27181767122895],[-76.5700928104386,39.27181971215555],[-76.57009514544139,39.27182164564148],[-76.57009764314677,39.27182350315775],[-76.57010028732545,39.27182528554572],[-76.57010306523553,39.27182699185797],[-76.57010596064777,39.27182862293581],[-76.5701089596559,39.27183017872837],[-76.57011204603613,39.27183165917625],[-76.57011520588225,39.27183306422855],[-76.57011842412928,39.27183439383012],[-76.57012168571218,39.2718356479258],[-76.57012497556586,39.27183682646042],[-76.57012827978427,39.27183792938317],[-76.57013158330228,39.27183895663878],[-76.57013486989064,39.27183990906872],[-76.57013816285172,39.27184076604065],[-76.5701415121906,39.27184149891291],[-76.57014491200934,39.27184212477869],[-76.57014835527301,39.27184265712358],[-76.57015183610001,39.27184311033834],[-76.57015534743907,39.27184350061104],[-76.5701588834086,39.27184384233232],[-76.57016243464513,39.27184415078106],[-76.57016599642037,39.27184444125288],[-76.57016956054068,39.27184472722936],[-76.57017312227237,39.27184502490692],[-76.57017667341076,39.27184534956866],[-76.5701802069155,39.27184571560103],[-76.57018371574615,39.2718461373905],[-76.57018719401036,39.27184663112937],[-76.57019063583196,39.27184721030757],[-76.57019403184208,39.27184789110474],[-76.57019737257886,39.27184870501302],[-76.57020064507685,39.2718496880156],[-76.57020386109367,39.27185081223178],[-76.57020703240327,39.27185204707862],[-76.57021017194397,39.27185336107661],[-76.57021329032547,39.27185472453923],[-76.57021640164488,39.27185610599125],[-76.57021951652281,39.2718574739447],[-76.57022264673321,39.27185879781662],[-76.57022580637323,39.27186004613175],[-76.57022900605244,39.27186118920355],[-76.57023225870918,39.27186219555259],[-76.570235574964,39.27186303369089],[-76.57023895126943,39.27186371531537],[-76.57024237585145,39.2718642710091],[-76.57024584049442,39.27186471785647],[-76.57024933811982,39.27186507654933],[-76.57025286166544,39.27186536507708],[-76.5702564040527,39.27186560413152],[-76.57025995823032,39.2718658099006],[-76.57026351827309,39.27186600398112],[-76.57026707480114,39.27186620435398],[-76.57027062306454,39.27186642991798],[-76.57027617132715,39.27186688258686],[-76.5702870967347,39.2718667658281],[-76.57030801978794,39.27186778998675],[-76.57034779302353,39.27186901461494],[-76.57040543068072,39.27186634750727],[-76.57050705751853,39.27186146412237],[-76.57050951617083,39.27186345750281],[-76.57051207239004,39.27186541430854],[-76.57051469017551,39.27186734701866],[-76.57051733815118,39.27186926993068],[-76.57051998148614,39.27187119372642],[-76.57052258416893,39.27187313268647],[-76.57052511483963,39.27187509840616],[-76.57052753748687,39.27187710516604],[-76.57052981843316,39.27187916455296],[-76.57053192399005,39.27188128995516],[-76.57053381931576,39.27188349385611],[-76.57053545675586,39.2718857995014],[-76.57053672694781,39.27188827765173],[-76.57053765550619,39.27189090858395],[-76.57053829367116,39.27189365105012],[-76.57053869498404,39.27189646651304],[-76.57053890952066,39.27189931462138],[-76.57053899082241,39.27190215683792],[-76.57053899012404,39.27190495281548],[-76.57053893537407,39.27190768013713],[-76.57053874507154,39.27191040155853],[-76.57053842030983,39.27191312789282],[-76.57053798197005,39.2719158556133],[-76.57053744976891,39.27191858208979],[-76.57053684457119,39.27192130649788],[-76.5705361860991,39.27192402530653],[-76.57053549406939,39.27192673588554],[-76.57053478935228,39.2719294365097],[-76.57053408239376,39.27193212451496],[-76.57053304316716,39.27193475815994],[-76.57053172376074,39.27193734754356],[-76.5705304507354,39.27193993259294],[-76.57052955295903,39.27194255504516],[-76.57052929562819,39.27194524559533],[-76.57052954095434,39.27194798482345],[-76.57053001097181,39.27195074559083],[-76.57053043119701,39.27195349987081],[-76.57052927506092,39.27195840842511],[-76.57052658993913,39.27196855745395],[-76.57042308779432,39.27197307369021],[-76.57043473050489,39.27209911462889],[-76.57079405617488,39.27208405419589],[-76.57080765997287,39.27220249978687],[-76.57053621001006,39.27221455419777],[-76.57043857016302,39.27221755787936],[-76.57044617245307,39.27243443985991],[-76.57044870559035,39.27243638397147],[-76.57045135145857,39.27243827535002],[-76.57045395548815,39.27244018639237],[-76.57045636077525,39.27244219218908],[-76.57045841274474,39.27244436603767],[-76.57046009388293,39.27244672949245],[-76.57046159935213,39.2724492049006],[-76.5704629374225,39.27245176617009],[-76.57046411633148,39.27245439261345],[-76.5704651408617,39.2724570599274],[-76.57046601578482,39.27245974561035],[-76.57046674933829,39.27246242897468],[-76.57046740290885,39.27246511564961],[-76.57046800890632,39.2724678120589],[-76.57046856964297,39.27247051911195],[-76.57046908977055,39.27247323412331],[-76.57046957160674,39.27247595710151],[-76.57047001980347,39.27247868536136],[-76.570470434366,39.27248141800197],[-76.57047082224763,39.27248415504882],[-76.57047118462349,39.27248689380392],[-76.57047152497015,39.27248963428003],[-76.57047184677515,39.27249237468831],[-76.57047215352587,39.27249511324001],[-76.57047244869898,39.27249784994778],[-76.57047272070587,39.27250058476932],[-76.57047294865431,39.27250332303278],[-76.5704731383441,39.27250606385863],[-76.5704732978927,39.2725088063758],[-76.57047343078213,39.27251154969622],[-76.57047354511342,39.27251429565104],[-76.57047364669732,39.27251704155924],[-76.57047374132263,39.27251978834279],[-76.57047383594794,39.27252253512631],[-76.57047393752639,39.27252528193527],[-76.57047405070436,39.27252802698513],[-76.57047418358289,39.272530772107],[-76.57047434081386,39.27253351461566],[-76.57047453050383,39.27253625544149],[-76.57047475613471,39.27253899369646],[-76.57047502117777,39.27254173029404],[-76.5704752966397,39.27254446873123],[-76.57047557904384,39.27254720899532],[-76.5704758718723,39.27254995019833],[-76.57047617860712,39.27255269145219],[-76.57047645427595,39.27255501283521],[-76.57047650389457,39.27255543097238],[-76.57047685005244,39.27255816876732],[-76.57047722172162,39.27256090395328],[-76.57047762122521,39.272563635638],[-76.57047805204532,39.27256636293338],[-76.57047851766943,39.27256908405066],[-76.57047902273834,39.27257179810608],[-76.57047957072329,39.27257450601309],[-76.57048016395838,39.27257720507786],[-76.57048081519643,39.27257989444635],[-76.57048155803894,39.27258257514221],[-76.57048238902571,39.27258524445041],[-76.57048329772708,39.27258790233287],[-76.57048427486663,39.2725905496564],[-76.57048531118443,39.27259318458559],[-76.57048639625076,39.27259580708235],[-76.57048752079471,39.27259841711271],[-76.57048867670976,39.27260101374628],[-76.57048985356613,39.27260359694493],[-76.57049093989821,39.27260639329421],[-76.57049201590169,39.27260936435442],[-76.57049332465326,39.27261217502856],[-76.57049511271154,39.27261448933159],[-76.5704976231532,39.27261597216648],[-76.57050079981316,39.27261671250361],[-76.57050432490793,39.27261713434276],[-76.57050812619556,39.27261730227487],[-76.57051213261475,39.27261727729216],[-76.57051627077571,39.27261712217994],[-76.5705204684529,39.27261689882691],[-76.57052465572757,39.27261667093188],[-76.57052875922078,39.27261649947864],[-76.57053270786049,39.27261644726096],[-76.57053642941577,39.2726165770684],[-76.57053985166658,39.27261694988901],[-76.57054290237657,39.27261762941312],[-76.57054551164337,39.27261867663728],[-76.57054760607183,39.27262015524759],[-76.57054917284906,39.2726220760064],[-76.57055055911441,39.27262414293013],[-76.57055184057535,39.27262629324188],[-76.57055301957153,39.27262852334717],[-76.57055410308874,39.27263082786697],[-76.57055509577876,39.272633204116],[-76.57055600462205,39.2726356476159],[-76.57055683544016,39.27263815388416],[-76.5705575917369,39.27264071842978],[-76.57055827932835,39.27264333767092],[-76.57055890519497,39.27264600712923],[-76.5705594751583,39.27264872232227],[-76.57055999271671,39.27265147965971],[-76.57056046369176,39.27265427465905],[-76.57056089622273,39.27265710284616],[-76.57056129264916,39.27265996062656],[-76.57056165994605,39.27266284442265],[-76.57056200394575,39.27266574795042],[-76.57056233045901,39.27266866852879],[-76.57056264298969,39.27267160166681],[-76.57056294851269,39.27267454378687],[-76.57056325401386,39.27267748950988],[-76.5705635618328,39.27268043524138],[-76.57056388010879,39.27268337650728],[-76.57056421349907,39.27268630972156],[-76.57056456666088,39.27268923129814],[-76.57056494658558,39.27269213495718],[-76.57056535792492,39.27269501801356],[-76.57056580649504,39.27269787688528],[-76.57056629696962,39.2727007052842],[-76.57056683631264,39.2727035014342],[-76.57056743035659,39.27270625905123],[-76.57056808259991,39.27270897454504],[-76.57056876389655,39.27271167663358],[-76.57056943928994,39.27271439671581],[-76.57057012504774,39.27271712764517],[-76.57057083630049,39.27271985866774],[-76.57057159163372,39.27272258264534],[-76.5705724073368,39.27272528882836],[-76.57057329852411,39.2727279691651],[-76.57057428263842,39.27273061381096],[-76.57057537711735,39.27273321382199],[-76.57057659708047,39.27273576024584],[-76.57057795996536,39.27273824413857],[-76.5705794831712,39.2727406628615],[-76.57058118376487,39.27274306872152],[-76.57058305136019,39.27274545447443],[-76.57058507564186,39.27274780116652],[-76.57058724052217,39.27275008621972],[-76.57058953452693,39.27275229067598],[-76.57059194503951,39.2727543928708],[-76.57059445711459,39.27275637293263],[-76.57059705929439,39.27275820920119],[-76.57059973779791,39.27275988090848],[-76.57060253231539,39.27276134045891],[-76.57060563591028,39.27276247416106],[-76.57060900084566,39.27276331877173],[-76.57061254568498,39.27276392623767],[-76.57061619130397,39.27276434941484],[-76.57061985740859,39.27276464295635],[-76.57062346719771,39.27276485882599],[-76.57062697533401,39.27276502027784],[-76.57063048658384,39.27276505022911],[-76.57063401126796,39.27276496673276],[-76.57063754572985,39.27276479950078],[-76.57064108746104,39.27276458005077],[-76.57064463165163,39.27276433718977],[-76.57064817695203,39.27276410243961],[-76.570651717388,39.27276390550373],[-76.57065525046205,39.27276377609833],[-76.57065877367656,39.27276374393957],[-76.57066228219982,39.27276384143737],[-76.57066578856143,39.27276410466823],[-76.57066928818587,39.27276452370696],[-76.57067277195486,39.27276507329877],[-76.57067622842149,39.27276572998192],[-76.57067964729775,39.27276647029886],[-76.57068301944895,39.27276727169698],[-76.570686349358,39.27276815941423],[-76.57068964861351,39.27276913349291],[-76.57069292081196,39.27277017412929],[-76.57069617534968,39.27277126064016],[-76.57069941581761,39.27277237412244],[-76.57070265045861,39.27277349298801],[-76.57070588285288,39.27277460013525],[-76.57071106351283,39.27277682775118],[-76.57136995378056,39.27275232475898],[-76.57147960233291,39.27283496756198],[-76.57148287114366,39.2728338850573],[-76.5714861264124,39.27283274215173],[-76.57148939524471,39.27283165604388],[-76.57149270009438,39.27283074661757],[-76.57149610155435,39.27283015101041],[-76.57149971410756,39.27283010203777],[-76.57150319413225,39.27283069753037],[-76.57150647024636,39.27283166789852],[-76.57150976710587,39.27283265725838],[-76.57151307074457,39.27283367546737],[-76.57151636370344,39.27283473507261],[-76.57151962968757,39.27283584772456],[-76.57152285239681,39.27283702597447],[-76.571526014372,39.27283828236945],[-76.57152909816496,39.27283962765495],[-76.57153208863429,39.27284107438658],[-76.57153497647643,39.27284262793487],[-76.57153782813829,39.27284422368719],[-76.57154066344565,39.27284584099816],[-76.5715434847217,39.27284747897546],[-76.57154629197184,39.27284913671843],[-76.57154908520153,39.27285081332627],[-76.57155186442158,39.2728525069975],[-76.571554630791,39.27285421773637],[-76.57155738547941,39.27285594374553],[-76.57156012617459,39.27285768411589],[-76.57156285519417,39.27285943885582],[-76.57156557255462,39.27286120526315],[-76.57156827941471,39.27286298334207],[-76.57157097461557,39.27286477308839],[-76.57157365933787,39.27286657090328],[-76.5715763347295,39.27286837859249],[-76.57157899964807,39.2728701934496],[-76.57158165525775,39.27287201457805],[-76.57158430156397,39.27287384107711],[-76.57158693973113,39.27287567205024],[-76.57158956976465,39.27287750659668],[-76.57159219282875,39.27287934381999],[-76.57159480544149,39.27288118460815],[-76.57159735983373,39.27288307112298],[-76.57159984551055,39.2728850141354],[-76.57160227528459,39.2728870028829],[-76.57160465847038,39.27288903019343],[-76.57160700788606,39.27289108440372],[-76.57160933516924,39.27289315744932],[-76.57161165080953,39.27289523946006],[-76.57161396760884,39.27289732147504],[-76.57161629489244,39.2728993945205],[-76.57161864547314,39.27290144783401],[-76.57162103331164,39.27290347245885],[-76.57162347815216,39.27290546126089],[-76.57162594625173,39.27290743663623],[-76.57162839342114,39.27290942364512],[-76.57163077661929,39.2729114491536],[-76.57163305165156,39.2729135391227],[-76.57163523933413,39.2729157008345],[-76.57163745922571,39.27291790229744],[-76.57163959767064,39.27292015750928],[-76.57164152241688,39.27292248940758],[-76.57164310355181,39.27292491733539],[-76.5716442343566,39.27292745801805],[-76.57164511437892,39.27293007525198],[-76.57164583531045,39.27293274595166],[-76.57164641692808,39.2729354575785],[-76.57164688362231,39.27293820121373],[-76.5716472563343,39.27294096342229],[-76.57164755598342,39.27294373437208],[-76.57164780697649,39.27294650244208],[-76.57164802792606,39.27294925599024],[-76.57164823969177,39.27295199509268],[-76.57164844798093,39.27295473418237],[-76.57164865047027,39.27295747415175],[-76.57164884832423,39.27296021410412],[-76.57164904154268,39.27296295403964],[-76.57164923127912,39.27296569486323],[-76.57164941638017,39.2729684356699],[-76.57164959799914,39.27297117736463],[-76.5716497749881,39.27297391814172],[-76.57164994848962,39.27297666070763],[-76.57165011851997,39.27297940236006],[-76.57165028506834,39.27298214490062],[-76.57165044698122,39.27298488742421],[-76.57165060657094,39.27298763084013],[-76.57165076384838,39.27299037334685],[-76.57165091648496,39.2729931167374],[-76.57165106680378,39.27299586011949],[-76.57165121480493,39.27299860349314],[-76.57165135932405,39.27300134775484],[-76.57165150268425,39.27300409201229],[-76.57165164257331,39.27300683535633],[-76.57165178013925,39.27300957959267],[-76.57165191654634,39.27301232382475],[-76.57165204947135,39.27301506894494],[-76.57165218124301,39.27301781316014],[-76.57165231185579,39.2730205573711],[-76.5716524401508,39.27302330157359],[-76.57165256728159,39.27302604667263],[-76.57165269210003,39.27302879086245],[-76.57165281691309,39.27303153595301],[-76.57165293941384,39.27303428013437],[-76.5716530619146,39.27303702431576],[-76.57165318325103,39.27303976939362],[-76.5716533034341,39.27304251356653],[-76.57165342361714,39.27304525773945],[-76.57165354264133,39.27304800190812],[-76.57165366166554,39.2730507460768],[-76.57165378068974,39.27305349024545],[-76.57165389739625,39.27305623440567],[-76.57165401178503,39.27305897855742],[-76.57165412269718,39.27306172269653],[-76.57165423129162,39.27306446682713],[-76.5716543375629,39.27306721185003],[-76.57165444151644,39.27306995686452],[-76.57165454315229,39.2730727018705],[-76.57165464247039,39.27307544686806],[-76.5716547394653,39.27307819275791],[-76.57165483414796,39.27308093773853],[-76.57165492766627,39.27308368361571],[-76.57165501886691,39.27308642948438],[-76.57165510890867,39.27308917534882],[-76.57165519779156,39.27309192120909],[-76.57165528435674,39.27309466706088],[-76.57165536976301,39.27309741290845],[-76.57165545401045,39.27310015875176],[-76.5716555370936,39.27310290549164],[-76.5716556201822,39.27310565133069],[-76.57165570094762,39.27310839806209],[-76.57165578171846,39.27311114389271],[-76.57165586132504,39.27311389061988],[-76.57165594093705,39.2731166364463],[-76.57165601938473,39.27311938316922],[-76.57165609783789,39.27312212899141],[-76.57165617512673,39.2731248757101],[-76.57165625357447,39.27312762243302],[-76.57165633202762,39.2731303682552],[-76.57165640931652,39.27313311497389],[-76.57165648776967,39.27313586079607],[-76.57165656621744,39.27313860751899],[-76.57165664467061,39.27314135334113],[-76.57165672428268,39.2731440991675],[-76.57165680389475,39.27314684499388],[-76.57165688466027,39.27314959172524],[-76.57165696659013,39.27315233756008],[-76.57165704852535,39.27315508249419],[-76.57165713277293,39.27315782833742],[-76.57165721702056,39.27316057418073],[-76.57165730243243,39.2731633191275],[-76.57165739015663,39.27316606498342],[-76.57165747904513,39.27316880994288],[-76.57165756909255,39.27317155490652],[-76.57165766029883,39.27317429987441],[-76.57165775382825,39.27317704394999],[-76.57165784967,39.27317978893474],[-76.57165794783496,39.27318253302727],[-76.57165804715879,39.27318527712396],[-76.57165814880032,39.27318802122912],[-76.57165825392397,39.27319076444622],[-76.57165836020648,39.27319350766754],[-76.57165846996556,39.27319625090153],[-76.57165858088356,39.27319899413975],[-76.57165869643708,39.27320173739484],[-76.57165881315485,39.27320447975347],[-76.57165893450816,39.27320722212897],[-76.57165905818462,39.27320996361216],[-76.57165918417884,39.2732127051038],[-76.57165931480856,39.27321544661235],[-76.57165944775603,39.2732181881294],[-76.57165958534436,39.27322092876256],[-76.57165972640939,39.27322366940841],[-76.57165986979763,39.27322640916193],[-76.57166001898014,39.27322914893663],[-76.57166017048048,39.27323188871975],[-76.5716603266163,39.27323462851977],[-76.57166048739843,39.27323736653523],[-76.57166072122753,39.27324009851169],[-76.57166124030734,39.27324280360475],[-76.5716619843439,39.27324548699905],[-76.57166286752663,39.27324815738934],[-76.5716638052035,39.27325082347451],[-76.5716647138869,39.27325349305705],[-76.57166550660176,39.27325617572807],[-76.5716660987016,39.27325887928586],[-76.57166658407654,39.27326160046973],[-76.57166707982162,39.27326433159985],[-76.57166757088771,39.27326706991904],[-76.57166803874384,39.27326981355819],[-76.57166846602316,39.27327255975162],[-76.57166883650703,39.27327530753946],[-76.5716691305217,39.27327805234611],[-76.57166933184303,39.27328079411244],[-76.57166942310971,39.27328352917201],[-76.57166938694952,39.27328625565993],[-76.57166920830254,39.2732889726206],[-76.57166892531366,39.27329169640682],[-76.57166856344539,39.27329443251611],[-76.57166812157145,39.27329717553973],[-76.57166759972992,39.27329991917247],[-76.57166699795344,39.27330265800988],[-76.57166631743888,39.2733053857509],[-76.57166555706,39.27330809698687],[-76.57166471684947,39.2733107863133],[-76.57166379683984,39.27331344832567],[-76.57166279823355,39.27331607582228],[-76.57166171873453,39.27331866519168],[-76.5716605225265,39.27332119828793],[-76.57165873297002,39.2733235382577],[-76.57165642638199,39.27332571330302],[-76.57165389194742,39.27332781275375],[-76.57165141306784,39.27332992411702],[-76.57164927892285,39.27333213762333],[-76.57164777407297,39.27333454078418],[-76.57164702113032,39.27333717187894],[-76.57164638502155,39.27333983852966],[-76.57164576742213,39.27334251065249],[-76.5716451648553,39.27334518823476],[-76.57164457964436,39.27334787038412],[-76.5716440094661,39.27335055799291],[-76.57164345548473,39.27335325016465],[-76.57164291538813,39.27335594599005],[-76.57164238916529,39.27335864727067],[-76.57164187566823,39.27336135220074],[-76.57164137489703,39.27336406078029],[-76.5716408868516,39.2733667730093],[-76.57164041037312,39.27336948888356],[-76.57163994430815,39.27337220749814],[-76.57163948981007,39.27337492975791],[-76.5716390434078,39.27337765474954],[-76.57163860741905,39.27338038248143],[-76.57163817952599,39.27338311294519],[-76.57163775973419,39.27338584523991],[-76.57163734687923,39.27338858026234],[-76.57163694097211,39.27339131621083],[-76.57163654200184,39.27339405488691],[-76.57163614766156,39.27339679448069],[-76.57163575910479,39.27339953589701],[-76.57163537401912,39.27340227822684],[-76.57163499356352,39.27340502147423],[-76.5716346165845,39.27340776473438],[-76.57163424191775,39.27341050890365],[-76.57163386840442,39.27341325397796],[-76.57163349720879,39.27341599906069],[-76.57163312717203,39.27341874414766],[-76.57163275714063,39.27342148833382],[-76.57163238595041,39.2734242325158],[-76.57163201476554,39.27342697579706],[-76.57163164242176,39.27342971907402],[-76.5716312677711,39.27343246054107],[-76.57163088964924,39.27343520109468],[-76.57163050922048,39.27343793983837],[-76.57163012416159,39.27344067766433],[-76.57162973448355,39.27344341277121],[-76.57162934133423,39.27344614696466],[-76.57162894124801,39.27344887843046],[-76.57162853538367,39.27345160717291],[-76.57162812489469,39.27345433409694],[-76.57162772019464,39.27345706194285],[-76.57162732244775,39.27345978981415],[-76.57162693048436,39.27346251950804],[-76.57162654431532,39.27346524922309],[-76.57162616509403,39.27346797986421],[-76.5716257893439,39.27347071141877],[-76.57162542054699,39.27347344299867],[-76.57162505522119,39.27347617549201],[-76.57162469568438,39.27347890890721],[-76.57162433962411,39.27348164233509],[-76.57162398704044,39.2734843757757],[-76.57162363908137,39.27348711103463],[-76.57162329344546,39.27348984540133],[-76.57162295128072,39.27349258068143],[-76.57162261143368,39.27349531596992],[-76.57162227505779,39.27349805217195],[-76.5716219398408,39.27350078837814],[-76.57162160694149,39.27350352459278],[-76.57162127520107,39.27350626081164],[-76.57162094461943,39.27350899703473],[-76.57162061519124,39.27351173416276],[-76.57162028692737,39.27351447039429],[-76.571619958658,39.27351720752662],[-76.57161963038858,39.27351994465887],[-76.57161930096574,39.27352268088617],[-76.57161897270177,39.27352541711768],[-76.57161864211456,39.27352815424153],[-76.57161831153272,39.27353089046458],[-76.5716179786332,39.2735336266792],[-76.57161764458012,39.27353636198882],[-76.5716173082039,39.27353909819074],[-76.57161696951528,39.27354183348343],[-76.57161662851433,39.27354456786697],[-76.57161628403675,39.27354730223779],[-76.57161593608255,39.27355003659594],[-76.57161558581593,39.27355277004488],[-76.57161523091385,39.27355550347691],[-76.57161487254051,39.27355823599551],[-76.57161450837279,39.27356096849299],[-76.57161414073389,39.27356370007706],[-76.57161376846486,39.27356643074339],[-76.57161338924796,39.27356916048367],[-76.57161300539555,39.27357189020704],[-76.57161261575959,39.27357461810774],[-76.57161222032923,39.27357734598733],[-76.57161181795102,39.27358007294082],[-76.571611408625,39.27358279896817],[-76.57161099234564,39.27358552497015],[-76.57161056912391,39.27358824914531],[-76.57161013779545,39.27359097239007],[-76.57160969836022,39.27359369470454],[-76.57160925082374,39.27359641518792],[-76.57160879517508,39.2735991356417],[-76.57160833026626,39.27360185426016],[-76.57160785609183,39.27360457194406],[-76.57160737265178,39.27360728869341],[-76.57160687879266,39.27361000360319],[-76.57160637566251,39.27361271847919],[-76.57160586211882,39.27361543061486],[-76.57160533815058,39.27361814181177],[-76.57160480259894,39.27362085206564],[-76.57160425662828,39.27362356047997],[-76.57160369791538,39.27362626794703],[-76.57160312878885,39.27362897267381],[-76.57160254691466,39.27363167735412],[-76.57160195462139,39.2736343801949],[-76.5716013530679,39.27363708120031],[-76.57160074224338,39.27363978217195],[-76.57160012099983,39.27364248130402],[-76.57159949164948,39.27364517950576],[-76.57159885188011,39.27364787586792],[-76.57159820399856,39.27365057220053],[-76.57159754801565,39.27365326670206],[-76.57159688276712,39.27365596026896],[-76.57159620941185,39.27365865290557],[-76.57159552910871,39.27366134461606],[-76.57159483953993,39.27366403539195],[-76.57159414302328,39.27366672524173],[-76.5715934395588,39.27366941416544],[-76.57159272798751,39.27367210215878],[-76.57159201062174,39.27367479013097],[-76.57159128631358,39.27367747627632],[-76.57159055505753,39.27368016149554],[-76.57158981685357,39.27368284578863],[-76.57158907401407,39.27368553006481],[-76.57158832422674,39.27368821341489],[-76.5715875686503,39.27369089584306],[-76.57158680844383,39.27369357735357],[-76.57158604244829,39.2736962579422],[-76.57158527065829,39.27369893850969],[-76.57158449539709,39.27370161816374],[-76.57158371434683,39.27370429689591],[-76.57158292866104,39.27370697561114],[-76.57158213950397,39.27370965341295],[-76.57158134687565,39.27371233030131],[-76.57158054961175,39.2737150071728],[-76.57157974887117,39.27371768403156],[-76.57157894465932,39.2737203599769],[-76.57157813697627,39.27372303500879],[-76.57157732581646,39.27372571002797],[-76.57157651234431,39.27372838413798],[-76.57157569655431,39.27373105823951],[-76.57157487844647,39.27373373233259],[-76.57157405802629,39.27373640551646],[-76.57157323644718,39.27373907869611],[-76.57157241139137,39.27374175186301],[-76.57157158634088,39.27374442412923],[-76.57157075897265,39.27374709638693],[-76.57156993160432,39.27374976864466],[-76.57156910191814,39.27375244089391],[-76.5715682722374,39.2737551122424],[-76.5715674425511,39.27375778449161],[-76.57156661171136,39.27376045583591],[-76.57156578087151,39.27376312718014],[-76.5715649500316,39.27376579852438],[-76.57156412035053,39.27376846987285],[-76.57156329066935,39.27377114122127],[-76.5715624609936,39.27377381166897],[-76.57156163363008,39.27377648302588],[-76.5715608062665,39.27377915438274],[-76.57155998122063,39.27378182574807],[-76.57155915733357,39.27378449711762],[-76.5715583346053,39.27378716849138],[-76.57155751418932,39.27378984077436],[-76.57155669609649,39.27379251216502],[-76.57155588031588,39.27379518446485],[-76.57155506801186,39.27379785677739],[-76.57155425802551,39.27380052909837],[-76.57155345035692,39.27380320142778],[-76.57155264615943,39.27380587467064],[-76.57155184659739,39.27380854793038],[-76.5715510999739,39.27381128263534],[-76.5715504108157,39.27381409681735],[-76.5715497156836,39.27381694070287],[-76.5715489511383,39.27381976451828],[-76.57154805491029,39.27382251669276],[-76.57154696356582,39.27382514655205],[-76.57154561481904,39.27382760522749],[-76.57154394524699,39.27382984024329],[-76.57154188330918,39.27383179999473],[-76.57153935501677,39.27383345448661],[-76.57153643653484,39.27383485714202],[-76.57153322832707,39.27383606777795],[-76.57152982504626,39.27383714889257],[-76.57152632598084,39.27383816300091],[-76.57152282927115,39.27383917081242],[-76.57151943304667,39.27384023483789],[-76.5715162123191,39.27384140759549],[-76.57151305256065,39.27384265533907],[-76.57150990877616,39.27384394457606],[-76.5715067706826,39.27384525094824],[-76.57150362799148,39.27384655099829],[-76.57150047272121,39.27384782307855],[-76.57149729342983,39.27384904282664],[-76.57149408214663,39.27385018679355],[-76.57149082741884,39.27385123241837],[-76.57148752012229,39.27385215534707],[-76.5714841522808,39.27385293303147],[-76.57148074670755,39.27385362590605],[-76.5714773376739,39.27385431606561],[-76.57147392634421,39.27385500261362],[-76.57147051271299,39.27385568645082],[-76.57146709562684,39.27385636667228],[-76.57146367508028,39.27385704417872],[-76.57146025224307,39.27385771717285],[-76.5714568271044,39.27385838745617],[-76.57145339967514,39.27385905322723],[-76.57144996879632,39.27385971448175],[-76.57144653678036,39.27386037212897],[-76.57144310131486,39.2738610252597],[-76.57143966356421,39.27386167297732],[-76.57143622467633,39.27386231708768],[-76.57143278234439,39.27386295578077],[-76.57142933888079,39.27386358996579],[-76.57142589197306,39.27386421873353],[-76.57142244393906,39.27386484209249],[-76.57141899477877,39.27386546004264],[-76.57141554217436,39.27386607257549],[-76.57141208844918,39.27386667879882],[-76.57140863359766,39.27386727961333],[-76.57140517646643,39.27386787411404],[-76.57140171705547,39.27386846230098],[-76.5713982576825,39.2738690441826],[-76.57139479602982,39.27386961975045],[-76.57139133210286,39.27387018810371],[-76.57138786821393,39.27387075015168],[-76.57138440205071,39.27387130498513],[-76.57138093477209,39.27387185260827],[-76.57137746637808,39.2738723930211],[-76.57137399687407,39.27387292532288],[-76.57137052741356,39.2738734504186],[-76.57136705567878,39.27387396829978],[-76.57136358283401,39.27387447806992],[-76.57136011004366,39.27387497883245],[-76.57135663613786,39.27387547238473],[-76.57135316112758,39.27387595692516],[-76.57134968616617,39.27387643335882],[-76.57134621010032,39.27387690078067],[-76.57134273408334,39.27387736009569],[-76.57133925696738,39.27387780949818],[-76.57133577990571,39.2738782498931],[-76.57133230173957,39.2738786812762],[-76.57132882028176,39.27387908202115],[-76.57132532984672,39.27387943409185],[-76.57132183158249,39.27387973929404],[-76.57131832661528,39.2738800030364],[-76.5713148149287,39.27388022802118],[-76.57131129650659,39.27388041695066],[-76.57130777364478,39.2738805734362],[-76.57130424631619,39.27388070198159],[-76.57130071334554,39.27388080528484],[-76.57129717818776,39.27388088696156],[-76.57129363850871,39.27388094970561],[-76.57129009775791,39.27388099803342],[-76.57128655360661,39.27388103373794],[-76.57128300949883,39.2738810622364],[-76.5712794642594,39.27388108622677],[-76.57127591787199,39.27388110841135],[-76.57127237262706,39.27388113330223],[-76.57126882850844,39.27388116360177],[-76.57126528548876,39.27388120381359],[-76.57126174471611,39.27388125574351],[-76.57125820732757,39.2738813229987],[-76.57125467213707,39.27388141007865],[-76.57125102552526,39.27388152467552],[-76.57125033849307,39.27388417672559],[-76.57118497513177,39.27386804948141],[-76.57105819462207,39.27386875932527],[-76.57106801826835,39.27404922137991],[-76.57136440416208,39.27403471926999],[-76.57136469734395,39.27407673567804],[-76.57136003365825,39.27407581518916],[-76.5713565011405,39.27407584193062],[-76.57135296856833,39.27407587767944],[-76.57134943595807,39.27407591973337],[-76.57134590332065,39.27407596629094],[-76.57134236951342,39.27407601464571],[-76.57133883686504,39.27407606300454],[-76.57133530422755,39.27407610956179],[-76.57133177162271,39.27407615071446],[-76.57132823905596,39.2740761855618],[-76.57132470653822,39.27407621230232],[-76.57132117408575,39.27407622823373],[-76.57131764287377,39.27407623065816],[-76.57131411175436,39.27407621776975],[-76.57131058073828,39.27407618776702],[-76.57130705099544,39.27407613885276],[-76.57130352137776,39.27407606922127],[-76.5712999918635,39.27407598247542],[-76.57129646244719,39.27407587951609],[-76.57129293312337,39.27407576124395],[-76.57128940502929,39.27407563126622],[-76.57128587700591,39.27407548957874],[-76.57128234904242,39.27407533798287],[-76.57127882227591,39.27407518008594],[-76.5712752943941,39.27407501497866],[-76.57127176769299,39.2740748462726],[-76.57126824100816,39.27407467486415],[-76.57126471548771,39.27407450255907],[-76.57126118880294,39.27407433115039],[-76.57125766326075,39.27407416244809],[-76.57125413442157,39.27407396400833],[-76.57125059793283,39.27407368897547],[-76.57124705710794,39.27407336438451],[-76.57124351641919,39.27407301727479],[-76.57123997570865,39.27407267376793],[-76.57123644060209,39.27407236180827],[-76.57123291325394,39.27407210842663],[-76.57122939697754,39.27407194065804],[-76.57122589508626,39.27407188553767],[-76.57122241089887,39.27407196919981],[-76.57121894881139,39.27407223129421],[-76.57121552012956,39.27407271870209],[-76.57121211929839,39.27407339176933],[-76.57120873619282,39.27407420001611],[-76.57120536301635,39.27407509116956],[-76.57120199079179,39.27407601655547],[-76.57119861172271,39.27407692390098],[-76.57119521568401,39.27407776272621],[-76.57119179487378,39.27407848165902],[-76.57118834140309,39.27407904373914],[-76.57118487440133,39.2740795436169],[-76.57118139944521,39.27408001734327],[-76.57117791768813,39.2740804658233],[-76.57117442911381,39.27408089175917],[-76.57117093485938,39.27408129875811],[-76.5711674360782,39.27408168772504],[-76.57116393391293,39.27408206136655],[-76.57116042950604,39.274082422389],[-76.57115692167692,39.27408277439124],[-76.57115341273787,39.27408311828237],[-76.57114990267256,39.2740834567647],[-76.57114639378788,39.2740837916482],[-76.57114288605661,39.27408412743655],[-76.57113937947329,39.27408446503053],[-76.57113587403796,39.27408480443012],[-76.57113236861349,39.27408514202813],[-76.57112886319986,39.27408547782453],[-76.57112535663819,39.27408581181508],[-76.57112185124629,39.27408614400832],[-76.57111834470086,39.27408647529639],[-76.57111483816637,39.27408680478293],[-76.57111133047835,39.27408713336438],[-76.57110782280664,39.27408745924349],[-76.57110431514035,39.27408778422174],[-76.57110080747945,39.27408810829912],[-76.57109729982942,39.27408843057494],[-76.57109379103137,39.2740887510449],[-76.57109028339762,39.27408907061824],[-76.57108677461585,39.27408938838575],[-76.57108326583949,39.27408970525243],[-76.57107975590964,39.274090021214],[-76.57107624714955,39.27409033537824],[-76.57107273723597,39.27409064863739],[-76.5710692273333,39.27409096009492],[-76.57106571859489,39.27409127065581],[-76.57106220754412,39.27409158030746],[-76.57105869765769,39.27409188906243],[-76.57105518778206,39.27409219601581],[-76.57105167791191,39.27409250206833],[-76.57104816688825,39.27409280721579],[-76.57104465587,39.27409311146242],[-76.57104114601603,39.27409341481239],[-76.57103763500866,39.2740937172573],[-76.57103412400666,39.27409401880131],[-76.57103061301008,39.27409431944454],[-76.57102710202435,39.27409461828614],[-76.57102357853596,39.2740948765475],[-76.57102002437847,39.27409503200936],[-76.57101645206548,39.27409512345044],[-76.57101287525855,39.27409519145505],[-76.57100930760285,39.27409527930983],[-76.57100576160651,39.2740954266942],[-76.57100225208454,39.27409567509746],[-76.57099879153402,39.27409606600063],[-76.57099539476454,39.2740966417937],[-76.57099206744526,39.27409742321503],[-76.57098879822136,39.27409837149023],[-76.5709855779962,39.27409945776156],[-76.57098239653033,39.2741006504648],[-76.57097924123943,39.27410192253095],[-76.5709761041964,39.27410324330504],[-76.57097297282789,39.27410458391666],[-76.57096983919598,39.27410591551226],[-76.57096382034273,39.27410832019],[-76.57093339343878,39.27412341397149],[-76.57090473888391,39.2741426595463],[-76.57088069001331,39.27416608978681],[-76.57085316518979,39.27420356738084],[-76.57078666972487,39.2742833628736],[-76.5707636183075,39.27432638029144],[-76.57075562625776,39.27436989591977],[-76.57075804800787,39.27440214228948],[-76.57077031515685,39.27441631293571],[-76.57082156981089,39.27488238815263],[-76.57084994406921,39.27511111073718],[-76.57086089763523,39.27523576001393],[-76.57088097680219,39.27546424508161],[-76.57090160267467,39.27546495277569],[-76.57090529339018,39.27550700049683],[-76.57092084226801,39.27568416317106],[-76.57090212166085,39.27568804823989],[-76.57091099562915,39.27580188070363],[-76.57096423688257,39.27630791998106],[-76.57096716528649,39.27633575262527],[-76.57097602723935,39.2763417786902],[-76.57098562291745,39.27637251183169],[-76.57103239850488,39.27642073761999],[-76.57115502063215,39.27650976488519],[-76.57117348394814,39.27652029558943],[-76.57119628366831,39.27653300035657],[-76.57120993431897,39.2765369378962],[-76.57126670787358,39.27654286951201],[-76.57141661089022,39.27655594714761],[-76.57193318823508,39.27661208498969],[-76.57193668352437,39.27661248685911],[-76.57194017765471,39.27661288872424],[-76.57194367177972,39.27661329149],[-76.57194716589929,39.27661369515639],[-76.57195066001351,39.2766140997234],[-76.57195415296881,39.27661450428612],[-76.57195764707762,39.27661490975368],[-76.57196114118109,39.27661531612187],[-76.57196463412021,39.27661572338653],[-76.57196812821832,39.27661613065528],[-76.57197162115752,39.2766165379197],[-76.57197511409132,39.27661694608476],[-76.57197860818407,39.27661735425398],[-76.57198210111257,39.27661776331954],[-76.57198559404107,39.27661817238504],[-76.57198908696958,39.27661858145044],[-76.57199257989272,39.2766189914165],[-76.57199607281591,39.27661940138243],[-76.5719995657446,39.27661981044752],[-76.57200305866787,39.27662022041324],[-76.57200655275007,39.27662063038306],[-76.57201004567341,39.27662104034859],[-76.57201353859685,39.27662145031398],[-76.57201703152569,39.27662185937855],[-76.57202052444916,39.2766222693438],[-76.57202401737808,39.27662267840815],[-76.57202751030707,39.27662308747235],[-76.57203100323612,39.27662349653652],[-76.57203449732953,39.27662390470406],[-76.57203799026405,39.27662431286726],[-76.57204148320405,39.27662472012959],[-76.57204497730305,39.27662512739603],[-76.57204847024312,39.2766255346582],[-76.57205196434765,39.27662594102371],[-76.57205545845758,39.27662634648834],[-76.57205895141408,39.27662675104796],[-76.57206244552958,39.27662715561164],[-76.5720659396505,39.2766275592745],[-76.57206943377695,39.27662796203652],[-76.57207292906772,39.27662836390188],[-76.5720764232051,39.27662876486221],[-76.57207991734792,39.27662916492168],[-76.57208341264973,39.27662956498527],[-76.57208690796246,39.27662996324721],[-76.57209040328064,39.27663036060837],[-76.57209389860429,39.27663075706865],[-76.5720973939388,39.27663115172733],[-76.57210088927884,39.27663154548515],[-76.57210438578326,39.27663193834636],[-76.57210788229314,39.27663233030671],[-76.57211137881394,39.2766327204655],[-76.57211487534025,39.27663310972338],[-76.57211837187742,39.27663349717972],[-76.57212186957896,39.2766338837394],[-76.57212536729141,39.27663426849748],[-76.5721288650148,39.276634651454],[-76.57213236274362,39.27663503350964],[-76.57213586048339,39.27663541376371],[-76.57213935939292,39.27663579222037],[-76.5721428583134,39.27663616887546],[-76.57214635723935,39.27663654462969],[-76.57214985734053,39.27663691768581],[-76.57215335744721,39.27663728984108],[-76.57215685755934,39.2766376610955],[-76.57216035767692,39.27663803144905],[-76.57216385780544,39.27663840000105],[-76.5721673590983,39.27663876765638],[-76.57217086040208,39.2766391335101],[-76.57217436170589,39.27663949936375],[-76.57217786302066,39.27663986341582],[-76.57218136434084,39.27664022656699],[-76.57218486682545,39.27664058882156],[-76.57218836815655,39.27664095017106],[-76.57219187065203,39.27664131062391],[-76.57219537315305,39.27664167017594],[-76.57219887681843,39.27664202883133],[-76.57220237933038,39.27664238658164],[-76.57220588300663,39.2766427434353],[-76.5722093855295,39.27664309938392],[-76.57221288921676,39.27664345443591],[-76.57221639290404,39.2766438094878],[-76.57221989660223,39.2766441627381],[-76.57222340145934,39.27664451599247],[-76.57222690516302,39.2766448683418],[-76.57223040886674,39.27664522069104],[-76.57223391374028,39.27664557124286],[-76.57223741861382,39.27664592179464],[-76.5722409223285,39.27664627234204],[-76.57224442720756,39.27664662199282],[-76.57224793209208,39.27664697074278],[-76.57225143697664,39.27664731949262],[-76.57225494186672,39.27664766734159],[-76.57225844675678,39.27664801519047],[-76.5722619528112,39.27664836214273],[-76.57226545770675,39.27664870909063],[-76.57226896260239,39.27664905603848],[-76.57227246750345,39.27664940208548],[-76.57227597356345,39.27664974813655],[-76.57227947846462,39.2766500941833],[-76.57228298453012,39.27665043933342],[-76.57228648943131,39.27665078537996],[-76.57228999549693,39.27665113052992],[-76.57229350040362,39.27665147567549],[-76.57229700647468,39.27665181992447],[-76.57230051138148,39.27665216506984],[-76.57230401744719,39.27665251021936],[-76.57230752235944,39.27665285446378],[-76.57231102842526,39.27665319961309],[-76.57231453333758,39.2766535438573],[-76.57231803940341,39.2766538890064],[-76.57232154431043,39.27665423415113],[-76.57232505037634,39.27665457930001],[-76.57232855528336,39.27665492444459],[-76.57233206019043,39.27665526958901],[-76.57233556625648,39.27665561473757],[-76.5723390711582,39.27665596078258],[-76.57234257605992,39.27665630682744],[-76.57234608096169,39.27665665287223],[-76.57234958586356,39.27665699891691],[-76.57235309075996,39.27665734586219],[-76.57235659565097,39.27665769370814],[-76.57236009938855,39.27665804064905],[-76.57236360427963,39.27665838849476],[-76.5723671080064,39.27665873723694],[-76.57237061289213,39.27665908598323],[-76.57237411661355,39.27665943562591],[-76.572377620335,39.27665978526852],[-76.57238112405106,39.27666013581172],[-76.57238462776172,39.27666048725561],[-76.57238813147244,39.2766608386994],[-76.57239163517772,39.2766611910438],[-76.5723951377241,39.27666154338391],[-76.57239864141863,39.27666189752961],[-76.57240214395426,39.27666225167096],[-76.57240564648447,39.27666260671297],[-76.57240914900932,39.27666296265562],[-76.57241265036981,39.27666331949472],[-76.57241615288932,39.27666367633789],[-76.57241965423903,39.27666403497825],[-76.57242315558335,39.27666439451927],[-76.5724266569277,39.27666475406014],[-76.57243015826128,39.27666511540241],[-76.57243365958944,39.27666547764537],[-76.57243715975328,39.2766658407847],[-76.57244065991715,39.27666620392396],[-76.57244416006478,39.27666656976531],[-76.57244765905354,39.2766669356024],[-76.57245115919581,39.27666730234429],[-76.5724546581683,39.27666767088337],[-76.57245815713544,39.27666804032311],[-76.57246165609178,39.2766684115642],[-76.57246515388918,39.27666878280102],[-76.57246865167582,39.27666915583915],[-76.57247214945158,39.27666953067874],[-76.57247564722196,39.27666990641895],[-76.57247914382803,39.27667028305557],[-76.5724826404233,39.27667066149359],[-76.5724861370078,39.27667104173296],[-76.57248963242787,39.27667142286882],[-76.57249312784263,39.27667180490524],[-76.57249662324656,39.27667218874312],[-76.57250011863968,39.27667257438235],[-76.57250361286302,39.27667296181876],[-76.57250710708102,39.27667335015581],[-76.57251060124473,39.27667374750022],[-76.57251409386426,39.27667420879322],[-76.57251758023335,39.27667474572774],[-76.572521051086,39.27667535736914],[-76.57252449945781,39.27667604549369],[-76.5725279195596,39.27667680917958],[-76.57253130096105,39.27667764838878],[-76.57253463902099,39.27667856400524],[-76.57253792446804,39.27667955599515],[-76.57254115150762,39.27668062433752],[-76.57254433750187,39.27668177269848],[-76.57254750213626,39.27668300385209],[-76.57255063734179,39.27668431056279],[-76.57255373501683,39.27668569099959],[-76.57255678593332,39.27668713792276],[-76.57255978200595,39.27668864679909],[-76.57256271514402,39.27669021399606],[-76.5725655761085,39.27669183407549],[-76.5725683579731,39.27669350250831],[-76.5725710503075,39.27669521925659],[-76.57257355477954,39.27669714700104],[-76.5725758085957,39.27669932064295],[-76.57257778781998,39.27670167343871],[-76.57257946852185,39.27670413774373],[-76.5725808348562,39.27670665044688],[-76.57258200272113,39.27670921106908],[-76.57258304043357,39.27671182976736],[-76.57258395734092,39.27671449396506],[-76.57258476046732,39.27671719197778],[-76.57258545799576,39.27671991212543],[-76.57258606042707,39.27672264273613],[-76.57258657362104,39.27672537302212],[-76.57258700460176,39.27672809129896],[-76.57258732777512,39.27673081368734],[-76.57258754657992,39.27673354650508],[-76.5725876807342,39.27673628712169],[-76.57258775110404,39.27673903471233],[-76.57258777856643,39.27674178665058],[-76.57258778167513,39.27674454120255],[-76.57258778130699,39.27674729574188],[-76.5725877983336,39.27675004854294],[-76.57258788673039,39.27675384378932],[-76.57259136957606,39.27675458157945],[-76.5725947771892,39.27675530288194],[-76.57259818595587,39.27675602508926],[-76.57260159355823,39.276756748193],[-76.57260500116615,39.27675747039596],[-76.57260840993304,39.27675819260298],[-76.57261181754109,39.27675891480568],[-76.5726152263135,39.27675963611178],[-76.57261863509144,39.27676035651704],[-76.5726220438749,39.27676107602143],[-76.57262545382818,39.27676179372846],[-76.57262886378702,39.27676251053462],[-76.57263227375671,39.27676322553924],[-76.57263568948858,39.2767639459693],[-76.57263911439969,39.27676468174565],[-76.5726425461885,39.27676543015764],[-76.5726459848658,39.27676618940382],[-76.57264943043712,39.27676695858338],[-76.57265287945272,39.27676773317994],[-76.57265633074827,39.27676851409009],[-76.57265978550987,39.27676929681423],[-76.5726632402661,39.27677008043905],[-76.57266669386885,39.2767708631588],[-76.57267014748803,39.27677164317622],[-76.57267359650407,39.27677241777216],[-76.57267704325118,39.2767731842529],[-76.57268048309362,39.27677394260152],[-76.57268391721203,39.27677468921926],[-76.57268734445827,39.27677542230042],[-76.57269076252003,39.2767761409358],[-76.57269417025992,39.27677684151823],[-76.57269756652457,39.27677752314274],[-76.57270095133019,39.27677818310708],[-76.57270432236977,39.27677881960137],[-76.57270767848978,39.27677943172063],[-76.57271101855305,39.2767800158576],[-76.57271434141143,39.27678057020665],[-76.57271764591147,39.27678109386282],[-76.57272056361185,39.27678099188132],[-76.5727217605222,39.27677796065609],[-76.57272356168396,39.27677543425609],[-76.57272561603601,39.27677320332742],[-76.5727276981154,39.27677098691183],[-76.57272980099573,39.27676878048027],[-76.57273192005746,39.27676658131367],[-76.57273404720448,39.27676438668024],[-76.57273617666382,39.27676219295601],[-76.572738303816,39.27675999742174],[-76.57274042057024,39.27675779644508],[-76.57274252114817,39.27675558730262],[-76.57274459977143,39.27675336727108],[-76.5727466506725,39.27675113182563],[-76.57274866690867,39.27674887913952],[-76.57275064270702,39.27674660558868],[-76.57275258037991,39.27674431208225],[-76.57275449493928,39.27674200768257],[-76.57275638870829,39.27673969149726],[-76.57275826399403,39.27673736533629],[-76.57276012193913,39.27673503190604],[-76.57276196718466,39.27673269032268],[-76.5727638008734,39.27673034329272],[-76.57276562531767,39.27672799172522],[-76.57276744283544,39.27672563562866],[-76.57276925572275,39.27672327861451],[-76.5727710686208,39.27672091979883],[-76.57277288151334,39.27671856188385],[-76.5727746967127,39.27671620577873],[-76.57277651885471,39.27671385150041],[-76.57277834792305,39.27671150175107],[-76.57278018738903,39.27670915744413],[-76.57278204072409,39.27670681949292],[-76.57278390907619,39.27670448970325],[-76.57278575326977,39.27670213010037],[-76.57278750762551,39.2766996773919],[-76.57278921939916,39.27669717498639],[-76.57279093696185,39.27669467350263],[-76.57279271334228,39.27669221997341],[-76.5727945992403,39.27668986322442],[-76.57279664419686,39.27668765207709],[-76.57279890007091,39.27668563536149],[-76.57280141757306,39.27668386010177],[-76.57280416344707,39.27668226762727],[-76.57280705369865,39.27668075674669],[-76.57281006977419,39.27667932919407],[-76.57281319544329,39.27667798581117],[-76.57281641215222,39.27667672833204],[-76.57281970483498,39.27667555670185],[-76.57282305377356,39.27667447355115],[-76.57282644274846,39.27667347792025],[-76.57282985320052,39.27667257244386],[-76.57283327005837,39.27667175796802],[-76.57283667477915,39.27667103442523],[-76.57284005574644,39.27667040627708],[-76.57284347771929,39.27666989717899],[-76.57284695229225,39.27666950627239],[-76.57285047139634,39.27666922632181],[-76.57285402233209,39.27666904917408],[-76.57285759588243,39.27666896578813],[-76.57286118164954,39.2766689707215],[-76.57286476926814,39.27666905312736],[-76.5728683495048,39.27666920666667],[-76.57287190966562,39.27666942228571],[-76.57287544168143,39.276669692749],[-76.57287893748311,39.27667001082103],[-76.57288242028186,39.27667037118166],[-76.57288589935983,39.27667077206308],[-76.5728893735798,39.27667120985815],[-76.57289284527594,39.27667168187301],[-76.57289631330555,39.2766721854012],[-76.5728997788601,39.27667271504249],[-76.5729032407861,39.27667326989191],[-76.57290670027507,39.27667384454927],[-76.57291015733234,39.27667443811369],[-76.572913613144,39.27667504608574],[-76.57291706541386,39.27667566485401],[-76.57292051762958,39.27667629262962],[-76.57292396865935,39.27667692490466],[-76.57292741736588,39.27667755807189],[-76.57293086607245,39.27667819123905],[-76.57293431365814,39.27667881809663],[-76.57293776128726,39.27667943774821],[-76.57294120898145,39.2766800465907],[-76.57294465557648,39.27668064552067],[-76.57294810216067,39.27668124625202],[-76.57295154873412,39.27668184878476],[-76.57295499413783,39.27668245311471],[-76.57295843953075,39.27668305924604],[-76.57296188374856,39.27668366807526],[-76.57296532796101,39.27668427780517],[-76.57296877100376,39.27668488933222],[-76.57297221520007,39.27668550176416],[-76.57297565706772,39.27668611598903],[-76.57297910008353,39.27668673201953],[-76.57298254194046,39.27668734804571],[-76.57298598378117,39.27668796677404],[-76.57298942562196,39.27668858550226],[-76.57299286629846,39.2766892051269],[-76.57299630812315,39.27668982655712],[-76.57299974878893,39.27669044798306],[-76.5730031882904,39.27669107030542],[-76.57300662894545,39.27669169353264],[-76.57301006960058,39.27669231675975],[-76.57301350909144,39.27669294088331],[-76.57301694973583,39.27669356591176],[-76.57302038922681,39.27669419003507],[-76.57302382871242,39.27669481505907],[-76.57302726935701,39.27669544008718],[-76.57303070884269,39.276696065111],[-76.57303414832849,39.27669669013469],[-76.57303758897326,39.27669731516249],[-76.57304102845917,39.27669794018598],[-76.57304446795052,39.27669856430862],[-76.57304790860088,39.27669918843539],[-76.57305134925674,39.27669981166128],[-76.57305478875374,39.27670043488289],[-76.57305822941512,39.27670105720784],[-76.573061670082,39.27670167863198],[-76.57306511191325,39.27670229915943],[-76.57306855258567,39.27670291968264],[-76.57307199442795,39.27670353840839],[-76.57307543627566,39.27670415623336],[-76.57307887929316,39.27670477226091],[-76.57308232115187,39.27670538828418],[-76.573085765361,39.27670599891129],[-76.57308921307943,39.27670660414645],[-76.57309266430727,39.27670720398963],[-76.57309611788553,39.27670779843672],[-76.57309957381962,39.2767083865869],[-76.57310303209336,39.2767089711424],[-76.57310649387638,39.276709550306],[-76.57310995684013,39.2767101258707],[-76.5731134209845,39.27671069783652],[-76.5731168886274,39.27671126621188],[-76.57312035628659,39.27671183188493],[-76.57312382628537,39.27671239396332],[-76.57312729745398,39.2767129542443],[-76.57313076979784,39.27671351182718],[-76.57313424214716,39.27671406850922],[-76.57313771567175,39.2767146224931],[-76.57314119035526,39.2767151764811],[-76.57314466504431,39.27671572956825],[-76.57314813973881,39.27671628175457],[-76.57315161443333,39.27671683394076],[-76.57315508912252,39.2767173870276],[-76.57315856381177,39.27671794011435],[-76.5731620373367,39.27671849409752],[-76.5731655108509,39.27671904988209],[-76.57316898320076,39.27671960656307],[-76.57317245437545,39.27672016594198],[-76.57317592438051,39.2767207271181],[-76.5731793932104,39.27672129099209],[-76.57318286086517,39.27672185756401],[-76.57318632618046,39.27672242773044],[-76.57318978915632,39.2767230014913],[-76.57319325095158,39.27672357885081],[-76.57319671040199,39.27672416070552],[-76.57320016750747,39.27672474705548],[-76.57320362110377,39.27672533879715],[-76.5732070723497,39.27672593593473],[-76.57321052125077,39.2767265375676],[-76.57321396663183,39.27672714639364],[-76.57321740850357,39.27672776061142],[-76.57322084685526,39.27672838202248],[-76.57322428168692,39.2767290106267],[-76.57322771299847,39.27672964642419],[-76.57323114078999,39.27673028941493],[-76.57323456389712,39.27673094049543],[-76.57323798231438,39.27673160056641],[-76.57324139604724,39.2767322687272],[-76.57324480509028,39.2767329458785],[-76.57324820943811,39.27673363292102],[-76.57325160909606,39.2767343289541],[-76.57325500289988,39.27673503487421],[-76.57325839200305,39.27673575158632],[-76.57326177524662,39.27673647908624],[-76.57326515263064,39.27673721737396],[-76.57326852415505,39.27673796644947],[-76.57327188980909,39.27673872811429],[-76.57327524959815,39.27673950146763],[-76.57327860120431,39.27674028650112],[-76.57328192341478,39.2767411416874],[-76.57328519157254,39.27674212008203],[-76.57328840689068,39.27674321268185],[-76.57329157406988,39.2767444086947],[-76.57329469548219,39.27674569912158],[-76.57329777351596,39.27674707226117],[-76.57330081170747,39.27674851821798],[-76.57330381359318,39.27675002709638],[-76.57330678270941,39.27675158900077],[-76.57330972027475,39.27675319402724],[-76.57331262983634,39.27675483047867],[-76.57331551493057,39.27675648845951],[-76.57331837908838,39.27675815897496],[-76.57332122469266,39.27675983122446],[-76.57332405412623,39.27676149440747],[-76.57332687207904,39.27676313953341],[-76.57332962488825,39.27676482495711],[-76.57333224946795,39.27676663422051],[-76.57333476912139,39.27676854669072],[-76.57333720833768,39.27677053723528],[-76.57333959043082,39.27677258341973],[-76.57334194104882,39.27677466011581],[-76.57334428351115,39.27677674398836],[-76.57334664345505,39.27677881171055],[-76.57335006027589,39.27678166513618],[-76.5736970452719,39.27683488749388],[-76.57370048358969,39.27683551609682],[-76.57370392190212,39.27683614560037],[-76.57370736021466,39.27683677510388],[-76.5737107985218,39.27683740550798],[-76.57371423682906,39.27683803591201],[-76.57371767513631,39.27683866631595],[-76.57372111227932,39.27683929761631],[-76.57372455058133,39.27683992892077],[-76.57372798888338,39.27684056022512],[-76.57373142602655,39.27684119152519],[-76.5737348643233,39.27684182373007],[-76.57373830146665,39.27684245502994],[-76.5737417386046,39.27684308723044],[-76.57374517690154,39.27684371943503],[-76.57374861403962,39.27684435163536],[-76.57375205117775,39.27684498383555],[-76.57375548947491,39.27684561603985],[-76.57375892661317,39.27684624823983],[-76.57376236374608,39.27684688134049],[-76.57376580204338,39.27684751354448],[-76.57376923918183,39.2768481457442],[-76.5737726774793,39.276848777948],[-76.57377611462327,39.27684940924675],[-76.5737795517619,39.27685004144612],[-76.57378299006491,39.27685067274886],[-76.57378642720367,39.27685130494806],[-76.57378986550685,39.2768519362506],[-76.57379330381546,39.27685256665234],[-76.57379674095981,39.27685319795046],[-76.57380017926859,39.27685382835193],[-76.57380361757737,39.27685445875336],[-76.57380705589163,39.2768550882539],[-76.57381049420601,39.27685571775437],[-76.57381393252041,39.27685634725471],[-76.5738173708403,39.27685697585421],[-76.57382081031915,39.27685760445782],[-76.57382424864457,39.2768582321564],[-76.57382768812894,39.27685885985905],[-76.57383112645992,39.27685948665666],[-76.57383456595528,39.27686011255762],[-76.57383800545064,39.27686073845854],[-76.57384144495153,39.27686136345856],[-76.57384488561139,39.27686198846265],[-76.57384832511781,39.27686261256175],[-76.57385176578863,39.27686323576416],[-76.57385520530593,39.27686385806155],[-76.57385864598227,39.27686448036305],[-76.57386208666408,39.27686510176369],[-76.57386552851032,39.27686572226768],[-76.57386896920306,39.27686634186663],[-76.57387241106019,39.27686696056892],[-76.57387585291738,39.27686757927114],[-76.57387929478551,39.27686819617175],[-76.57388273665906,39.27686881217151],[-76.57388617969697,39.27686942727463],[-76.57388962274041,39.27687004147693],[-76.57389306578392,39.2768706556791],[-76.57389650883826,39.27687126807969],[-76.57389995305702,39.2768718795836],[-76.57390339728126,39.2768724901867],[-76.57390684150555,39.27687310078969],[-76.57391028574072,39.27687370959107],[-76.57391372997596,39.27687431839238],[-76.57391717537556,39.27687492629705],[-76.57392061961633,39.27687553419738],[-76.57392406502147,39.27687614120109],[-76.57392751043207,39.27687674730399],[-76.57393095584274,39.27687735340672],[-76.57393440125894,39.27687795860866],[-76.57393784783405,39.27687856381466],[-76.5739412932557,39.27687916811562],[-76.57394473983639,39.27687977242068],[-76.57394818526359,39.27688037582067],[-76.57395163184974,39.27688097922481],[-76.57395507843601,39.27688158262885],[-76.57395852502771,39.276882185132],[-76.57396197045519,39.27688278853163],[-76.57396541704698,39.27688339103459],[-76.57396886363891,39.27688399353747],[-76.57397231023083,39.27688459604023],[-76.57397575682285,39.27688519854289],[-76.57397920341489,39.27688580104548],[-76.57398265000704,39.27688640354791],[-76.57398609659921,39.27688700605026],[-76.57398954319147,39.27688760855256],[-76.57399298978375,39.27688821105468],[-76.57399643521715,39.27688881355254],[-76.5739998818042,39.27688941695524],[-76.57400332839123,39.27689002035785],[-76.57400677497839,39.27689062376034],[-76.57401022040663,39.27689122715853],[-76.57401366698849,39.2768918314616],[-76.57401711240604,39.27689243666106],[-76.57402055782904,39.2768930409597],[-76.57402400324131,39.27689364705976],[-76.57402744865902,39.2768942522589],[-76.57403089406604,39.27689485925949],[-76.57403433947307,39.27689546625996],[-76.57403778372122,39.27689607325612],[-76.57404122911755,39.27689668205788],[-76.57404467335503,39.27689729085535],[-76.57404811758714,39.27689790055343],[-76.57405156181927,39.27689851025143],[-76.57405500488179,39.27689912174664],[-76.57405844910326,39.27689973324591],[-76.57406189216049,39.27690034564164],[-76.57406533520691,39.27690095983878],[-76.57406877825343,39.27690157403577],[-76.57407222013565,39.27690218912925],[-76.57407566200709,39.2769028060241],[-76.57407910387867,39.27690342291883],[-76.57408254573943,39.27690404161499],[-76.57408598643595,39.27690466120757],[-76.57408942712708,39.27690528170077],[-76.57409286781289,39.27690590309466],[-76.57409630848794,39.27690652628992],[-76.57409974799874,39.27690715038164],[-76.57410318749872,39.27690777627473],[-76.5741066258345,39.27690840306425],[-76.57411006416488,39.27690903075444],[-76.57411350363266,39.27690966205171],[-76.5741169442486,39.27691029515458],[-76.57412038367326,39.27691093365761],[-76.57412382191197,39.27691157666006],[-76.57412725894856,39.27691222686417],[-76.57413069478848,39.27691288336919],[-76.57413412710839,39.27691354706749],[-76.57413755705103,39.27691422066549],[-76.57414098229854,39.27691490415481],[-76.57414440284555,39.27691559843613],[-76.57414781868661,39.27691630441021],[-76.57415122982169,39.27691702207714],[-76.5741546327579,39.27691775412647],[-76.57415802981299,39.27691850056659],[-76.57416141981726,39.27691926319487],[-76.57416480161717,39.27692004110629],[-76.57416817403757,39.2769208369989],[-76.57417153237792,39.27692166166488],[-76.57417480030757,39.27692268146903],[-76.57417798485045,39.27692388472693],[-76.57418112595074,39.27692518150683],[-76.57418426586527,39.27692648278616],[-76.57418744453811,39.27692769863322],[-76.57419070306707,39.27692874002122],[-76.57419406727843,39.2769295520971],[-76.57419745261004,39.27693032101275],[-76.57420083911146,39.27693108813099],[-76.57420422911137,39.27693185165874],[-76.57420761912758,39.27693261248417],[-76.57421101264228,39.27693336971914],[-76.57421440733218,39.27693412425595],[-76.57421780435625,39.27693487609884],[-76.57422120256099,39.27693562434283],[-76.57422460310519,39.27693636899217],[-76.57422800599443,39.27693710914606],[-76.57423141005883,39.2769378466018],[-76.57423481646825,39.27693857956216],[-76.57423822406362,39.27693930802287],[-76.57424163399862,39.27694003288895],[-76.57424504627852,39.27694075325952],[-76.5742484597391,39.27694147003128],[-76.57425187439645,39.27694218050188],[-76.57425529139338,39.27694288737781],[-76.57425870958171,39.27694358885338],[-76.57426213011503,39.27694428583348],[-76.57426555183976,39.27694497741323],[-76.57426897591486,39.27694566359686],[-76.57427240118137,39.27694634438005],[-76.57427582763935,39.2769470197629],[-76.57427925644765,39.27694768974957],[-76.57428268645276,39.27694835343509],[-76.57428611764934,39.27694901172026],[-76.57428955120703,39.27694966280778],[-76.57429298595615,39.27695030849493],[-76.57429642190212,39.27695094788091],[-76.57429986020922,39.27695158006929],[-76.57430329854886,39.27695220685304],[-76.57430673925502,39.27695282553842],[-76.574310181158,39.27695343792264],[-76.57431362541674,39.27695404400996],[-76.57431707089931,39.27695463929245],[-76.57432052109336,39.27695522198119],[-76.57432397368096,39.27695579206775],[-76.57432742981021,39.27695635135789],[-76.57433088948662,39.27695689895084],[-76.57433435269932,39.27695743664808],[-76.57433781712503,39.27695796534198],[-76.57434128508163,39.27695848504091],[-76.57434475540474,39.27695899664141],[-76.57434822693553,39.27695950013928],[-76.57435170198096,39.2769599973445],[-76.57435517705886,39.27696048914508],[-76.57435865449249,39.27696097464873],[-76.57436213427106,39.27696145565696],[-76.57436561407668,39.27696193216141],[-76.57436909505749,39.27696240596765],[-76.57437257721888,39.27696287617505],[-76.57437605938577,39.2769633454816],[-76.57437954156345,39.27696381298652],[-76.57438302490556,39.27696427959479],[-76.5743865082477,39.27696474620299],[-76.57438999158448,39.27696521371179],[-76.57439347375694,39.27696568211707],[-76.57439695591331,39.27696615322451],[-76.57440043689994,39.27696662612907],[-76.57440391785958,39.27696710353731],[-76.57440739647984,39.27696758454002],[-76.57441087507308,39.27696807004632],[-76.57441435131612,39.27696856094862],[-76.57441782636246,39.2769690581518],[-76.57442129904776,39.27696956255249],[-76.57442477053097,39.27697007415485],[-76.57442823848879,39.2769705938512],[-76.57443170523909,39.27697112164995],[-76.57443516844785,39.27697166024501],[-76.57443862928474,39.27697220783895],[-76.57444208657465,39.27697276712993],[-76.57444554149278,39.27697333541985],[-76.57444899403905,39.27697391270872],[-76.57445244422426,39.27697449719506],[-76.574455893202,39.2769750897838],[-76.57445933981874,39.27697568957001],[-76.57446278407444,39.2769762965537],[-76.5744662271388,39.27697690893758],[-76.57446966784759,39.27697752761818],[-76.57447310852943,39.27697815080236],[-76.57447654686109,39.27697877938257],[-76.57447998401223,39.27697941156141],[-76.57448342114181,39.27698004734322],[-76.57448685592657,39.27698068762017],[-76.57449029185955,39.27698132970273],[-76.5744937254585,39.27698197447906],[-76.57449715904676,39.27698262105677],[-76.57450059262423,39.27698326943587],[-76.57450402503746,39.27698391871138],[-76.57450745860965,39.27698456799101],[-76.574510891023,39.27698521726636],[-76.57451432459531,39.27698586654579],[-76.5745177581785,39.27698651402367],[-76.57452119176715,39.27698716060068],[-76.57452462652563,39.27698780538027],[-76.57452806130034,39.27698844745755],[-76.57453149725026,39.27698908683664],[-76.57453493438079,39.27698972261691],[-76.57453837269195,39.27699035479824],[-76.5745418110247,39.27699098337654],[-76.57454525170783,39.27699160655862],[-76.57454869358233,39.27699222434037],[-76.57455213664828,39.27699283672172],[-76.57455558088941,39.27699344640488],[-76.57455902629489,39.27699405519145],[-76.57456247054695,39.27699466307295],[-76.57456591596336,39.27699527005782],[-76.57456936138523,39.2769958761418],[-76.57457280681263,39.276996481325],[-76.57457625224542,39.27699708560731],[-76.574579698848,39.27699768809224],[-76.57458314429171,39.27699829057285],[-76.57458659089446,39.27699889305759],[-76.57459003866697,39.27699949374492],[-76.57459348528059,39.27700009442792],[-76.57459693190509,39.27700069330936],[-76.5746003796886,39.2770012921949],[-76.5746038274721,39.27700189108032],[-76.57460727526652,39.27700248816414],[-76.57461072306097,39.27700308524791],[-76.57461417085551,39.27700368233155],[-76.5746176198144,39.27700427851853],[-76.57462106761986,39.27700487380047],[-76.57462451658428,39.2770054690865],[-76.57462796439519,39.27700606346747],[-76.57463141336517,39.27700665785255],[-76.57463486233517,39.27700725223757],[-76.57463831131061,39.27700784572167],[-76.57464176028613,39.27700843920572],[-76.5746452092671,39.27700903178893],[-76.57464865824811,39.27700962437203],[-76.57465210838272,39.27701021785993],[-76.57465555736391,39.27701081044282],[-76.5746590063505,39.27701140212486],[-76.57466245533176,39.27701199470754],[-76.57466590547739,39.27701258639358],[-76.57466935445876,39.27701317897608],[-76.57467280344558,39.27701377065767],[-76.57467625358603,39.27701436324418],[-76.57467970256759,39.27701495582635],[-76.57468315155458,39.27701554750765],[-76.57468660053624,39.27701614008962],[-76.57469005067686,39.27701673267573],[-76.57469349966409,39.27701732435673],[-76.57469694865134,39.27701791603765],[-76.57470039879753,39.27701850772267],[-76.57470384778487,39.27701909940341],[-76.57470729793658,39.27701969018746],[-76.57471074808842,39.27702028097146],[-76.57471419708135,39.27702087175111],[-76.57471764723863,39.27702146163411],[-76.57472109739062,39.27702205241781],[-76.57472454754804,39.27702264230062],[-76.57472799654659,39.27702323217912],[-76.57473144670415,39.27702382206173],[-76.57473489686713,39.27702441104351],[-76.57473834703016,39.27702500002519],[-76.57474179718791,39.27702558990748],[-76.57474524735646,39.2770261779882],[-76.57474869751971,39.27702676696959],[-76.57475214884188,39.27702735595502],[-76.57475559901066,39.27702794403544],[-76.57475904917403,39.27702853301649],[-76.57476249934291,39.27702912109669],[-76.5747659495118,39.27702970917681],[-76.57476940083973,39.27703029726103],[-76.57477285100873,39.27703088534093],[-76.57477630117778,39.27703147342073],[-76.57477975250588,39.27703206150461],[-76.57478320268049,39.2770326486835],[-76.57478665284974,39.27703323676298],[-76.57479010418339,39.2770338239458],[-76.57479355435274,39.27703441202512],[-76.57479700452754,39.27703499920355],[-76.57480045585598,39.27703558728687],[-76.57480390603089,39.27703617446511],[-76.57480735736483,39.27703676164744],[-76.57481080753452,39.27703734972624],[-76.57481425886853,39.27703793690837],[-76.57481770904371,39.27703852408621],[-76.57482115921353,39.27703911216469],[-76.57482461054775,39.27703969934651],[-76.57482806072306,39.2770402865241],[-76.57483151205201,39.27704087460643],[-76.57483496222746,39.27704146178377],[-76.57483841239758,39.27704204986176],[-76.57484186372665,39.27704263794384],[-76.57484531390232,39.27704322512086],[-76.57484876407257,39.2770438131985],[-76.57485221540186,39.2770444012803],[-76.57485566557223,39.27704498935779],[-76.57485911574271,39.27704557743513],[-76.57486256591321,39.27704616551242],[-76.57486601724274,39.27704675359375],[-76.57486946740794,39.27704734257156],[-76.57487398735846,39.27704811377288],[-76.57488772415337,39.27705068383354],[-76.57490146445846,39.27705324850071],[-76.57491520362184,39.27705581045981],[-76.57492894511488,39.27705837062426],[-76.57494268428023,39.27706093258015],[-76.57495642343038,39.27706349723668],[-76.57497016139018,39.2770660672919],[-76.57498389698465,39.27706864544378],[-76.57499762905469,39.27707123168825],[-76.57501135757339,39.27707383052893],[-76.57502507782409,39.27707645546028],[-76.57503877442778,39.27707915867104],[-76.57505245685562,39.2770819068672],[-76.5750661392899,39.27708465416097],[-76.57507983590753,39.27708735556546],[-76.57509355856759,39.27708996608526],[-76.57510732261662,39.27709243893612],[-76.57512113402183,39.2770947453151],[-76.57513498090799,39.27709693291973],[-76.5751488455349,39.27709906113647],[-76.57516271016269,39.27710118935153],[-76.5751765582157,39.27710337605474],[-76.57519037547387,39.27710567343907],[-76.57520418207072,39.27710800951611],[-76.57521798630199,39.27711035368983],[-76.57523178814625,39.27711270956325],[-76.57524558643912,39.27711507803291],[-76.57525938001091,39.27711746089614],[-76.57527316884003,39.27711986175586],[-76.57528695176217,39.2771222815087],[-76.57530072876662,39.27712472195611],[-76.57531449752464,39.2771271848912],[-76.57532826033803,39.2771296730246],[-76.57534201489426,39.27713218544719],[-76.57535576468636,39.27713471946932],[-76.57536950621598,39.27713727868139],[-76.57538324063118,39.27713986488906],[-76.5753969655981,39.27714248078623],[-76.57541067995231,39.27714512726946],[-76.575424382508,39.27714780883825],[-76.57543807210089,39.27715052638921],[-76.57545174756115,39.27715328171957],[-76.57546556956032,39.27715595200532],[-76.57547944342151,39.27715867111824],[-76.57549302624075,39.27716180172803],[-76.57550597049472,39.27716570378572],[-76.57551550092299,39.27717378926851],[-76.57552663650763,39.27718013216625],[-76.57554031591306,39.277183391929],[-76.575553894756,39.2771864135248],[-76.57556753944881,39.27718927682225],[-76.575581184105,39.27719214642337],[-76.57559490599175,39.27719547389066],[-76.57560879016521,39.27719957119616],[-76.57561843443972,39.27719540757637],[-76.57562161736463,39.27718429282546],[-76.57562411020574,39.27717345571904],[-76.57562721192916,39.27716274061425],[-76.57563034144451,39.27715202921286],[-76.57563355432136,39.27714133162395],[-76.57563690494344,39.27713066245636],[-76.57564044539797,39.27712003270739],[-76.5756441467493,39.27710943596716],[-76.57564791639041,39.27709885388574],[-76.57565174391239,39.2770882828225],[-76.5756556154189,39.27707772092564],[-76.57565952049551,39.27706716545525],[-76.57566344524592,39.27705661455959],[-76.5756673769434,39.27704606458965],[-76.57567130516291,39.27703551460701],[-76.57567521601878,39.27702496095839],[-76.57567909909683,39.27701440090394],[-76.57568265581281,39.27700376310522],[-76.57569643061386,39.2770061827808],[-76.57571011773729,39.27700892281039],[-76.57572381535675,39.27701165206715],[-76.5757374976796,39.27701441999995],[-76.57575113889688,39.27701727875997],[-76.57576471668735,39.27702027870942],[-76.5757781512016,39.27702514452533],[-76.57577936626926,39.27702409501864],[-76.57578537989831,39.27701889500261],[-76.57578836693709,39.27700816596748],[-76.57579125565969,39.27699740414962],[-76.57579437472874,39.27698669000339],[-76.57579744749883,39.27697596578142],[-76.57580059319989,39.27696525533423],[-76.57580393220455,39.27695458521872],[-76.57580758489085,39.27694398109103],[-76.5758114575036,39.27693342279575],[-76.57581539377566,39.27692287824171],[-76.5758193856106,39.27691234469732],[-76.57582342258337,39.27690182122423],[-76.57582749659761,39.27689130509086],[-76.5758315983873,39.27688079536298],[-76.57583571869714,39.2768702893049],[-76.57583985058422,39.27685978508995],[-76.57584398247012,39.27684928087483],[-76.57584810624765,39.27683877572947],[-76.57585221266696,39.27682826601743],[-76.57585629477448,39.27681775171363],[-76.57586035257557,39.2768072319173],[-76.57586444278779,39.27679671854316],[-76.57586848322948,39.27678619417996],[-76.57587236394249,39.27677563501074],[-76.57587603746458,39.27676503185646],[-76.57587962533806,39.27675440947668],[-76.57588315764649,39.27674377608697],[-76.57588665755236,39.27673313447321],[-76.57589014819656,39.27672249102432],[-76.57589365040739,39.27671185122018],[-76.57589718965441,39.27670121965647],[-76.57590078677138,39.27669060091235],[-76.57590449852943,39.27667999789497],[-76.57590882145126,39.27666952229058],[-76.57591624806611,39.27666098192707],[-76.57591946773631,39.27666174028656],[-76.57593009080335,39.2766642413342],[-76.57594377205365,39.27666698491894],[-76.57595734483191,39.27667003797372],[-76.57597090113875,39.27667313240264],[-76.57598444800307,39.27667625562043],[-76.57599798897165,39.27667939592988],[-76.57601152758592,39.27668254253462],[-76.57602506854619,39.27668568464241],[-76.57603861424562,39.27668880965123],[-76.57605217052725,39.27669190947522],[-76.57606573978971,39.27669497061163],[-76.57607932672791,39.2766979831689],[-76.5760929360474,39.27670093545408],[-76.57610656187822,39.27670384005677],[-76.57612019005492,39.27670674016248],[-76.57613381823808,39.27670963936584],[-76.57614744643315,39.27671253676615],[-76.57616107695799,39.27671543237172],[-76.57617470749463,39.27671832617423],[-76.5761883380486,39.27672121727294],[-76.57620196976791,39.2767241074735],[-76.57621560266342,39.27672699497437],[-76.57622923556544,39.27672988157296],[-76.57624286964366,39.2767327654719],[-76.57625650489261,39.27673564757193],[-76.57627014015887,39.27673852696816],[-76.5762837765959,39.27674140456546],[-76.57629741420371,39.27674428036388],[-76.57631105182337,39.27674715435923],[-76.57632469061924,39.27675002565491],[-76.57633832942692,39.27675289514755],[-76.57635196941081,39.27675576194053],[-76.57636561056546,39.2767586269346],[-76.57637925289627,39.27676148922903],[-76.57639289524437,39.27676434881966],[-76.57640653875784,39.27676720751212],[-76.57642018229386,39.27677006260002],[-76.57643382815969,39.27677291589317],[-76.57644747404269,39.2767757664825],[-76.57646111994292,39.27677861436804],[-76.57647476817286,39.27678146045885],[-76.57648841642003,39.27678430384581],[-76.57650206584334,39.27678714453314],[-76.57651571528389,39.27678998251661],[-76.5765293659006,39.27679281780045],[-76.57654301769345,39.27679565038463],[-76.57655667065706,39.27679848116995],[-76.57657032364325,39.2768013083507],[-76.57658397895916,39.2768041337367],[-76.5765976331387,39.27680695551396],[-76.57661128964796,39.27680977549648],[-76.5766249473387,39.2768125918786],[-76.57663860504671,39.2768154055569],[-76.5766522639308,39.27681821653553],[-76.57666592283751,39.27682102390961],[-76.57667958407389,39.27682382948893],[-76.57669324650253,39.27682662966642],[-76.5767069254474,39.27682938126047],[-76.57672062444446,39.27683207437546],[-76.57673434111133,39.27683471981196],[-76.57674806959952,39.27683732655655],[-76.57676180869642,39.27683990361253],[-76.57677555369638,39.27684246267285],[-76.57678930107431,39.27684501183169],[-76.57680304844787,39.27684756188967],[-76.57681678996332,39.27685012273412],[-76.57683052440798,39.2768527033683],[-76.57684424592811,39.2768553136796],[-76.57685795330575,39.27685796357193],[-76.57687164184608,39.27686066293695],[-76.57688509849007,39.2768639631761],[-76.57689869090626,39.2768682061032],[-76.57689979173225,39.27687737085061],[-76.57689489133615,39.27688772731064],[-76.57689091124624,39.27689826183413],[-76.57688703646204,39.27690882285901],[-76.57688319175519,39.27691939299969],[-76.57687930075973,39.27692995126358],[-76.57687529865616,39.27694048390558],[-76.57687120278544,39.27695099819435],[-76.57686707335282,39.27696150425511],[-76.57686296938864,39.27697201491128],[-76.57685894992315,39.27698254298627],[-76.57685507283324,39.27699310039851],[-76.57685138672417,39.27700369903299],[-76.57684784289948,39.27701434231751],[-76.57684451552014,39.27702503232067],[-76.57684150773653,39.27703576851341],[-76.57683892268317,39.27704655306879],[-76.57683578829429,39.27705811300527],[-76.57683219987604,39.27707040272716],[-76.5768307861871,39.2770816328774],[-76.5768341899917,39.27708999793584],[-76.57684446184703,39.27709407757682],[-76.5768594441237,39.27709536740258],[-76.57687564304763,39.2770963121125],[-76.5768897473467,39.27709926518703],[-76.57690247111307,39.27710419767244],[-76.57691457231262,39.27711013677084],[-76.57692514059838,39.27711698282145],[-76.57693432665552,39.27712434363382],[-76.57694760288825,39.2771281710639],[-76.5769608830503,39.27713192284232],[-76.57697417726594,39.27713565034924],[-76.57698744802511,39.27713942460991],[-76.57700066835001,39.27714329957316],[-76.57701386168257,39.27714723118591],[-76.5770270679206,39.27715113672144],[-76.57704024479578,39.2771525803587],[-76.57705296092932,39.27714713148234],[-76.57706593368961,39.2771429599128],[-76.57707959513608,39.27714360451036],[-76.5770936186122,39.27714650952871],[-76.57710760407299,39.27714859831531],[-76.57712164548762,39.27715004956004],[-76.57713566457711,39.27715155206631],[-76.57714952062597,39.27715357552692],[-76.57716310376011,39.27715647084477],[-76.57717648377415,39.27716000046927],[-76.57718979520793,39.27716375863965],[-76.57720317257406,39.27716734409897],[-76.57721665603302,39.27717062998386],[-76.57723014528791,39.27717391588808],[-76.57724364981412,39.27717716761661],[-76.57725718263902,39.27718033837659],[-76.57727075793282,39.27718338408152],[-76.57728438870659,39.27718626064069],[-76.57729808204809,39.27718894556047],[-76.57731182022974,39.27719149642599],[-76.57732559146889,39.27719394562246],[-76.5773393874867,39.27719632104372],[-76.5773532000041,39.27719865058372],[-76.57736701842441,39.27720096212802],[-76.5773808333098,39.27720328356638],[-76.57739463754038,39.27720564279689],[-76.57740841936044,39.27720806770102],[-76.57742218935604,39.27721053219467],[-76.57743596405807,39.27721298499367],[-76.5774497399307,39.2772154359937],[-76.57746351461317,39.27721789239244],[-76.57747728456967,39.27722036408555],[-76.57749104628043,39.27722285826653],[-76.57750479853303,39.27722538393864],[-76.57751853663794,39.27722795009269],[-76.57753225822918,39.27723056482698],[-76.57754595977623,39.27723323713657],[-76.57755962356264,39.27723602280516],[-76.5775732118536,39.27723903068961],[-76.57758675061235,39.27724218251673],[-76.57760027283612,39.27724538652718],[-76.57761380921509,39.27724854915178],[-76.57762738926409,39.27725157951942],[-76.57764104361419,39.27725439396903],[-76.57765475227906,39.27725704016927],[-76.57766849867434,39.27725957841183],[-76.5776822686836,39.27726204377565],[-76.57769605166729,39.27726447135237],[-76.57770983698585,39.27726689623363],[-76.57772361052302,39.27726935349839],[-76.57773736279822,39.27727187824247],[-76.57775109027035,39.27727448126235],[-76.577764804754,39.27727712476832],[-76.57777850862597,39.2772797988606],[-76.57779220657032,39.27728249544906],[-76.57780589979951,39.27728520553047],[-76.57781959183868,39.27728792101057],[-76.57783328390568,39.27729063198533],[-76.57784698655961,39.27729331687438],[-76.57786069272885,39.27729599546908],[-76.57787438476683,39.27729871184354],[-76.57788804735016,39.27730150917939],[-76.57790167334836,39.27730441717626],[-76.57791530237438,39.27730740084669],[-76.57792875640507,39.27731077301716],[-76.57794185164967,39.27731484198977],[-76.57795479183712,39.27731925990057],[-76.57796760301605,39.27732393406436],[-76.57798025158816,39.27732886255902],[-76.5779927051193,39.27733404256574],[-76.57800493436831,39.27733951901781],[-76.5780169824517,39.27734525243643],[-76.5780289253326,39.27735113680445],[-76.57804083549739,39.27735706609192],[-76.5780527877502,39.27736293427729],[-76.57806484511828,39.27736866682359],[-76.57807696083155,39.27737433292157],[-76.57808903453042,39.27738004840948],[-76.57810096586059,39.27738592822472],[-76.57811265681775,39.27739208190864],[-76.57812416924894,39.27739843852305],[-76.57813559065836,39.27740490019889],[-76.57814694439615,39.27741143819556],[-76.57815825611968,39.27741802558231],[-76.57816954917909,39.2774246336185],[-76.57818084807283,39.2774312353692],[-76.57819217846887,39.27743780210207],[-76.5782035648656,39.27744430688217],[-76.57821503177205,39.27745072097296],[-76.57822667948884,39.2774569384444],[-76.57823857914505,39.27746288658982],[-76.57825057679665,39.27746872699413],[-76.57826251268378,39.27747462482434],[-76.57827422704646,39.27748074524765],[-76.57828554262304,39.27748727318527],[-76.57829613876166,39.27749453446371],[-76.57830631748017,39.27750221850287],[-76.57831656506025,39.27750982171944],[-76.57832482208914,39.27751518749484],[-76.57832737007972,39.27751684414142],[-76.57833901477399,39.27752298862873],[-76.57835120878948,39.27752855319266],[-76.57836360105264,39.27753391219182],[-76.5783758218614,39.27753945433025],[-76.57838681420334,39.27754635581585],[-76.57839678119959,39.2775446188872],[-76.57840585470812,39.27753643287669],[-76.5784148994469,39.27752801706718],[-76.57842392304674,39.27751945255488],[-76.57843293545639,39.27751082044431],[-76.57844194547103,39.2775022009352],[-76.57845096186983,39.2774936769293],[-76.57845998478665,39.27748522590814],[-76.57846900654773,39.27747677398128],[-76.57847802599949,39.27746832024393],[-76.5784870442955,39.27745986560099],[-76.57849606027682,39.27745141004824],[-76.57850507279528,39.27744295178006],[-76.57851408184543,39.27743449169718],[-76.57852308743269,39.27742602889892],[-76.57853208839806,39.27741756338107],[-76.57854108012725,39.27740909152399],[-76.57855005684159,39.2774006106047],[-76.57855901854109,39.2773921206232],[-76.57856796870254,39.27738362159192],[-76.57857690615101,39.27737511620902],[-76.5785858424491,39.27736660901974],[-76.57859475565185,39.27735808733466],[-76.57860361458037,39.27734953212587],[-76.57861241577916,39.27734093977789],[-76.57862121119186,39.27733234560703],[-76.57863000660777,39.27732375053465],[-76.578638799709,39.27731515455261],[-76.57864759281351,39.27730655766911],[-76.57865638360333,39.27729795987585],[-76.5786651732374,39.27728936117704],[-76.57867396287469,39.27728076157678],[-76.578682750192,39.27727216196757],[-76.57869153635362,39.27726356145273],[-76.57870032251842,39.27725496003644],[-76.57870910636322,39.2772463586112],[-76.57871789021124,39.27723775628453],[-76.57872667290357,39.27722915305231],[-76.57873545443481,39.27722054981522],[-76.57874423481037,39.27721194567255],[-76.57875301518911,39.27720334062845],[-76.57876179440674,39.27719473557953],[-76.57877057362232,39.27718613052992],[-76.57877935168219,39.27717752457472],[-76.57878812858094,39.27716891861473],[-76.57879690548292,39.27716031175329],[-76.57880568122384,39.27715170488703],[-76.57881445696265,39.27714309802008],[-76.57882323270466,39.27713449025167],[-76.57883197148162,39.2771258616325],[-76.57884058786389,39.27711715600874],[-76.57884928853085,39.27710850383168],[-76.57885804347302,39.27709988427613],[-76.57886680419173,39.27709126744292],[-76.57887554527593,39.27708263882865],[-76.57888428057943,39.27707400749075],[-76.57889301589144,39.27706537435066],[-76.57890174772984,39.27705674029671],[-76.57891047494118,39.27704810442399],[-76.57891919869489,39.27703946493511],[-76.57892791436069,39.27703082091278],[-76.57893660693129,39.27702216239472],[-76.57894529256751,39.2770135002481],[-76.57895398859458,39.27700484444343],[-76.57896271233238,39.27699620585196],[-76.57897145238242,39.27698677104203],[-76.57898091973316,39.2769826974898],[-76.57899208953708,39.27699035169491],[-76.57900312731415,39.27699720914938],[-76.57901412780441,39.27700410069823],[-76.57902512362368,39.27701099853466],[-76.57903611595759,39.27701789815906],[-76.57904710828831,39.27702479868317],[-76.57905810062115,39.27703169920626],[-76.57906909296149,39.27703859882753],[-76.57908008879144,39.2770454966587],[-76.5790910869628,39.2770523908942],[-76.57910208863443,39.2770592815381],[-76.57911309262607,39.27706617218927],[-76.57912409547163,39.27707306103376],[-76.5791351006425,39.27707994898475],[-76.57914610581555,39.27708683693473],[-76.57915711214962,39.27709372488778],[-76.5791681184912,39.27710061193904],[-76.57917912367596,39.27710749898512],[-76.57919013002183,39.27711438603429],[-76.57920113521087,39.27712127307827],[-76.57921214039139,39.27712816192273],[-76.5792231444151,39.27713505076196],[-76.57923414843559,39.2771419405009],[-76.57924515013498,39.27714883113122],[-76.57925609822111,39.27715577291203],[-76.57925587148482,39.27716371504566],[-76.57924710734363,39.27717232919299],[-76.57923835012723,39.27718094786832],[-76.57922515370545,39.27719393106003],[-76.5792206838728,39.27719818377232],[-76.57921620826635,39.27720243286069],[-76.57921174536487,39.27720668920051],[-76.57920731479024,39.27721096637358],[-76.57920292347458,39.27721526800778],[-76.57919855410344,39.27721958233114],[-76.57919419742659,39.27722390570747],[-76.57918984422072,39.27722822999685],[-76.57918548292844,39.27723254975327],[-76.57918110546933,39.27723685954313],[-76.57917671876486,39.27724116479592],[-76.57917232975808,39.27724546733801],[-76.57916793728458,39.27724976806594],[-76.57916354134443,39.27725406697976],[-76.57915914309659,39.27725836408366],[-76.57915474138208,39.27726265937341],[-76.57915033735989,39.27726695285318],[-76.57914592871741,39.27727124361393],[-76.5791415166136,39.27727553165987],[-76.57913709873064,39.27727981698256],[-76.57913267853992,39.27728410049532],[-76.57912825603619,39.27728838309888],[-76.57912383237827,39.27729266479731],[-76.57911940987876,39.27729694649976],[-76.57911498968598,39.27730123001181],[-76.57911057180509,39.2773055144328],[-76.57910615737917,39.277309802469],[-76.57910174989033,39.27731409323219],[-76.57909734816884,39.27731838851972],[-76.57909295106663,39.27732268652594],[-76.57908855858355,39.27732698725085],[-76.57908416725357,39.27733128888042],[-76.57907977707663,39.2773355914148],[-76.57907538690449,39.27733989304823],[-76.57907099441928,39.27734419377242],[-76.57906660193353,39.27734849449645],[-76.57906221060088,39.27735279612524],[-76.57905781811408,39.27735709684892],[-76.57905342678571,39.2773613975766],[-76.57904903429248,39.27736569920071],[-76.57904464296304,39.27736999992808],[-76.57904025046876,39.27737430155184],[-76.57903585913292,39.27737860317956],[-76.5790314678019,39.27738290390639],[-76.57902707646493,39.27738720553381],[-76.57902268513284,39.27739150626034],[-76.57901829263589,39.27739580788325],[-76.57901390129739,39.27740010951012],[-76.57900950995834,39.27740441113686],[-76.57900511862407,39.27740871186268],[-76.57900072728395,39.27741301348908],[-76.57899633594333,39.27741731511529],[-76.57899194460211,39.27742161674136],[-76.57898755326575,39.27742591746647],[-76.57898316192352,39.27743021909218],[-76.57897877058069,39.27743452071774],[-76.57897437807848,39.27743882233896],[-76.57896998673995,39.27744312306345],[-76.57896559539557,39.27744742468848],[-76.57896120405069,39.27745172631334],[-76.57895681271056,39.27745602703727],[-76.57895242020567,39.27746032865765],[-76.57894802886446,39.27746462938126],[-76.57894363751745,39.27746893100547],[-76.57893924501626,39.27747323172455],[-76.57893485366816,39.2774775333484],[-76.57893046116595,39.2774818340672],[-76.57892606866318,39.27748613478582],[-76.57892167731349,39.27749043640917],[-76.57891728480963,39.2774947371274],[-76.57891289230525,39.27749903784554],[-76.57890849980039,39.27750333856343],[-76.57890410729495,39.27750763928121],[-76.57889971478896,39.27751193999882],[-76.57889532112353,39.27751624071205],[-76.57889092862187,39.27752054052859],[-76.57889058396637,39.27752432520789],[-76.57889627518378,39.27752772258003],[-76.57890176905029,39.27753117509178],[-76.57890725242811,39.27753463747409],[-76.57891273347251,39.27753810255007],[-76.57891821801032,39.27754156493604],[-76.57892371187901,39.27754501744674],[-76.57892921857673,39.27754845649173],[-76.5789347345893,39.27755188836372],[-76.57894025643456,39.27755531395098],[-76.57894577944461,39.27755873864145],[-76.5789513001266,39.27756216512475],[-76.57895681498239,39.27756559699155],[-76.57896232167799,39.2775690369357],[-76.57896781555093,39.27757248944435],[-76.57897329427801,39.27757595540989],[-76.57897876367528,39.27757943125014],[-76.57898422491239,39.27758291516777],[-76.57898967916431,39.27758640446472],[-76.57899512990791,39.27758989915343],[-76.57900057600021,39.27759339652744],[-76.57900602092343,39.27759689569857],[-76.57901146584719,39.27760039486945],[-76.57901691193574,39.27760389314346],[-76.57902236036408,39.27760738782258],[-76.5790278134448,39.27761087981582],[-76.57903326303853,39.27761437359779],[-76.57903871262209,39.27761786918101],[-76.57904416105262,39.27762136385905],[-76.57904961064261,39.27762485854105],[-76.57905506256175,39.27762835142957],[-76.57906051565101,39.2776318425205],[-76.5790659734033,39.27763532912405],[-76.57907143697761,39.2776388112444],[-76.57907690406127,39.27764228797245],[-76.57908237812586,39.27764576022149],[-76.57908785685352,39.27764922798308],[-76.57909334025487,39.27765268945588],[-76.57909883064245,39.27765614554876],[-76.57910432685736,39.27765959625776],[-76.57910984289238,39.27766302722068],[-76.57911538807252,39.27766642946326],[-76.57912092859073,39.27766983619276],[-76.57912643647201,39.27767327433173],[-76.57913191986636,39.2776767376042],[-76.57913739277737,39.27768020984644],[-76.57914286568892,39.27768368208842],[-76.57914838522055,39.27768711035971],[-76.57915321309027,39.27768717629952],[-76.5791575790322,39.27768285926375],[-76.57916195074692,39.27767854585159],[-76.57916632823982,39.27767423516221],[-76.57917071034659,39.27766992809225],[-76.57917509823146,39.27766562374513],[-76.57917949073027,39.27766132301742],[-76.57918388784827,39.27765702500844],[-76.57918828842655,39.27765272971393],[-76.5791926924704,39.27764843623321],[-76.57919709767269,39.27764414275645],[-76.5792015028691,39.27763985018033],[-76.5792059092239,39.27763555760814],[-76.57921030749235,39.27763126050299],[-76.57921471499967,39.27762696883538],[-76.5792191779274,39.27762271249598],[-76.5792237470766,39.27761852409425],[-76.57922851779402,39.27761571908858],[-76.57923496104029,39.27761797156376],[-76.57924141014044,39.27762021415114],[-76.57924789419069,39.27762262170332],[-76.57925252971675,39.2776201386862],[-76.57925670047098,39.27761570564959],[-76.57926056979841,39.27761109318164],[-76.57926659586579,39.27761021039966],[-76.5792735842865,39.27761101729639],[-76.5792805739197,39.2776118151894],[-76.57928756474945,39.27761260678097],[-76.57929455675423,39.27761339567401],[-76.57930154875389,39.27761418546736],[-76.57930854073234,39.27761497886329],[-76.57931553035564,39.27761577855573],[-76.57932251399215,39.27761661065385],[-76.57932949645389,39.27761744544961],[-76.57933648847036,39.27761823253866],[-76.57934348289028,39.27761900522368],[-76.57935047850671,39.27761977160716],[-76.57935747530892,39.27762053349066],[-76.57936447211662,39.27762129447304],[-76.57937146892448,39.27762205545497],[-76.57937846571112,39.27762282003946],[-76.57938546134966,39.27762358281792],[-76.57939245815795,39.27762434379861],[-76.57939945496108,39.27762510567963],[-76.57940645174833,39.27762587026245],[-76.57941344735011,39.27762663934447],[-76.57942044059673,39.27762741472299],[-76.57942743379547,39.27762819820777],[-76.5794344258034,39.27762898709248],[-76.57944141662585,39.27762978047634],[-76.57944840743777,39.27763057566126],[-76.57945539709092,39.27763137084168],[-76.57946238790313,39.27763216602578],[-76.57946937872089,39.27763296030873],[-76.57947636835311,39.27763375909085],[-76.57948335798551,39.27763455787253],[-76.57949034879839,39.27763535305498],[-76.57949734080773,39.27763614193596],[-76.57950433761313,39.27763690381072],[-76.57951129971337,39.27763726381966],[-76.5795176316135,39.2776348391095],[-76.57952403934149,39.27763252636529],[-76.57953035292192,39.27763006375667],[-76.57953665732109,39.2776275858019],[-76.57954295598378,39.27762509791786],[-76.57954924889941,39.27762260190596],[-76.57955554066633,39.27762010408816],[-76.57956183359707,39.27761760537334],[-76.57956812765427,39.27761511206685],[-76.57957442746307,39.27761262598673],[-76.57958073185914,39.27761014802958],[-76.57958703970492,39.27760767458824],[-76.57959334869318,39.27760520385294],[-76.57959965883462,39.27760273402224],[-76.5796059689756,39.27760026419115],[-76.57961227681429,39.27759779164922],[-76.57961858235598,39.27759531549565],[-76.57962488675965,39.2775928357346],[-76.57963119115753,39.27759035687399],[-76.57963749784621,39.27758788252505],[-76.57964380913285,39.27758541449757],[-76.57965012271021,39.27758295098176],[-76.57965643744078,39.27758048837052],[-76.57966275102794,39.27757802305257],[-76.57966906001096,39.27757555231318],[-76.57967536440579,39.27757307345019],[-76.5796816642017,39.27757058826501],[-76.57968796055241,39.27756809766262],[-76.57969425575978,39.27756560435345],[-76.5797005498077,39.27756311103983],[-76.57970684500883,39.27756061863076],[-76.57971314250604,39.2775581298326],[-76.57971944344762,39.27755564645104],[-76.57972574783889,39.27755316758535],[-76.57973205337265,39.27755069142563],[-76.57973836121322,39.2775482170754],[-76.57974466903732,39.27754574542705],[-76.57975097917355,39.2775432746874],[-76.57975728815039,39.27754080394325],[-76.57976359828035,39.2775383341037],[-76.57976990841527,39.27753586336302],[-76.57977621623718,39.27753339171296],[-76.57978252636583,39.27753092187235],[-76.57978884798216,39.27752846918702],[-76.57979466032144,39.27752688211597],[-76.57979784396488,39.27753178015514],[-76.57980104730544,39.27753667916546],[-76.57980420885518,39.27754158973612],[-76.57980737040543,39.27754650030669],[-76.57981053079713,39.27755141087304],[-76.57981369118394,39.27755632234001],[-76.57981685157652,39.27756123290613],[-76.5798200119642,39.27756614437293],[-76.5798231711934,39.27757105583549],[-76.57982632926405,39.27757596729382],[-76.57982948617088,39.27758087964862],[-76.57983264307815,39.2775857920034],[-76.57983579882159,39.27759070525464],[-76.57983895340654,39.27759561850165],[-76.57984210683294,39.27760053174441],[-76.57984525909553,39.27760544588369],[-76.5798484101943,39.27761036091948],[-76.57985156013453,39.27761527595102],[-76.57985470775199,39.27762019187492],[-76.57985785536985,39.27762510779875],[-76.57986100182926,39.27763002371833],[-76.57986275419798,39.27763276200637],[-76.57986414828373,39.27763494053857],[-76.57986729242077,39.27763985735044],[-76.57987043771186,39.27764477506709],[-76.57987358069086,39.27764969187459],[-76.57987672482388,39.27765460958691],[-76.57987986779835,39.277659527295],[-76.57988301077333,39.27766444500302],[-76.57988615374867,39.27766936271093],[-76.57988929672452,39.27767428041872],[-76.57989243970074,39.27767919812646],[-76.57989558267745,39.27768411583409],[-76.57989872681351,39.27768903354578],[-76.57990187095537,39.27769395035665],[-76.57990501625123,39.27769886807229],[-76.57990816155286,39.27770378488712],[-76.57991130686028,39.27770870080107],[-76.57991445448071,39.277713617624],[-76.57991760210689,39.27771853354609],[-76.57992075089778,39.27772344857147],[-76.57992390200697,39.27772836360504],[-76.5799270542809,39.27773327774195],[-76.57993028322693,39.27773816152698],[-76.57993351565557,39.27774304442356],[-76.5799364331574,39.27774807031616],[-76.57994130969224,39.27775185835782],[-76.57994693419671,39.27775518157732],[-76.57995255637849,39.27775850568896],[-76.57995817271808,39.27776183788637],[-76.57996376574592,39.27776519251923],[-76.57996934011395,39.27776856690191],[-76.57997493197324,39.27777192333154],[-76.579980580984,39.27777521871329],[-76.57998640026776,39.27777833455075],[-76.57999217522409,39.27778149887064],[-76.57999489155117,39.27778546474291],[-76.57999107552547,39.27779008553217],[-76.57999297457731,39.27779291081602],[-76.57999985849902,39.2777941460598],[-76.58000674359592,39.27779537860507],[-76.5800136275128,39.27779661474874],[-76.58002051026558,39.27779785178868],[-76.58002739417755,39.27779908883229],[-76.58003427693087,39.2778003258714],[-76.58004116084334,39.27780156291421],[-76.58004804359715,39.27780279995252],[-76.58005492751541,39.2778040360938],[-76.58006181143395,39.27780527223467],[-76.58006869535269,39.27780650837516],[-76.58007557927705,39.27780774361448],[-76.58008246321765,39.27780897615117],[-76.58008935066725,39.27781020329539],[-76.5800962369795,39.2778114268321],[-76.5801031244403,39.27781265217401],[-76.58011000954077,39.2778138847132],[-76.58011688993638,39.27781512894514],[-76.58012376795573,39.27781638307661],[-76.58013064477373,39.27781764440944],[-76.58013751925809,39.27781890843587],[-76.58014439488566,39.27782017516824],[-76.5801512693652,39.2778214400946],[-76.58015814384495,39.27782270502055],[-76.58016501712339,39.27782397714791],[-76.58017189513377,39.27782523307802],[-76.58017750899876,39.27782448118841],[-76.58017928035277,39.27781911716011],[-76.58018104447571,39.27781379994569],[-76.58018280049106,39.27780848180151],[-76.58018454840952,39.27780316092605],[-76.5801862916919,39.27779784003398],[-76.58018802919003,39.27779251731965],[-76.58018976668785,39.27778719460531],[-76.58019149377093,39.27778186915144],[-76.5801931699081,39.27777653540856],[-76.58019507107413,39.27777175734102],[-76.58020205007341,39.27777298570666],[-76.58020899086794,39.27777401126323],[-76.58021592807391,39.27777505572261],[-76.58022284870314,39.27777615957285],[-76.5802297586729,39.27777730211744],[-76.58023666626103,39.27777845546233],[-76.58024357740088,39.2777795962088],[-76.580250498015,39.27778070275964],[-76.58025742222874,39.27778178860531],[-76.58026435113706,39.27778286455898],[-76.58027128124715,39.27778393331038],[-76.58027821135747,39.27778500206141],[-76.58028514029307,39.27778607351008],[-76.58029206804331,39.27778714945797],[-76.58029899695802,39.2777882245088],[-76.58030592589425,39.2777892959563],[-76.58031285601625,39.27779036290379],[-76.58031978731344,39.27779142715271],[-76.58032671863208,39.2777924877983],[-76.58033772022299,39.2777941412774],[-76.58033795209596,39.27779961425193],[-76.58033774924726,39.27780510549007],[-76.58033773524272,39.27781060821206],[-76.58033612999776,39.27781591068347],[-76.58033425707337,39.27782120589304],[-76.58033238647192,39.27782650021018],[-76.58033051586494,39.27783179542796],[-76.58032864641656,39.27783709064989],[-76.58032677812687,39.27784238587592],[-76.5803249109905,39.27784768200676],[-76.58032304501285,39.27785297814171],[-76.58032117903485,39.27785827427664],[-76.58031931421556,39.27786357041566],[-76.58031744939595,39.27786886655466],[-76.58031558572972,39.2778741635985],[-76.58031372206857,39.27787945974156],[-76.58031185956071,39.27788475678946],[-76.58030999589896,39.27789005293245],[-76.58030813339055,39.27789534998032],[-76.58030627204081,39.27790064703224],[-76.58030440953185,39.27790594407998],[-76.5803025470226,39.27791124112768],[-76.58030068567737,39.27791653727877],[-76.5802988717741,39.27792184621004],[-76.58029708913017,39.27792716065755],[-76.58029503682417,39.27793241108793],[-76.58029267551581,39.27793758655137],[-76.58029028990119,39.27794275652335],[-76.58028797140393,39.2779479438496],[-76.58028565637784,39.277953132089],[-76.58028334366934,39.27795832033657],[-76.58028103327304,39.27796350949318],[-76.58027872634797,39.27796869956286],[-76.58027642289403,39.27797389054573],[-76.58027412407021,39.27797908244576],[-76.58027182755865,39.27798427525482],[-76.58026953451827,39.27798946897702],[-76.58026724263115,39.27799466360398],[-76.58026495190796,39.27799985733437],[-76.58026266117916,39.27800505196539],[-76.58026037044998,39.27801024659639],[-76.5802580774079,39.27801544031829],[-76.58025578320652,39.27802063403598],[-76.58025348437968,39.27802582593561],[-76.5802511809221,39.27803101691786],[-76.58024887052107,39.27803620607366],[-76.58024655780717,39.27804139432043],[-76.58024424624655,39.27804658347204],[-76.58024193816237,39.27805177263601],[-76.58023963701564,39.27805696452699],[-76.58023738215194,39.27806216919404],[-76.58023521290096,39.27806739938846],[-76.58023305868937,39.27807263414033],[-76.58023084778483,39.27807785247585],[-76.58022850730671,39.2780830316153],[-76.58022596320481,39.27808815057654],[-76.58022326870017,39.27809322486271],[-76.58022055915538,39.27809829459126],[-76.5802178357242,39.27810336066701],[-76.58021510072439,39.2781084230983],[-76.58021235299707,39.27811348188098],[-76.58020959485476,39.27811853792407],[-76.58020682746182,39.27812359033096],[-76.58020405080755,39.27812864090315],[-76.58020126605615,39.27813368874408],[-76.58019847552031,39.27813873476268],[-76.58019567804101,39.27814377895488],[-76.58019287593618,39.27814882132893],[-76.58019007035942,39.27815386278977],[-76.58018726131073,39.27815890333734],[-76.58018444994373,39.27816394387651],[-76.58018163742275,39.27816898351077],[-76.58017882606028,39.27817402314908],[-76.58017601469746,39.2781790627873],[-76.58017320448778,39.27818410333035],[-76.58017039774928,39.27818914478654],[-76.58016759448192,39.27819418715575],[-76.5801647958446,39.27819923044226],[-76.58016200299103,39.2782042755509],[-76.58015921707475,39.27820932338653],[-76.58015643810647,39.27821437214771],[-76.58015366838806,39.27821942454488],[-76.58015090793026,39.27822447877669],[-76.58014815788127,39.27822953664869],[-76.58014541824114,39.27823459816081],[-76.5801426924921,39.27823966242487],[-76.5801399783055,39.27824473123398],[-76.58013728031723,39.27824980460479],[-76.58013459621471,39.2782548816282],[-76.58013192831041,39.2782599632133],[-76.58012927891707,39.27826505026906],[-76.58012664687563,39.27827014279138],[-76.5801240333451,39.27827524078439],[-76.58012144179695,39.27828034516128],[-76.58011891157166,39.27828546687182],[-76.58011645885735,39.27829061227931],[-76.58011407556786,39.27829577685096],[-76.58011175474962,39.27830096056194],[-76.58010948831119,39.27830615978026],[-76.58010726815067,39.27831137267542],[-76.58010508732492,39.27831659742112],[-76.58010293890158,39.27832183038949],[-76.58010081360905,39.27832707154739],[-76.58009870336126,39.27833231636206],[-76.58009660236877,39.27833756391209],[-76.58009450137602,39.27834281146206],[-76.58009239459351,39.27834805809054],[-76.58009027161729,39.27835329925649],[-76.58008812781155,39.27835853494334],[-76.58008595277242,39.27836376061007],[-76.58008374070499,39.27836897623594],[-76.58008151591014,39.27837418821325],[-76.58007929689903,39.27837940201268],[-76.58007707210345,39.27838461398984],[-76.58007483342145,39.27838982231429],[-76.58007257159201,39.27839502515129],[-76.58007027737017,39.27840021796406],[-76.58006792876233,39.27840539617011],[-76.58006527805603,39.27841050754022],[-76.58006250815288,39.27841558875882],[-76.58005998716354,39.27842071500482],[-76.58005804955701,39.27842596674123],[-76.58005631326927,39.27843147231223],[-76.58005497277367,39.27843707568014],[-76.58005459392126,39.27844253566153],[-76.5800557760343,39.2784476346127],[-76.58005907029111,39.27845245647374],[-76.58006378074052,39.27845690057296],[-76.58006897898758,39.27846077983501],[-76.58007448635034,39.27846412785007],[-76.58008044200159,39.27846712436779],[-76.58008665643968,39.27846986869555],[-76.58009293900396,39.27847246013652],[-76.58009923857239,39.27847492012636],[-76.58010566087121,39.27847720490544],[-76.58011216501171,39.27847936927431],[-76.58011870895693,39.27848146622775],[-76.58012525065922,39.27848355056211],[-76.58013183692998,39.2784855458797],[-76.58013848992796,39.2784874288399],[-76.58014515583469,39.27848928482293],[-76.58015178546766,39.27849119922558],[-76.58015832732106,39.27849325833722],[-76.58016473105349,39.27849554755053],[-76.58017103759619,39.27849800485905],[-76.58017732300632,39.27850050803075],[-76.58018358497125,39.27850305615652],[-76.5801898223267,39.27850565013298],[-76.58019603044221,39.27850828904284],[-76.58020220816415,39.27851097198118],[-76.58020835201569,39.2785136989356],[-76.58021446084312,39.27851646900125],[-76.58022053232862,39.2785192821698],[-76.5802265641649,39.27852213663152],[-76.58023255286447,39.27852503417545],[-76.5802385226695,39.27852799110202],[-76.5802444537285,39.27853103256172],[-76.58025030305882,39.2785341755154],[-76.58025602648682,39.27853744232435],[-76.58026158218888,39.27854084995374],[-76.5802669248378,39.27854441985986],[-76.5802720207278,39.27854816813614],[-76.58027696960922,39.27855208162755],[-76.58028178896234,39.27855614418277],[-76.58028643942521,39.27856034845513],[-76.58029087815906,39.27856468708536],[-76.58029506463765,39.27856915362342],[-76.58029895602205,39.27857374071012],[-76.58030251295042,39.27857844099866],[-76.58030577130766,39.27858326182348],[-76.58030879720235,39.2785881953139],[-76.58031162202755,39.27859322446765],[-76.58031427952098,39.2785983277868],[-76.58031680339346,39.27860348827745],[-76.58031922389527,39.27860868623075],[-76.58032157591235,39.2786139019546],[-76.58032389200203,39.27861911755002],[-76.58032620357875,39.27862431241168],[-76.58032849778739,39.27862950450898],[-76.58033072809381,39.27863472340079],[-76.58033288060646,39.27863996633522],[-76.58033494142312,39.27864523236192],[-76.5803368966416,39.27865052053033],[-76.58033873004707,39.27865582898111],[-76.58034043006597,39.27866115497052],[-76.5803419793085,39.27866649933731],[-76.58034334523855,39.27867187637737],[-76.58034448950379,39.27867730396901],[-76.58034541681464,39.27868276951838],[-76.58034613307242,39.27868825503126],[-76.58034664183918,39.27869374610816],[-76.58034694899494,39.27869922835782],[-76.58034696998884,39.27870469247056],[-76.58034648334748,39.27871015657112],[-76.58034566986331,39.27871562220623],[-76.58034474394387,39.27872109014189],[-76.58034391652524,39.27872656023101],[-76.5803432327377,39.27873204434474],[-76.58034243519076,39.278737558678],[-76.58034174664459,39.2787430634923],[-76.58034141771182,39.27874851284325],[-76.58034231238319,39.27875381433677],[-76.58034637388171,39.2787584470676],[-76.58035084567391,39.27876268582852],[-76.58035553487429,39.27876681006816],[-76.58036034511866,39.27877084826667],[-76.5803655806302,39.27877470422838],[-76.58037142486577,39.27877832095962],[-76.58037665158625,39.2787820958206],[-76.58037999966618,39.27878644586369],[-76.58038114502048,39.2787918860694],[-76.5803805016875,39.27879778107636],[-76.580378319351,39.27880306617219],[-76.58037438267777,39.27880730912131],[-76.58036876096615,39.27881094253801],[-76.58036244413449,39.27881394203512],[-76.58035575343638,39.27881607546222],[-76.58034780564954,39.27881715951074],[-76.58034011680641,39.2788181607128],[-76.58033438448075,39.27882011650917],[-76.58033187594333,39.27882392228406],[-76.58033170063177,39.278829264092],[-76.58033316118653,39.27883529902812],[-76.58033565524013,39.27884119173293],[-76.58033868212036,39.27884615675243],[-76.58034293624578,39.27885035870526],[-76.58034813359639,39.27885420101981],[-76.58035358637757,39.27885796678095],[-76.58035860099432,39.27886193995376],[-76.58036300080244,39.27886639734266],[-76.58036552682195,39.27887139299958],[-76.58036562904063,39.27887684118844],[-76.58036501883022,39.27888242645055],[-76.58036474413016,39.27888791652952],[-76.58036447988204,39.27889340304273],[-76.58036421562851,39.27889889045672],[-76.58036395021594,39.2789043778665],[-76.58036368364976,39.27890986437146],[-76.58036341591924,39.27891535177294],[-76.58036314818865,39.27892083917445],[-76.58036287930442,39.27892632567105],[-76.5803626092558,39.27893181306426],[-76.58036233805358,39.27893729955256],[-76.58036206568698,39.27894278693748],[-76.58036179332035,39.27894827432238],[-76.58036151980001,39.27895376080239],[-76.5803612451154,39.27895924817896],[-76.58036097043599,39.27896473465479],[-76.58036069343335,39.2789702220231],[-76.58036041643592,39.27897570849063],[-76.58036013827957,39.27898119495399],[-76.5803598601178,39.27898668231816],[-76.5803595796434,39.27899216877321],[-76.58035929916896,39.27899765522831],[-76.58035901753554,39.27900314167923],[-76.58035873474306,39.27900862812603],[-76.58035845194522,39.27901411547352],[-76.58035816799369,39.27901960191618],[-76.58035788288319,39.27902508835462],[-76.58035736024331,39.27903056403604],[-76.58035701488245,39.27903604755692],[-76.58035669849565,39.27904153118136],[-76.58035325509864,39.27904604431961],[-76.58034764063224,39.27904942915004],[-76.58034189287085,39.27905261983959],[-76.58033610246692,39.27905576984209],[-76.58033027866557,39.27905888369447],[-76.58032442954763,39.27906196683004],[-76.5803184987553,39.27906494608558],[-76.58031186896156,39.27906637983377],[-76.58030497082756,39.27906517428365],[-76.58029808322041,39.27906395255697],[-76.58029119563479,39.27906272722691],[-76.5802843092297,39.27906149829765],[-76.58027742399447,39.27906026757059],[-76.58027053877012,39.27905903504165],[-76.58026365471035,39.27905780161571],[-76.58025677065611,39.27905656728858],[-76.58024988544314,39.27905533295697],[-76.58024300138403,39.27905409952977],[-76.5802361161556,39.2790528678996],[-76.58022922975772,39.2790516380663],[-76.58022234334412,39.27905041093486],[-76.58021545575582,39.27904918650112],[-76.58020856814107,39.27904796657069],[-76.58020167818201,39.27904675113531],[-76.58019478703226,39.27904554109983],[-76.58018789353279,39.27904433646013],[-76.58018099883726,39.27904313812115],[-76.58017410178148,39.27904194697943],[-76.58016720352423,39.27904076303912],[-76.58016030291738,39.27903958449457],[-76.58015340112505,39.27903841044918],[-76.58014649815274,39.27903724000228],[-76.58013959515399,39.27903607405866],[-76.58013268981621,39.27903491170935],[-76.58012578329833,39.27903375295846],[-76.58011887677006,39.27903259600866],[-76.58011196906169,39.27903144265727],[-76.58010506134293,39.27903029110698],[-76.58009815244941,39.27902914225441],[-76.58009124355078,39.27902799430214],[-76.58008433464704,39.27902684725026],[-76.58007742457924,39.27902570109452],[-76.58007051450633,39.27902455583914],[-76.58006360442832,39.27902341148408],[-76.58005669551481,39.27902226623203],[-76.58004978544791,39.27902112007469],[-76.58004287538118,39.27901997391689],[-76.58003596648433,39.27901882596141],[-76.58002905759311,39.2790176771047],[-76.58002214987164,39.27901652645031],[-76.58001524216641,39.27901537309324],[-76.58000833447213,39.27901421793429],[-76.58000142911729,39.2790130591802],[-76.57999452497494,39.27901189142245],[-76.57998762792528,39.27901070026977],[-76.57998073442205,39.27900949741942],[-76.57997384091908,39.27900829456861],[-76.57996694386478,39.27900710431544],[-76.57996004089324,39.2790059347583],[-76.57995313437038,39.27900477779877],[-76.57994622668342,39.27900362173538],[-76.5799393225269,39.27900245667664],[-76.57993242427746,39.2790012727225],[-76.57992553549195,39.27900005637427],[-76.57991867392823,39.27899874464201],[-76.57991182770327,39.27899738702517],[-76.57990496495435,39.27899607979167],[-76.57989807023634,39.27899488684052],[-76.57989115661243,39.27899375507332],[-76.57988423471065,39.27899265119979],[-76.57987731516965,39.27899154012818],[-76.57987040745324,39.27899038946482],[-76.57986351750019,39.27898917491032],[-76.57985663583084,39.27898793156061],[-76.57984974944056,39.2789867026058],[-76.57984284586874,39.27898543936011],[-76.57983598846937,39.27898499057022],[-76.57982986153377,39.27898762230529],[-76.57982415280148,39.27899087346044],[-76.57981844647188,39.27899411021169],[-76.57981274934953,39.27899735780483],[-76.57980705338024,39.27900060630254],[-76.57980134934039,39.27900384756499],[-76.57979563033479,39.27900707165911],[-76.5797898952099,39.27901027767992],[-76.57978415547529,39.27901347918022],[-76.57977841342759,39.27901667977118],[-76.57977267023637,39.27901987765543],[-76.57976692473741,39.27902307372968],[-76.5797611780896,39.27902626799798],[-76.57975543028232,39.27902946226183],[-76.57974968132623,39.27903265471975],[-76.57974393237498,39.27903584627668],[-76.5797381834232,39.27903903783329],[-76.5797324333119,39.27904222938547],[-76.5797266843591,39.27904542094154],[-76.57972093540043,39.27904861339807],[-76.5797151876002,39.27905180585845],[-76.57970944094774,39.27905500012418],[-76.57970369545376,39.27905819439378],[-76.57969795226114,39.27906139137363],[-76.57969221022168,39.27906458925808],[-76.57969002142691,39.27906978063828],[-76.57968806624667,39.27907505662552],[-76.57968620134815,39.27908035275263],[-76.57968435728404,39.27908565345803],[-76.57968251669121,39.2790909550766],[-76.57968066568341,39.27909625395559],[-76.57967881003948,39.27910155281788],[-76.5796769544006,39.27910685077948],[-76.57967509876146,39.27911214874096],[-76.57967324195772,39.27911744759905],[-76.57967138631803,39.27912274556053],[-76.5796695341496,39.27912804443514],[-76.57966768544715,39.27913334512363],[-76.57966583211923,39.279138643994],[-76.57966397069428,39.27914394013307],[-76.57966209305948,39.27914923351178],[-76.57965615297427,39.27915064537056],[-76.57965439943524,39.27915514201668],[-76.5796535766903,39.27916059590343],[-76.57965276205793,39.27916604981916],[-76.57965196827089,39.27917150651177],[-76.57965119418085,39.2791769641756],[-76.57965040734206,39.2791824217938],[-76.579649577648,39.27918787475482],[-76.57964868540685,39.27919332118663],[-76.57964775146412,39.27919876386614],[-76.57964679203994,39.2792042037521],[-76.57964582334387,39.27920964360492],[-76.57964486044246,39.27921508347846],[-76.57964391723276,39.27922052522396],[-76.57964301108852,39.27922597070512],[-76.57964214895824,39.27923142084764],[-76.57964132389885,39.27923687382512],[-76.57964051968474,39.27924232957947],[-76.5796397258959,39.27924778627187],[-76.57963892631747,39.27925324204279],[-76.57963810820607,39.27925869594583],[-76.57963725881832,39.27926414703462],[-76.57963637699541,39.27926959530505],[-76.57963548011637,39.27927504172006],[-76.57963458902671,39.27928048905649],[-76.57963371878769,39.27928593826906],[-76.57963285665598,39.27929138841141],[-76.57963199800109,39.2792968385662],[-76.57963114282295,39.27930228873341],[-76.57963028879828,39.27930773980548],[-76.57962943361453,39.27931319087343],[-76.57962857727703,39.27931864103646],[-76.57962771862145,39.27932409119117],[-76.57962685880678,39.27932954134171],[-76.57962599783301,39.27933499148808],[-76.57962513801806,39.27934044163861],[-76.579624278203,39.2793458917891],[-76.57962341722879,39.27935134193543],[-76.57962255741344,39.27935679208591],[-76.57962169643902,39.27936224223222],[-76.57962083662342,39.27936769238261],[-76.57961997680769,39.27937314253306],[-76.57961911583287,39.2793785926793],[-76.57961825601687,39.27938404282969],[-76.57961739504172,39.27938949297592],[-76.57961653522547,39.27939494312628],[-76.57961567425012,39.27940039327249],[-76.5796148144336,39.27940584342283],[-76.57961395345792,39.27941129356901],[-76.57961309364114,39.27941674371932],[-76.57961223382421,39.2794221938696],[-76.57961137284819,39.27942764401573],[-76.57961051303101,39.27943309416599],[-76.57960965321369,39.27943854431624],[-76.57960879339623,39.27944399446645],[-76.57960793357866,39.27944944461668],[-76.57960707376094,39.27945489476687],[-76.57960621394309,39.27946034491706],[-76.57960535411978,39.27946579596796],[-76.57960449777853,39.27947124613053],[-76.57960365070369,39.27947669722708],[-76.57960279435686,39.27948214829039],[-76.57960191368753,39.27948759656433],[-76.57960102375159,39.27949304390433],[-76.57960013034393,39.27949849033114],[-76.57959923808981,39.27950393766283],[-76.57959835278935,39.27950938501937],[-76.57959748022682,39.27951483422302],[-76.57959662619702,39.27952028529451],[-76.57959578259789,39.27952573640331],[-76.57959494594174,39.27953118933852],[-76.57959410813187,39.27953664136882],[-76.57959326337335,39.27954209247343],[-76.57959240470701,39.27954754352826],[-76.57959153446147,39.27955299274012],[-76.57959065726733,39.27955844102631],[-76.57958977891406,39.27956388930836],[-76.57958890287327,39.2795693384994],[-76.57958803726308,39.27957478772777],[-76.57958718439083,39.27958023880326],[-76.57958634773875,39.27958569083756],[-76.57958552150664,39.27959114471066],[-76.57958470222823,39.27959659860861],[-76.57958388642662,39.27960205251906],[-76.57958306946058,39.27960750732603],[-76.57958224902288,39.2796129612198],[-76.57958142047752,39.27961841418379],[-76.57958058034761,39.27962386620557],[-76.5795795054968,39.27962961554012],[-76.57960242606772,39.27963232150411],[-76.57971132987419,39.27965215783328],[-76.57983839504946,39.27966420436277],[-76.57994748539902,39.27969894698735],[-76.58000105333382,39.2797187085481],[-76.58007905863607,39.27976631180042],[-76.58011132561026,39.27979856371868],[-76.58011905734419,39.27982460542941],[-76.58011909471882,39.27982592788494],[-76.58011947123832,39.27983927135099],[-76.58010393995291,39.27987541304169],[-76.58010480434847,39.27987975871614],[-76.58009483591054,39.27989402811727],[-76.58006225453708,39.27994053879733],[-76.58004264574188,39.27996846984745],[-76.58002704283815,39.2799908538989],[-76.5799501122459,39.28010074857789],[-76.57992328703369,39.28013911257302],[-76.57991145574789,39.28015596859561],[-76.57995576202038,39.28018283830725],[-76.58013631067871,39.28029202049873],[-76.58014835159389,39.28029947052217],[-76.5801753944763,39.28027190651694],[-76.58019745809621,39.2802494581643],[-76.58022036370164,39.28022613186919],[-76.58025315982832,39.28019289017258],[-76.58027793836079,39.2801677996566],[-76.58030170075371,39.28014363329164],[-76.5803197019397,39.28012530490732],[-76.58035393447098,39.28009060907618],[-76.5803778101445,39.28006628906944],[-76.58040282276394,39.28004099308782],[-76.58041999452423,39.28002356429056],[-76.58042047608146,39.28002307599503],[-76.58044625654286,39.27999689279172],[-76.58048251489309,39.27996004052264],[-76.58051453220817,39.2799275345963],[-76.58052672965346,39.27991517103048],[-76.58054379165253,39.27989786973126],[-76.58056314384108,39.27987821480378],[-76.58057787157382,39.27986326876929],[-76.5805900650107,39.27985079528919],[-76.58059634820688,39.27984448084804],[-76.58061962892214,39.27985823667292],[-76.58072572381022,39.27992104379469],[-76.58077134517086,39.27994800526836],[-76.58080888174169,39.27997019174456],[-76.58084436977377,39.27999130259207],[-76.58088055956215,39.2800127149863],[-76.58092059007924,39.28003632632633],[-76.58099993251173,39.28008376168393],[-76.58104275614041,39.2801093655269],[-76.58108094575917,39.28013247302325],[-76.58110592795281,39.28014742923144],[-76.58113416613836,39.28016448952034],[-76.58117503293076,39.28018900451825],[-76.58120203554471,39.28020529653684],[-76.58123318946313,39.28022399217576],[-76.58124570721822,39.28023157349654],[-76.58128361289184,39.28022661840959],[-76.5813076858319,39.28022342273794],[-76.58131939885129,39.28022183951067],[-76.5813212189319,39.28022294402975],[-76.58133561740577,39.28023137245751],[-76.58137844684755,39.28025661589136],[-76.5814150610681,39.28027803863847],[-76.58143822398472,39.28029177406166],[-76.58152584912601,39.28034317581253],[-76.58155398544388,39.28035965554389],[-76.58157278764793,39.28037073526566],[-76.58158074108771,39.2803754007312],[-76.58158894350989,39.28038029767873],[-76.58159445758788,39.28043658985136],[-76.58161105546345,39.2804484408755],[-76.58163250586628,39.28046328530526],[-76.58165886932672,39.28048147285],[-76.58167549326183,39.28049303571312],[-76.58168738431566,39.28050136418963],[-76.58170623205692,39.28051436267887],[-76.58171054509039,39.28052039874474],[-76.58172884991582,39.28053151720391],[-76.58175636486344,39.28054843424559],[-76.58178973894519,39.28056864281598],[-76.58181215785621,39.28058239262914],[-76.58184577726522,39.28060306504937],[-76.58186927990255,39.28061740060298],[-76.58190256461199,39.28063783851731],[-76.58193586685286,39.28065825486608],[-76.58198227465606,39.28068664456868],[-76.58198527449748,39.28068836309286],[-76.58200045952621,39.28068823607834],[-76.58204722102029,39.28068768006362],[-76.58208705466319,39.28068719306137],[-76.58212664182741,39.28068663941297],[-76.58216937183657,39.28068635184722],[-76.58224046857589,39.2806860994025],[-76.58227855814532,39.28068596373564],[-76.5823035422802,39.28068590125503],[-76.58231510504029,39.2806931160562],[-76.58235702679667,39.28071888915212],[-76.58238063152784,39.28073342853808],[-76.58240346506498,39.2807476517116],[-76.58242241299814,39.28075921732513],[-76.58245103959656,39.28077654529925],[-76.5824814989812,39.28079499312518],[-76.58250410076312,39.28080882092036],[-76.58252599973649,39.28082213457935],[-76.58253801409934,39.28084144281758],[-76.58254844856638,39.2808584142626],[-76.58255898735693,39.28087558154311],[-76.5825678669562,39.28088970555041],[-76.5825898157364,39.28092450349278],[-76.58260619584171,39.28094997404983],[-76.58263835411545,39.28099980778035],[-76.58266512570677,39.28104109933538],[-76.58268115983002,39.28106707398013],[-76.58271468897276,39.28112110741509],[-76.5827346291432,39.28115317428212],[-76.58275387076483,39.28118459461796],[-76.58276855912203,39.28120823869698],[-76.58278185646569,39.28122974752685],[-76.58280071588582,39.28126014232816],[-76.58282552414572,39.28127543803382],[-76.58287315084378,39.28130461627076],[-76.58292080851933,39.28133385494916],[-76.58295618061554,39.28135558806229],[-76.58298962759903,39.28137613613105],[-76.58302815773972,39.28139990084663],[-76.58307246187834,39.28142687384685],[-76.58311607858606,39.28145367684819],[-76.58317284268546,39.28148848563674],[-76.58320628291969,39.2815090201072],[-76.58324841026656,39.2815350521245],[-76.58328914149379,39.28155981810445],[-76.583316270315,39.28157650010521],[-76.58334978137933,39.28159702667836],[-76.58338929228916,39.28162158292012],[-76.58339965940854,39.28161218058737],[-76.58343252757005,39.28158271157403],[-76.58344948733463,39.28159323228703],[-76.58348175899184,39.28161304552605],[-76.58351074038326,39.28163124373037],[-76.58354484554792,39.28165226146844],[-76.58357893158032,39.28161769750965],[-76.58363473452756,39.28156236685179],[-76.58367867849329,39.28151824287197],[-76.58373332698814,39.28146408086873],[-76.58377704764752,39.28142006775455],[-76.58381654039459,39.28138094700419],[-76.5838679486793,39.28132963968636],[-76.58389875114764,39.28129878415391],[-76.58393084545386,39.28126701711238],[-76.5839757122817,39.28122219008902],[-76.58402684628355,39.28117136724025],[-76.58406041607587,39.28113779305114],[-76.58410201623391,39.28116341665362],[-76.58415312463941,39.28119524233325],[-76.58418778137488,39.28121667348914],[-76.58418335585328,39.28122148141237],[-76.58413784717087,39.28126787086866],[-76.58410024559164,39.28130630393483],[-76.58407051541796,39.28133674536245],[-76.58403469794986,39.28137352191484],[-76.58399413488604,39.28141512685672],[-76.58396770669425,39.28144220839368],[-76.58395129241372,39.28145863152806],[-76.58396199752636,39.28146569269912],[-76.58398050076961,39.28147786269617],[-76.58395190294753,39.28150631020939],[-76.58390672309238,39.28155151443242],[-76.5838771974268,39.28158084769397],[-76.58383981775219,39.2816181501013],[-76.58380057666031,39.2816572258099],[-76.58381521914858,39.28166564848733],[-76.58383516467454,39.2816771543493],[-76.58386021553899,39.28169165982236],[-76.58387529257151,39.28170029841337],[-76.58385832325095,39.2817172771402],[-76.5838301635896,39.28174509924314],[-76.58380088363464,39.28177401900351],[-76.58377045163203,39.28180431194164],[-76.58373869891605,39.2818356856115],[-76.58376224364753,39.28185029025582],[-76.58379956046655,39.28187312262724],[-76.5838583565486,39.28190919844577],[-76.5838942161015,39.28193111405108],[-76.5839364923104,39.28195714544319],[-76.58396160106386,39.28197247259434],[-76.58399498858773,39.28199298142766],[-76.58430798533865,39.28214535202471],[-76.58432147641984,39.28214874069943],[-76.5843354117179,39.28214732987536],[-76.58434940359273,39.28214575801316],[-76.5843634986807,39.28214655011781],[-76.58437666567247,39.28215045737991],[-76.58438807446592,39.28215692559544],[-76.58439708977832,39.28216538323463],[-76.58440625516008,39.28217374682392],[-76.58441704720448,39.28218083348045],[-76.58442839866063,39.28218739606923],[-76.58443990068736,39.28219377903692],[-76.58445145402418,39.28220010903996],[-76.58446290475227,39.28220654406818],[-76.58447414557723,39.28221319723821],[-76.58448529762263,39.28221996899391],[-76.58449623641458,39.28222693726133],[-76.58450679553302,39.28223421765041],[-76.58451704801199,39.2822418077173],[-76.58452703235751,39.28224966346076],[-76.58453644207194,39.28225787207171],[-76.58454484969739,39.28226659237431],[-76.58455119010711,39.28227641240307],[-76.58455728733428,39.28228639370881],[-76.58456498525827,39.28229557359138],[-76.58457352239063,39.28230434749484],[-76.58458208514483,39.28231310077071],[-76.58459048955201,39.28232197689054],[-76.58459923269156,39.28233060559689],[-76.5846090213637,39.28233843001524],[-76.58462032125421,39.2823450968912],[-76.58463086288585,39.28235239972605],[-76.58464079426628,39.28236020032564],[-76.58465057888995,39.28236812381007],[-76.58466029013367,39.28237610918682],[-76.58467000019945,39.28238409816169],[-76.58467977897655,39.28239203153127],[-76.58468970332419,39.28239984741475],[-76.58469975805907,39.28240756557514],[-76.58470980930858,39.28241528552388],[-76.58471963811159,39.28242318844096],[-76.58472935280022,39.28243118193088],[-76.58473982945577,39.28243850073969],[-76.5847512824927,39.28244494835793],[-76.58476259209169,39.28245154589548],[-76.58477340169414,39.28245861636672],[-76.58478408540223,39.28246580979655],[-76.58479473063804,39.28247304182222],[-76.58480542251633,39.28248022627125],[-76.58481624845913,39.28248727878099],[-76.58482730171025,39.28249411050528],[-76.5848386160972,39.28250068463246],[-76.58485007736651,39.28250711515548],[-76.58486155961617,39.28251352593475],[-76.58487293926788,39.28252003993804],[-76.58488416617259,39.28252671013323],[-76.58489532425432,39.28253345574825],[-76.58490637976446,39.28254030008362],[-76.5849172931328,39.28254727092335],[-76.58492762509947,39.28255476124951],[-76.58493791280405,39.28256228925039],[-76.58494888446209,39.28256920354494],[-76.58495994812776,39.28257604249944],[-76.58497111203015,39.28258278632617],[-76.58498238439302,39.28258941613802],[-76.58499377576888,39.28259591125479],[-76.58500532815111,39.28260222588585],[-76.58501705315643,39.28260835556833],[-76.58502889131614,39.28261436134406],[-76.58504078199746,39.28262030515144],[-76.58505267857602,39.28262623186395],[-76.58506468490039,39.28263202294763],[-76.58507675076363,39.28263774127855],[-76.5850887675916,39.28264352068697],[-76.5851006968573,39.28264940877713],[-76.58511256424883,39.28265537321242],[-76.58512432896349,39.28266145438313],[-76.5851357016509,39.28266797824428],[-76.58514638665473,39.2826751599351],[-76.58515702620066,39.28268238560182],[-76.58516763544553,39.28268963998492],[-76.58517822488379,39.28269691231233],[-76.58518880499408,39.28270419451428],[-76.58519938627086,39.2827114758186],[-76.58520998036758,39.28271874545725],[-76.58522059777334,39.28272599355896],[-76.5852312478131,39.28273321114889],[-76.58524194213496,39.28274038835993],[-76.58525279377004,39.28274742200328],[-76.58526381320232,39.28275430310826],[-76.58527486062711,39.28276115458585],[-76.58527841280905,39.28276358657743],[-76.58528550562555,39.28276844331332],[-76.58529460794809,39.28276085769456],[-76.58530313181022,39.28275209813995],[-76.5853116498962,39.28274333496124],[-76.58532018761512,39.28273458356116],[-76.58532876921691,39.28272585933821],[-76.58533741550096,39.28271717317505],[-76.58534608373067,39.28270849969937],[-76.58535475772709,39.2826998307472],[-76.58536343865973,39.28269116452118],[-76.58537212535906,39.28268250281868],[-76.58538081783031,39.28267384473892],[-76.5853895149198,39.28266518937708],[-76.58539821778646,39.2826565367373],[-76.58540692526604,39.28264788771617],[-76.58541563736907,39.28263924051225],[-76.58542435408505,39.28263059692699],[-76.58542767078499,39.28262731003777],[-76.5854330742654,39.28262195515478],[-76.58544179906399,39.28261331610057],[-76.58545052616793,39.28260467885534],[-76.58545925673636,39.28259604342313],[-76.58546799885073,39.28258741523722],[-76.58547676059797,39.28257879882975],[-76.58548553851151,39.28257019238714],[-76.58549432565829,39.28256159228172],[-76.58550312088978,39.28255299670801],[-76.58551191611915,39.28254440113361],[-76.58552070903889,39.28253580374885],[-76.58552949502335,39.28252720273591],[-76.58553826830381,39.28251859357056],[-76.58554702888027,39.28250997625291],[-76.58555578482904,39.28250135711672],[-76.5855645373144,39.28249273526534],[-76.58557328633634,39.28248411069877],[-76.58558203304335,39.28247548522263],[-76.5855907774355,39.28246685883691],[-76.58559951951796,39.28245823064081],[-76.58560826159834,39.28244960244407],[-76.58561700252277,39.2824409733418],[-76.5856257422861,39.28243234423478],[-76.58563448320632,39.28242371513114],[-76.58564321719658,39.28241508149866],[-76.58565193617004,39.28240643880483],[-76.58566064706505,39.28239778977654],[-76.58566935564521,39.28238913983863],[-76.58567806883822,39.28238049351941],[-76.58568679357727,39.28237185444633],[-76.58569553563635,39.28236322624284],[-76.58570430193808,39.28235461433798],[-76.58571309941546,39.28234602235916],[-76.58572255643982,39.28233781823252],[-76.58573333734753,39.28234346440738],[-76.5857442309163,39.28235046032199],[-76.58575520141905,39.28235738174355],[-76.58576619523581,39.28236428072719],[-76.58577719720466,39.28237117343324],[-76.58578820384329,39.28237806075006],[-76.58579921514645,39.28238494357847],[-76.58581022762129,39.28239182460843],[-76.58582124125726,39.28239870564143],[-76.58583225373111,39.28240558757007],[-76.58584326387852,39.28241247129095],[-76.58585427868516,39.28241935142416],[-76.58586530048494,39.28242622527564],[-76.58586743923671,39.28242756144198],[-76.58587631646012,39.2824331045101],[-76.58588731263949,39.28243999988747],[-76.58588561534363,39.28244821877337],[-76.58587664599223,39.28245686960924],[-76.58586775958641,39.28246540814143],[-76.58585893091396,39.28247398380781],[-76.58585016345724,39.28248259571983],[-76.58584139714695,39.28249120943676],[-76.58583263314726,39.28249982406198],[-76.58582387145826,39.2825084395954],[-76.58581510975662,39.28251705692963],[-76.58580635037085,39.28252567427136],[-76.58579759213677,39.28253429251725],[-76.58578883390051,39.2825429107625],[-76.58578007681591,39.28255152991188],[-76.5857713208882,39.28256014906466],[-76.58576256379409,39.28256876911342],[-76.5857538078621,39.28257738826488],[-76.58574505076902,39.28258600741156],[-76.58573629367378,39.28259462655756],[-76.58572753657641,39.28260324570289],[-76.58571877716417,39.28261186393861],[-76.58571001775501,39.28262048127293],[-76.58570125718997,39.28262909770174],[-76.58569249546377,39.28263771412578],[-76.58568373142793,39.28264632873946],[-76.58567496623093,39.28265494334842],[-76.58566619872951,39.28266355524625],[-76.58565742891315,39.28267216623449],[-76.5856486475413,39.28268077087601],[-76.58563985924472,39.28268937008779],[-76.58563106285386,39.28269796566732],[-76.58562226299954,39.28270655853163],[-76.58561346083563,39.28271514958563],[-76.58560466097704,39.28272374244861],[-76.58559586458293,39.28273233712468],[-76.58558707396074,39.28274093542346],[-76.5855782925771,39.28274953915879],[-76.58556952158044,39.28275815013615],[-76.58556077137048,39.28276677379692],[-76.58555204310623,39.28277541014506],[-76.58554332869562,39.28278405554912],[-76.58553462005688,39.28279270457593],[-76.58552591026755,39.28280135179646],[-76.58551719123547,39.28280999357918],[-76.58550845371468,39.28281862538756],[-76.58549969887481,39.28282724542424],[-76.58549093132557,39.28283585820933],[-76.58548214875945,39.28284446193312],[-76.58547335233553,39.28285305659969],[-76.58546444130776,39.28286162654052],[-76.58545544949848,39.28287013584445],[-76.58546194111901,39.28287791162284],[-76.58547249564469,39.28288521802895],[-76.58548301987466,39.28289255225081],[-76.58549354527638,39.28289988467431],[-76.58550410331199,39.28290718658609],[-76.5855147254437,39.28291442927267],[-76.58552544197468,39.28292158401658],[-76.58553628321857,39.28292862029876],[-76.58554723050459,39.28293555967169],[-76.58555825005247,39.28294243084049],[-76.58556933019834,39.28294924637474],[-76.58558045929911,39.28295601524093],[-76.58559162569624,39.28296274910787],[-76.58560281773616,39.2829694587436],[-76.58561402377076,39.28297615401538],[-76.58562523098225,39.28298284658798],[-76.58563642888683,39.28298954543194],[-76.58564769558139,39.28299617515871],[-76.58565907885446,39.28300268999794],[-76.58567048429327,39.28300918059363],[-76.58568182096211,39.28301573760208],[-76.58569299443759,39.28302245346891],[-76.58570396391707,39.28302936858459],[-76.5857148179918,39.28303639678834],[-76.58572559047363,39.28304350397045],[-76.58573630816758,39.28305066500416],[-76.58574699905868,39.28305785116369],[-76.58575769228057,39.28306503552892],[-76.58576841465394,39.28307219027078],[-76.58577913819902,39.28307934321425],[-76.58578992889649,39.28308650900418],[-76.58578703830601,39.28309502903801],[-76.58577919611419,39.28310416394655],[-76.58577142209286,39.28311333512544],[-76.58576426263357,39.28312226256274],[-76.58575926072469,39.28313089765409],[-76.58575121168425,39.28313992464039],[-76.58574315224733,39.28314894528416],[-76.58573504312777,39.28315793872922],[-76.58572687277193,39.28316689862952],[-76.58571866659447,39.28317583948686],[-76.58571045002044,39.28318477400158],[-76.58570224961295,39.28319371848117],[-76.58569402026964,39.28320265565198],[-76.58568585102049,39.28321162275932],[-76.58568118676573,39.28322098595398],[-76.58569136256773,39.28322845404171],[-76.58570253244636,39.28323559325305],[-76.58571349376751,39.28324252184995],[-76.58572457977031,39.28324933738936],[-76.58573553596,39.28325635153855],[-76.58574643704601,39.28326347358392],[-76.58575808729559,39.28326933449962],[-76.58577210617503,39.28327130886733],[-76.5857853808522,39.28327508483753],[-76.58579832988171,39.28327964692487],[-76.58581106197246,39.28328463971135],[-76.58582473526285,39.28328605167876],[-76.58583899786127,39.28328519309719],[-76.58585309024055,39.28328351241777],[-76.58586483753848,39.28327771418767],[-76.58587422812896,39.28326939271727],[-76.5858832151237,39.28326091399128],[-76.58589240995911,39.28325257021095],[-76.58590188185136,39.28324441746766],[-76.58591190559908,39.28323663688256],[-76.58592260951573,39.28322948562545],[-76.58593487998854,39.28322380813331],[-76.58594863626243,39.28322192268521],[-76.58596267627782,39.28322087054072],[-76.58597684390736,39.28322019536334],[-76.58599104162678,39.28321972656503],[-76.58600518226427,39.28321930710581],[-76.58601932557978,39.28321902457031],[-76.58603347780755,39.28321900238505],[-76.58604759561665,39.28321931696221],[-76.58606172368172,39.28322025760411],[-76.58607553880159,39.28322258882056],[-76.58609108100195,39.28322907773807],[-76.58609813930855,39.28322933770826],[-76.58610519772034,39.28322957966317],[-76.58611225883378,39.28322975587143],[-76.58611932237044,39.28322991407254],[-76.58612638715553,39.2832300569647],[-76.58613345086042,39.28323018634113],[-76.58614051348511,39.28323030220192],[-76.58614657702765,39.28322802932165],[-76.58615048605952,39.28322354017929],[-76.58615248451748,39.28321833270275],[-76.5861540227619,39.28321293804755],[-76.5861554048098,39.28320749600233],[-76.58615682479555,39.28320210723579],[-76.58615803862547,39.28319669162076],[-76.58615933811855,39.2831912943228],[-76.58616107177623,39.28318597962308],[-76.58616320948973,39.28318074291168],[-76.58616553932926,39.28317555371685],[-76.58616795484757,39.28317038013674],[-76.58617078905813,39.28316535845908],[-76.58617446855658,39.2831606766447],[-76.58617851451704,39.28315615915928],[-76.58618308346465,39.28315199571458],[-76.58618789579292,39.28314783582937],[-76.58619455375442,39.28314698284182],[-76.58620156328544,39.28314666164178],[-76.58620868306959,39.28314651467702],[-76.58621584071307,39.28314643450167],[-76.58622296613993,39.28314631367805],[-76.58623002831912,39.28314610705871],[-76.5862370893602,39.28314589683188],[-76.58624415037497,39.28314569110837],[-76.58625121132665,39.28314549619335],[-76.58625827335329,39.28314531569392],[-76.58626533525911,39.28314515591117],[-76.58627239814527,39.28314502675741],[-76.58627946304487,39.28314494985457],[-76.5862865289301,39.28314490267995],[-76.58629359481012,39.28314485640571],[-76.58630065968337,39.28314478400528],[-76.58630772361821,39.28314467376909],[-76.58631478764754,39.28314454731912],[-76.5863218517399,39.28314441005974],[-76.58632891470471,39.28314426739142],[-76.58633597883377,39.28314412382601],[-76.58634304177747,39.28314398475981],[-76.58635010583293,39.28314385380396],[-76.58635716980436,39.28314373725961],[-76.58636423366546,39.28314363963046],[-76.58637129735325,39.28314357172546],[-76.58637836390371,39.28314360921939],[-76.58638543004454,39.28314371697098],[-76.58639249622217,39.28314381841692],[-76.5863995605596,39.28314383788652],[-76.58640662225486,39.28314371412509],[-76.58641368312189,39.28314353361225],[-76.58642074182838,39.28314332606844],[-76.58642780181988,39.28314309691044],[-76.58643485959826,39.28314284972895],[-76.58644191859861,39.28314259174218],[-76.58644897648189,39.283142326545],[-76.58645603437043,39.28314206044659],[-76.58646309340213,39.28314179705409],[-76.58647015238128,39.28314154266861],[-76.58647721127642,39.28314130269463],[-76.58648427008745,39.2831410771321],[-76.58649133118503,39.28314085698184],[-76.58649839108681,39.28314064313222],[-76.58650545095703,39.28314043468669],[-76.58651251195474,39.28314023164928],[-76.58651957293139,39.28314003221439],[-76.58652664439707,39.28313982290763],[-76.58653271812776,39.28314176471377],[-76.58653795742907,39.2831454807881],[-76.58654325050837,39.28314911778429],[-76.58654855057397,39.2831527494003],[-76.58655385180433,39.28315638011934],[-76.58655914837814,39.28316001442484],[-76.58656443563821,39.28316365590341],[-76.58656970890642,39.28316731174472],[-76.58657490995296,39.28317102948422],[-76.586579783422,39.28317507034527],[-76.58658668396524,39.28317535224996],[-76.58659387018906,39.28317514154152],[-76.58660094280559,39.28317513310444],[-76.58660800962699,39.28317512464659],[-76.58661507509512,39.28317514951179],[-76.58662213895292,39.28317525183652],[-76.58662921180476,39.28317540193294],[-76.58663626860783,39.28317572041512],[-76.58664329001461,39.28317634503174],[-76.58665034761316,39.28317712380583],[-76.5866572733639,39.28317825161159],[-76.58666383459351,39.28318007532489],[-76.58666984926947,39.28318300325164],[-76.58667574706122,39.28318609920954],[-76.58668153638115,39.28318931188461],[-76.58668732110222,39.28319251823788],[-76.58669334466487,39.28319531378255],[-76.58669986814671,39.28319725085714],[-76.58670679089995,39.2831984957486],[-76.58671369814,39.28319981714997],[-76.58672040954956,39.28320152789229],[-76.58672711035503,39.28320326832214],[-76.5867338017574,39.28320503123759],[-76.58674048492088,39.28320681574197],[-76.58674716103084,39.28320861733568],[-76.58675383009769,39.28321043421713],[-76.58676049329635,39.28321226368833],[-76.58676715064237,39.28321410304691],[-76.5867737773922,39.28321602156463],[-76.5867802994144,39.28321820994244],[-76.58678687010639,39.28322020122405],[-76.58679374953883,39.28322132255347],[-76.58680084664137,39.28322128986986],[-76.58680755003174,39.28321960200004],[-76.5868114658339,39.28321513718024],[-76.5868181788351,39.28321438613714],[-76.58682530425706,39.28321446614713],[-76.58683236383406,39.28321470716168],[-76.5868394222626,39.28321494637019],[-76.58684648069641,39.28321518467754],[-76.58685354028405,39.28321542388929],[-76.58686059870755,39.28321566399731],[-76.58686535336972,39.28321582754437],[-76.58686765711528,39.28321590680712],[-76.58687471551258,39.28321615141801],[-76.58688177388893,39.28321639963142],[-76.58688883224437,39.28321665144743],[-76.58689589057363,39.2832169077667],[-76.58690294771245,39.28321716948599],[-76.58691000481981,39.28321743660924],[-76.58691706191678,39.28321770553359],[-76.58692411899806,39.2832179771598],[-76.5869311760794,39.28321824878554],[-76.58693823314502,39.28321852311309],[-76.58694528905171,39.28321879743615],[-76.58695234610177,39.28321907446512],[-76.58695940199279,39.28321935148954],[-76.58696645903768,39.28321962941836],[-76.58697351491833,39.28321990824348],[-76.58698057195286,39.28322018797292],[-76.58698762782319,39.28322046859869],[-76.58699468485253,39.28322074922806],[-76.58700174071772,39.28322103075367],[-76.58700879658292,39.28322131227888],[-76.58701585360724,39.28322159380772],[-76.58702290946735,39.28322187623283],[-76.58702996533272,39.28322215775673],[-76.58703702235196,39.28322244018507],[-76.58704407821745,39.28322272170814],[-76.58705113408301,39.28322300323079],[-76.58705819111287,39.28322328385637],[-76.58706524698381,39.28322356447742],[-76.58707230401382,39.28322384510212],[-76.58707935986909,39.28322412842457],[-76.58708641570348,39.28322441534961],[-76.58709347151694,39.28322470587715],[-76.58710052614521,39.28322500090394],[-76.58710758189068,39.28322530314033],[-76.58711463643517,39.28322561257819],[-76.58712168979977,39.28322592561452],[-76.58712874432344,39.2832262386545],[-76.58713579888386,39.28322654538885],[-76.58714285349151,39.28322684401606],[-76.58714991049071,39.28322713004058],[-76.58715696643577,39.28322739804572],[-76.58716402478279,39.28322765164665],[-76.58717108319802,39.28322789353748],[-76.5871781428247,39.28322812642451],[-76.58718520248813,39.28322835300589],[-76.58719226217787,39.28322857508315],[-76.58719932303708,39.28322879536257],[-76.58720638274262,39.28322901473675],[-76.58721344243767,39.28322923591199],[-76.58722050210658,39.28322946159052],[-76.58722756173363,39.2832296944746],[-76.58723462015975,39.28322993456011],[-76.58724167852301,39.28323018545414],[-76.58724873564871,39.28323044985486],[-76.58725579148962,39.28323073586896],[-76.5872628435758,39.28323106960988],[-76.58726989314482,39.2832314375705],[-76.58727694260911,39.28323182354559],[-76.58728399090393,39.2832322113177],[-76.58729104044173,39.28323258468154],[-76.58729809248634,39.28323292562627],[-76.58730514712151,39.28323321974003],[-76.58731220557968,39.28323345441644],[-76.58731926663893,39.28323364046036],[-76.58732633019437,39.28323379588665],[-76.58733339381797,39.28323393960287],[-76.58734045741022,39.28323408872311],[-76.58734751970719,39.28323426125822],[-76.58735457944513,39.283234475219],[-76.58736163780928,39.28323472610585],[-76.58736869492016,39.28323499320157],[-76.5873757507882,39.28323527470472],[-76.58738280659871,39.28323556611565],[-76.58738986120831,39.28323586472803],[-76.58739691695604,39.28323616694708],[-76.58740397153962,39.28323647006231],[-76.58741102613367,39.28323677137566],[-76.58741808192349,39.28323706638743],[-76.58742513774483,39.2832373559943],[-76.58743219355571,39.28323764740228],[-76.58743924935098,39.28323794151207],[-76.58744630397678,39.28323823741883],[-76.58745335976687,39.28323853242848],[-76.58746041556755,39.28323882563624],[-76.58746747138396,39.28323911614135],[-76.58747452722668,39.28323940214229],[-76.58748158311128,39.28323968093682],[-76.58748864019692,39.28323995252908],[-76.58749569733497,39.28324021511345],[-76.58750275568448,39.28324046869408],[-76.58750981407594,39.28324071506825],[-76.58751687249362,39.28324095693833],[-76.58752393210182,39.28324119340754],[-76.58753099057196,39.2832414262693],[-76.58753805021171,39.28324165733322],[-76.58754510986194,39.28324188659524],[-76.58755216951218,39.28324211585682],[-76.587559227993,39.28324234691541],[-76.58756628762245,39.28324257977909],[-76.58757334723619,39.2832428153446],[-76.58758040565955,39.2832430563101],[-76.58758746405152,39.28324330267965],[-76.58759452241215,39.28324355445322],[-76.58760157958761,39.28324381072603],[-76.58760863790644,39.28324406970471],[-76.58761569505059,39.28324433138116],[-76.58762275217386,39.28324459666013],[-76.58762980928141,39.28324486464092],[-76.58763686637337,39.28324513532355],[-76.58764392344968,39.28324540870796],[-76.58765098051555,39.28324568389343],[-76.58765803641195,39.2832459608759],[-76.58766509345178,39.28324624056426],[-76.58767215049164,39.28324652025221],[-76.58767920985485,39.28324679904708],[-76.58768627154143,39.28324707694897],[-76.5876933343871,39.28324735485448],[-76.5877003960581,39.28324763545771],[-76.58770745771866,39.28324791786206],[-76.5877145181941,39.28324820476558],[-76.58772157516633,39.28324849616023],[-76.5877286297891,39.28324879295076],[-76.58773568088772,39.28324909783537],[-76.58774272731362,39.28324940900856],[-76.58774976788688,39.28324973006909],[-76.58775290023236,39.28325282347321],[-76.58775247546485,39.28325830402611],[-76.5877521341164,39.2832637902763],[-76.58775420162804,39.28326722403475],[-76.5877612605412,39.28326738122013],[-76.5877683196085,39.28326771135208],[-76.58777537169551,39.283268045963],[-76.58778242378779,39.28326837967268],[-76.58778947702874,39.28326871518756],[-76.58779652910026,39.2832690524994],[-76.58780358115611,39.28326939251305],[-76.5878106331859,39.28326973702997],[-76.58781768518436,39.28327008695096],[-76.58782473598718,39.28327044317273],[-76.58783178558919,39.28327080659587],[-76.58783883513895,39.28327117902609],[-76.58784588231313,39.28327156135595],[-76.58785292938272,39.28327196170025],[-76.58785996665686,39.28327245208607],[-76.58786699661064,39.28327300549921],[-76.58787402652787,39.28327356521712],[-76.58788106665931,39.28327396283311],[-76.58788298736732,39.28327772845573],[-76.5878900192447,39.28327815036286],[-76.58789707962448,39.28327845436957],[-76.58790413886094,39.28327875566957],[-76.58791119466225,39.28327904975096],[-76.58791825051068,39.28327933572526],[-76.58792530630164,39.28327963160729],[-76.5879323584481,39.28327995630058],[-76.58793940678272,39.28328033862886],[-76.58794644402167,39.28328083531471],[-76.58795347884846,39.28328134820544],[-76.5879605246926,39.28328176024893],[-76.58796757683949,39.28328208494005],[-76.58797463267273,39.28328237361316],[-76.58798168973311,39.28328265058026],[-76.58798874670985,39.28328294195887],[-76.5879957988203,39.28328327295352],[-76.58800284464925,39.28328368769671],[-76.58800988188374,39.28328418527948],[-76.58802083835955,39.28328520193577],[-76.58802064796826,39.28328246024628],[-76.58802045757695,39.28327971855673],[-76.58802026602143,39.2832769777639],[-76.58802007563014,39.2832742360744],[-76.58801988523892,39.28327149438491],[-76.58801969368864,39.28326875269128],[-76.5880195032922,39.28326601190253],[-76.58801931290097,39.28326327021304],[-76.58801912135078,39.28326052851946],[-76.58801893095958,39.28325778682994],[-76.58801874056843,39.2832550451404],[-76.58801854901301,39.28325230434753],[-76.58801835862191,39.28324956265804],[-76.5880181682308,39.28324682096851],[-76.58801797668066,39.28324407927492],[-76.58801778628958,39.28324133758535],[-76.58801759589325,39.28323859679654],[-76.5880174043432,39.28323585510295],[-76.58801721395213,39.28323311341344],[-76.58801702356112,39.28323037172385],[-76.58801683200583,39.28322763093099],[-76.58801664161486,39.28322488924143],[-76.58801645122388,39.2832221475519],[-76.58801625967388,39.2832194058583],[-76.58801606928289,39.28321666416869],[-76.58801587888674,39.28321392337988],[-76.58801568733676,39.28321118168625],[-76.58801549694589,39.28320843999671],[-76.58801530539593,39.28320569830305],[-76.58801511499983,39.28320295751421],[-76.588014924609,39.28320021582464],[-76.5880147330591,39.28319747413101],[-76.58801454266829,39.28319473244144],[-76.58801435227743,39.28319199075184],[-76.58801416072239,39.28318924995892],[-76.58801397033157,39.28318650826935],[-76.58801377994081,39.28318376657977],[-76.58801358839101,39.28318102488609],[-76.58801339800029,39.28317828319651],[-76.58801320760433,39.28317554240765],[-76.58801301605457,39.28317280071399],[-76.5880128256639,39.2831700590244],[-76.58801263527317,39.28316731733477],[-76.58801244371821,39.28316457654184],[-76.58801225332758,39.28316183485224],[-76.58801206293695,39.28315909316262],[-76.58801187138728,39.28315635146897],[-76.58801168099667,39.2831536097793],[-76.58801149060082,39.28315086899043],[-76.58801130021025,39.28314812730083],[-76.58801110866064,39.28314538560715],[-76.5880109182701,39.2831426439175],[-76.58801072787959,39.28313990222787],[-76.5880105374838,39.28313716143897],[-76.58801034593428,39.28313441974529],[-76.58801015554376,39.28313167805565],[-76.5880099651533,39.283128936366],[-76.5880097747628,39.28312619467638],[-76.58800958320812,39.2831234538834],[-76.58800939281765,39.28312071219375],[-76.58800920242724,39.28311797050407],[-76.58800901203686,39.28311522881443],[-76.5880088216412,39.28311248802553],[-76.58800863125084,39.28310974633587],[-76.58800843970143,39.28310700464216],[-76.58800824931112,39.28310426295246],[-76.58800805892079,39.28310152126281],[-76.58800786852521,39.28309878047388],[-76.58800767813493,39.28309603878424],[-76.58800748774466,39.28309329709457],[-76.58800729735435,39.28309055540487],[-76.58800710696411,39.28308781371518],[-76.5880069165686,39.28308507292626],[-76.58800672617838,39.28308233123658],[-76.5880065357882,39.28307958954687],[-76.58800634539796,39.2830768478572],[-76.58800615500779,39.2830741061675],[-76.58800596461241,39.28307136537855],[-76.58800577422222,39.28306862368887],[-76.5880055838321,39.28306588199914],[-76.58800539344199,39.28306314030944],[-76.58800520305184,39.28306039861977],[-76.58800501266177,39.28305765693003],[-76.58800482342549,39.28305491614514],[-76.58800463303538,39.28305217445543],[-76.58800444264534,39.28304943276573],[-76.58800425225533,39.28304669107602],[-76.58800406302434,39.28304394939032],[-76.58800387262906,39.28304120860136],[-76.5880036833981,39.28303846691569],[-76.58800349300815,39.28303572522599],[-76.58800330261815,39.28303298353623],[-76.58800311338723,39.28303024185058],[-76.58800292299732,39.28302750016086],[-76.58800273376119,39.28302475937591],[-76.5880025433713,39.2830220176862],[-76.5880023541404,39.28301927600049],[-76.58800216490955,39.28301653431482],[-76.58800197451971,39.28301379262507],[-76.5880017852889,39.28301105093941],[-76.58800159489385,39.28300831015039],[-76.58800140566306,39.28300556846468],[-76.5880012164323,39.283002826779],[-76.58800102604248,39.28300008508924],[-76.58800083681174,39.28299734340353],[-76.58800064642199,39.28299460171375],[-76.5880004571913,39.28299186002809],[-76.58800026795537,39.2829891192431],[-76.58800007756562,39.28298637755334],[-76.58799988833495,39.28298363586762],[-76.58799969910429,39.28298089418191],[-76.58799950871463,39.28297815249214],[-76.58799931948403,39.2829754108064],[-76.58799913024818,39.28297267002142],[-76.58799893985851,39.28296992833165],[-76.58799875062793,39.28296718664593],[-76.58799856023836,39.28296444495615],[-76.58799837100781,39.2829617032704],[-76.58799818177727,39.28295896158468],[-76.58799799138245,39.28295622079562],[-76.58799780215195,39.28295347910989],[-76.58799761176245,39.28295073742008],[-76.58799742253197,39.28294799573433],[-76.58799723214243,39.28294525404452],[-76.58799704291198,39.28294251235878],[-76.58799685251732,39.28293977156972],[-76.5879966632869,39.28293702988394],[-76.58799647289749,39.28293428819413],[-76.58799628366708,39.28293154650836],[-76.58799609327764,39.28292880481857],[-76.58799590288828,39.28292606312871],[-76.5879957136527,39.28292332234368],[-76.5879955232633,39.28292058065386],[-76.58799533287397,39.28291783896402],[-76.58799514364367,39.28291509727823],[-76.58799495325437,39.28291235558841],[-76.58799476286504,39.28290961389857],[-76.58799457362954,39.28290687311353],[-76.5879943832403,39.2829041314237],[-76.587994192851,39.28290138973382],[-76.58799400362079,39.28289864804803],[-76.58799381323158,39.28289590635818],[-76.58799362283715,39.28289316556907],[-76.58799343244792,39.28289042387919],[-76.58799324321775,39.2828876821934],[-76.58799305282861,39.28288494050354],[-76.58799286243941,39.2828821988137],[-76.58799267205029,39.28287945712378],[-76.58799248165595,39.28287671633467],[-76.58799229242587,39.28287397464885],[-76.58799210203674,39.28287123295899],[-76.58799191164768,39.28286849126912],[-76.58799172125863,39.28286574957919],[-76.5879915308643,39.28286300879006],[-76.58799134163431,39.28286026710424],[-76.58799115124529,39.28285752541436],[-76.58799096085625,39.28285478372445],[-76.58799077046727,39.28285204203455],[-76.58799058123732,39.28284930034874],[-76.58799039084315,39.28284655955957],[-76.58799020045416,39.28284381786968],[-76.58799001006524,39.28284107617976],[-76.58798981967634,39.28283833448985],[-76.58798963044647,39.28283559280403],[-76.58798944005231,39.28283285201485],[-76.58798924966345,39.28283011032489],[-76.58798900046617,39.28282651810834],[-76.5879856023767,39.28277398629539],[-76.58798455578733,39.28275781482717],[-76.58806136052648,39.28275517383583],[-76.58811304292749,39.28275311757572],[-76.58818189628265,39.28275072605889],[-76.58822594156868,39.2827492906225],[-76.58828318504861,39.28274724027051],[-76.58827782736003,39.28267743486862],[-76.58827451852292,39.28263345431981],[-76.58827386953793,39.28262405348239],[-76.58826915587223,39.28254932856496],[-76.58826455429066,39.28247546336661],[-76.58825750447855,39.28240525118716],[-76.58818945969637,39.28240817613163],[-76.58811049150364,39.28241179775669],[-76.58791452617768,39.28242015139455],[-76.58783344511895,39.28242455358886],[-76.58772432543903,39.28242918159479],[-76.58772046449646,39.28237994583694],[-76.58771738498258,39.28233665425531],[-76.58771224994716,39.28227071927756],[-76.58771152337548,39.28225274379787],[-76.58770690314769,39.28219674964723],[-76.5877033642432,39.28215771976305],[-76.58770088681676,39.28212391082521],[-76.58773798254391,39.28212240253821],[-76.58778155223168,39.28212057016525],[-76.58782849988469,39.2821184478735],[-76.58787191269499,39.28211688424479],[-76.58792954962499,39.28211445622561],[-76.58800304313382,39.28211127130709],[-76.58807581567167,39.28210849276082],[-76.58816197728163,39.28210593946498],[-76.58829760577798,39.28210314514455],[-76.58840831069602,39.28210087765815],[-76.5884431765498,39.28210014319757],[-76.58847703195248,39.28209996816361],[-76.58851689596575,39.28209976732909],[-76.58856857854362,39.28209959436647],[-76.5886078102554,39.28209950117944],[-76.58860839444964,39.28209429771457],[-76.58863837386821,39.2820949485705],[-76.58870064460061,39.28206333005254],[-76.5886989495142,39.28202424360143],[-76.58869821730833,39.28200539797037],[-76.58869647867017,39.28196062935117],[-76.58869532074199,39.28193064969525],[-76.58862757335214,39.28193234008636],[-76.58855825200133,39.28193622639075],[-76.58850460764455,39.28193933617042],[-76.58849234032708,39.28193954811091],[-76.58847477067987,39.28193971445084],[-76.58837029448222,39.28194261544517],[-76.58836571421429,39.281858273534],[-76.58834951022784,39.28184660320594],[-76.58809488678902,39.28186010479356],[-76.58808779209669,39.28180424970033],[-76.58846769079078,39.28178574468807],[-76.58846804322351,39.28178473076251],[-76.58860633703705,39.28178030873848],[-76.58859901193705,39.28171175210574],[-76.58859838401406,39.28166453459239],[-76.5885971745965,39.28159167481152],[-76.58859692914341,39.28157064292776],[-76.58860883961579,39.28157039639852],[-76.58860094274495,39.28147992038319],[-76.58860026366835,39.28146970695046],[-76.58859693413787,39.28142607221618],[-76.58859231005961,39.28142719458555],[-76.58858791876474,39.28142794845701],[-76.58858337924491,39.28142788031289],[-76.5885766087472,39.28142698646114],[-76.58856692324672,39.28142310267318],[-76.58855754059039,39.28141816154812],[-76.58855012799218,39.28141347052929],[-76.58854136453297,39.28140588422809],[-76.58852728775774,39.28139056157224],[-76.58850898632377,39.28136884580875],[-76.58850371529775,39.2813690056944],[-76.58842156359667,39.2813703734719],[-76.58836002103968,39.28137145941766],[-76.58829040334075,39.28137297821858],[-76.58826412151416,39.28137332837127],[-76.58823965874589,39.28136879194756],[-76.58822279238096,39.28136483161488],[-76.58821105311156,39.28136793682756],[-76.58768808241273,39.2814451235482],[-76.58768200294114,39.2814479783458],[-76.58767571946429,39.28145043699185],[-76.58766898328923,39.28145201490324],[-76.58766206603268,39.28145324088079],[-76.58765518773187,39.28145454446039],[-76.58764834022138,39.28145593462093],[-76.58764137640097,39.28145679652538],[-76.58763436149844,39.28145747359359],[-76.58762732291632,39.28145803708205],[-76.58762027358695,39.28145845550942],[-76.58761322061628,39.28145870277854],[-76.58760616154495,39.28145880320131],[-76.58759909727027,39.28145880181918],[-76.5875920287156,39.28145873916969],[-76.58758495796337,39.28145865579443],[-76.58757788942441,39.28145859044185],[-76.58757082417401,39.28145855752784],[-76.58756375680976,39.28145848947623],[-76.58755668948224,39.28145841511894],[-76.58754962425283,39.28145837860068],[-76.58754256088058,39.28145842135574],[-76.58753549925549,39.28145856229969],[-76.58752843512913,39.28145873476115],[-76.5875213696133,39.2814589468509],[-76.58751430726547,39.28145921209644],[-76.58750725378636,39.28145954673142],[-76.58750021140494,39.28145996607677],[-76.58749318689718,39.28146050078215],[-76.58748618562332,39.28146122562986],[-76.58747920101162,39.28146207484102],[-76.58747222082108,39.28146296099855],[-76.58746523396438,39.28146379759028],[-76.58745822937003,39.28146449540174],[-76.58745118266235,39.28146506065263],[-76.58744410905494,39.281465468175],[-76.58743705560491,39.28146559833261],[-76.5874300145697,39.28146518807527],[-76.58742316278088,39.28146372548974],[-76.587416784364,39.28146138181827],[-76.58741073616061,39.28145845921465],[-76.58740515429429,39.28145506805024],[-76.58739997635693,39.28145117747989],[-76.5873962860277,39.28144659044005],[-76.5873935462745,39.28144157527342],[-76.58739120872131,39.28143635794697],[-76.58738920795055,39.28143102650579],[-76.5873874750726,39.28142566808194],[-76.58738610268729,39.28142030371824],[-76.58738543105879,39.28141481841149],[-76.58738523250344,39.28140930053755],[-76.58738551357686,39.2814038185774],[-76.58738646921709,39.28139833448304],[-76.58738705154779,39.28139286799335],[-76.58738653845163,39.2813874264801],[-76.5873856394595,39.28138197460367],[-76.58738446571543,39.281376533472],[-76.58738305184816,39.28137112752734],[-76.58738142784516,39.28136578209642],[-76.58737936503175,39.28136055672708],[-76.5873764828775,39.28135551493757],[-76.58737326845231,39.28135060889679],[-76.58736954845699,39.28134594248451],[-76.58736556816424,39.28134139225698],[-76.58736128119315,39.28133696165426],[-76.58735718930188,39.28133246868323],[-76.58735411832303,39.2813276099855],[-76.58735215084435,39.28132233450781],[-76.5873507893768,39.28131688731164],[-76.58734973144247,39.28131146280006],[-76.58734915481938,39.28130598413207],[-76.58734855037511,39.28130050626705],[-76.58734757829647,39.28129506674411],[-76.58734638701982,39.28128965167245],[-76.58734506515849,39.28128417038627],[-76.58734251241913,39.28127928558511],[-76.58733578469661,39.28127721991863],[-76.58732887567155,39.28127603636305],[-76.58732625204391,39.28127178184697],[-76.587325645006,39.28126635171314],[-76.5873250530928,39.28126091172405],[-76.58732447512445,39.28125546547859],[-76.58732390763433,39.28125001116305],[-76.58732335292474,39.28124455148779],[-76.58732280637017,39.28123908463513],[-76.58732227027296,39.28123361331531],[-76.58732174231498,39.28122813752028],[-76.58732122134253,39.28122265634522],[-76.58732070618089,39.28121717248825],[-76.58732019567631,39.28121168504457],[-76.58731968981829,39.28120619581571],[-76.58731918744783,39.28120070479755],[-76.58731868624693,39.28119521198195],[-76.58731818736931,39.28118971827376],[-76.58731768733281,39.28118422456149],[-76.58731718729636,39.28117873084918],[-76.58731668609578,39.28117323803351],[-76.58731618140251,39.28116774790792],[-76.5873156720681,39.28116225866671],[-76.58731515923587,39.28115677301628],[-76.58731463943393,39.28115129004365],[-76.5873141138109,39.28114581155438],[-76.58731357890018,39.28114033573473],[-76.58731303355336,39.28113486077921],[-76.58731247892935,39.28112938669177],[-76.58731191851044,39.28112391258404],[-76.58731135577361,39.28111843846812],[-76.58731079187787,39.28111296434813],[-76.58731023145921,39.28110749024029],[-76.58730967683563,39.28110201615288],[-76.58730912917137,39.28109654118907],[-76.58730859425624,39.28109106627013],[-76.58730807209535,39.28108559049515],[-76.58730756616582,39.28108011387645],[-76.58730708110356,39.28107463643028],[-76.58730661690863,39.2810691581567],[-76.58730620488967,39.28106367646332],[-76.58730586475494,39.28105819051866],[-76.58730559417589,39.28105270211613],[-76.58730539082927,39.28104721214824],[-76.58730525123289,39.28104172150361],[-76.58730517189917,39.28103623197142],[-76.5873051424129,39.28103074081282],[-76.58730515465582,39.28102524890008],[-76.58730520167917,39.28101975530803],[-76.58730527535424,39.28101426271037],[-76.58730537220396,39.28100877109486],[-76.58730548179746,39.28100328042486],[-76.58730559948823,39.28099779248561],[-76.58730625802227,39.28099237670617],[-76.5873110250693,39.28098839316363],[-76.58731693060804,39.28098534861346],[-76.58732280142871,39.28098229493337],[-76.58732847535327,39.28097881900389],[-76.58733121896729,39.28097400054987],[-76.58733210674899,39.28096842614048],[-76.58733277140581,39.28096295363422],[-76.58733279173336,39.2809574662536],[-76.58733236349757,39.28095198270162],[-76.58733166049038,39.28094651349734],[-76.58733070347967,39.28094107492736],[-76.58732948901454,39.28093566247576],[-76.58732812489238,39.28093027471973],[-76.58732665983806,39.28092490372361],[-76.58732513562805,39.28091954062646],[-76.58732360213052,39.28091418019899],[-76.58732207212078,39.28090881798219],[-76.58732046671354,39.28090346630965],[-76.58731886710679,39.28089811375665],[-76.58731737421181,39.28089274716638],[-76.58731608777551,39.28088735427851],[-76.58731502644666,39.28088191714328],[-76.58731421101896,39.28087644754378],[-76.58731370392093,39.28087097272218],[-76.58731373806883,39.28086550070294],[-76.58731460207333,39.28086002889704],[-76.5873158342611,39.28085462323963],[-76.58731744629527,39.28084927116107],[-76.58731927364043,39.28084396487713],[-76.58732144017802,39.28083872734209],[-76.58732322692632,39.28083342632003],[-76.58732439309212,39.28082801322446],[-76.58732525354505,39.2808225540166],[-76.58732594944674,39.28081708972678],[-76.58732645419272,39.28081161125397],[-76.58732692765625,39.28080613086969],[-76.58732755751066,39.2808006636455],[-76.58732843992627,39.28079521442319],[-76.58732953778897,39.28078978757605],[-76.58733093443631,39.280784402313],[-76.58733259515076,39.2807790495044],[-76.5873339072016,39.28077366214254],[-76.5873345926083,39.28076820862491],[-76.58733512280401,39.28076273834826],[-76.58733555106052,39.2807572587058],[-76.5873359109835,39.2807517707164],[-76.58733623615234,39.28074627990259],[-76.5873365624801,39.28074078909282],[-76.58733692123866,39.28073530200005],[-76.58733734719263,39.28072981964718],[-76.58733783919342,39.28072434022862],[-76.58733836017427,39.28071886001108],[-76.58733887767279,39.28071338068207],[-76.58733935577067,39.28070790031384],[-76.58733975853916,39.28070241878025],[-76.58734005120849,39.28069693595902],[-76.58734020249636,39.28069144993881],[-76.58734027382943,39.28068596093543],[-76.58734029534153,39.28068046905472],[-76.5873402647042,39.28067497608999],[-76.58734018423534,39.28066948204947],[-76.58734005045297,39.2806639878216],[-76.58733986334639,39.28065849520797],[-76.58733962406428,39.280653006014],[-76.58733933029384,39.28064751933093],[-76.58733898086561,39.28064203695612],[-76.58733856419495,39.28063655794813],[-76.58733806174848,39.28063108044029],[-76.5873374769979,39.28062560534562],[-76.58733681341505,39.28062013357697],[-76.58733607446119,39.2806146678489],[-76.58733526476176,39.28060920997917],[-76.58733438778333,39.2806037617814],[-76.5873334446849,39.28059832325977],[-76.58733238330137,39.28059289603245],[-76.58733118276577,39.28058748092696],[-76.5873298558059,39.28058208159104],[-76.58732841283718,39.28057670076353],[-76.58732686658746,39.28057134209222],[-76.58732518338847,39.28056601536725],[-76.58732322287655,39.28056074171378],[-76.58732110455877,39.28055549903259],[-76.58731898160536,39.280550256335],[-76.5873170037042,39.2805449835211],[-76.58731521378512,39.28053967263472],[-76.58731349351051,39.28053434397776],[-76.58731185794201,39.28052899850379],[-76.58731032793617,39.28052363718702],[-76.58730892204728,39.28051825829097],[-76.58730768435889,39.28051285476448],[-76.5873066009526,39.28050742836017],[-76.5873056103442,39.28050198877045],[-76.58730465336768,39.28049654569584],[-76.58730371842256,39.28049110089707],[-76.58730292963598,39.28048563499345],[-76.5873021872406,39.28048016384827],[-76.58730136131946,39.28047470592107],[-76.58730032309387,39.28046928327843],[-76.58729895077032,39.280463912607],[-76.58729722123212,39.2804585830163],[-76.58729518539621,39.28045330819678],[-76.5872928930153,39.28044810273536],[-76.58729032420331,39.28044299808893],[-76.58728722131889,39.28043805280261],[-76.58728394195946,39.28043316004123],[-76.58728094352114,39.2804281917018],[-76.58727857780616,39.28042304092902],[-76.58727655234065,39.28041777695466],[-76.58727479155451,39.2804124400477],[-76.58727328950592,39.2804070554086],[-76.58727204487349,39.28040165095634],[-76.58727102868767,39.28039622568851],[-76.58727020972908,39.28039076688463],[-76.5872695844631,39.2803852844407],[-76.58726914585712,39.28037979184351],[-76.58726889152504,39.28037430079452],[-76.58726881447622,39.28036881757458],[-76.58726889158847,39.28036333219409],[-76.58726908576891,39.28035784542335],[-76.58726935993515,39.2803523562314],[-76.58726967814293,39.2803468671942],[-76.58727000447402,39.28034137638399],[-76.58727030183033,39.28033588547196],[-76.58727053427813,39.28033039523259],[-76.58727065198617,39.28032490459006],[-76.58727059936504,39.28031940614292],[-76.58727045520496,39.28031390377107],[-76.58727031682933,39.28030840322104],[-76.58727028155634,39.28030291114014],[-76.5872704467252,39.28029743057276],[-76.58727090964868,39.28029196906687],[-76.58727172250222,39.28028652320274],[-76.58727282269506,39.28028109366127],[-76.5872741290825,39.2802756828596],[-76.58727555937121,39.28027029140926],[-76.58727702664767,39.28026491720335],[-76.58727840735106,39.28025948234209],[-76.58727988076787,39.28025404870729],[-76.58728170471787,39.28024872619739],[-76.5872841370312,39.2802436229091],[-76.58728727255603,39.28023877160312],[-76.58729083386397,39.28023404609854],[-76.58729472598634,39.28022943435172],[-76.5872988655285,39.28022492706188],[-76.5873031713981,39.28022051763877],[-76.58730756020067,39.28021619678177],[-76.58731203314225,39.28021195638816],[-76.58731667712587,39.28020780036641],[-76.58732148392856,39.28020374760352],[-76.58732644766104,39.28019981429266],[-76.58733156126986,39.28019601752347],[-76.58733681885535,39.28019237529048],[-76.58734227948381,39.28018889500733],[-76.58734794775459,39.28018558299546],[-76.58735379000986,39.28018244724347],[-76.58735977026885,39.2801794966326],[-76.58736585951493,39.28017673826701],[-76.58737211436569,39.28017420207076],[-76.58737854408763,39.28017188897712],[-76.58738510011881,39.2801697789987],[-76.58739173504561,39.28016785395367],[-76.58739841536763,39.28016609480827],[-76.5874051805112,39.2801644980979],[-76.58741202463439,39.28016307190897],[-76.58741892566941,39.28016182427072],[-76.5874258615484,39.28016076321263],[-76.58743282177248,39.28015990040768],[-76.58743982603924,39.28015923682579],[-76.58744686534921,39.28015872559565],[-76.58745392375421,39.2801583189208],[-76.58746098877786,39.28015796991762],[-76.58746804680038,39.28015762899635],[-76.58747509907506,39.28015727994755],[-76.58748215935259,39.28015694984247],[-76.58748922289223,39.28015665667975],[-76.5874962861124,39.28015641846211],[-76.5875033477493,39.28015625320029],[-76.58751040422136,39.2801561788971],[-76.58751745859863,39.28015646489165],[-76.58752450807792,39.28015739401396],[-76.58753150483248,39.28015782302679],[-76.58753840691203,39.28015699333968],[-76.58754524787427,39.28015551218527],[-76.58755209501869,39.28015396439567],[-76.58755901683527,39.28015292940243],[-76.5875660423215,39.28015260277323],[-76.58757312601176,39.2801526312489],[-76.58758021783592,39.28015265614967],[-76.58758727436327,39.28015237286487],[-76.58759432161159,39.28015189137896],[-76.58760136462702,39.28015134051901],[-76.58760840626869,39.28015082658509],[-76.58761544707781,39.2801504558693],[-76.58762249211637,39.28015035449631],[-76.58762954693525,39.28015076389033],[-76.58763660148389,39.28015141919152],[-76.58764364418438,39.2801519195193],[-76.58765066111948,39.28015186758799],[-76.58765764375534,39.28015113635988],[-76.5876646063701,39.28015006096933],[-76.58767156991856,39.28014902431448],[-76.58767852647625,39.28014799394002],[-76.58768547857581,39.28014693292351],[-76.58769245795371,39.28014616384986],[-76.5876994971737,39.28014586698608],[-76.58770658455492,39.28014585853537],[-76.5877136680479,39.28014612029973],[-76.58772068624742,39.28014664846058],[-76.58772758635257,39.28014775359608],[-76.58773442761593,39.28014921162412],[-76.58774131290816,39.28015047253898],[-76.58774825622615,39.28015152107684],[-76.58775514415616,39.28015272705361],[-76.58776189180156,39.2801543396828],[-76.58776856634996,39.28015616553612],[-76.58777525864974,39.28015792839788],[-76.5877821841441,39.28015945157374],[-76.58778897741243,39.28015859807017],[-76.58779567974439,39.28015683897943],[-76.58780229705184,39.28015475261268],[-76.58780873940742,39.28015245665441],[-76.5878145583396,39.28014934151525],[-76.5878203736949,39.2801462434778],[-76.58782803828512,39.28014443551762],[-76.58781133903568,39.28012752452743],[-76.58778928737694,39.28010445064105],[-76.58778645107111,39.28010568464219],[-76.58776991074539,39.28008994970038],[-76.58774237252038,39.28006286166167],[-76.58769615846656,39.28001776034223],[-76.5876665170762,39.27998961100872],[-76.58763152339361,39.27995668143917],[-76.58758092483802,39.27990881104432],[-76.58754507952634,39.27987585413711],[-76.58751939243517,39.27985214860718],[-76.58750382018027,39.2798377771794],[-76.58747951659979,39.27981453318633],[-76.58743067154454,39.27976949998346],[-76.58737754438731,39.27972022263009],[-76.5873625665896,39.2797078727839],[-76.58731372142036,39.2796658733031],[-76.58725917492694,39.27962073171944],[-76.58723131933331,39.2795966627023],[-76.58723393907934,39.27959440108248],[-76.58719701337542,39.27956213205494],[-76.58716170372213,39.27953258720125],[-76.58713727015254,39.2795086148603],[-76.58713224266866,39.2794273131429],[-76.58721485613917,39.27939340779577],[-76.58728423264589,39.27936010082725],[-76.58740404634075,39.27929986520716],[-76.58750663569799,39.27924606708877],[-76.587731240919,39.27925795036148],[-76.58783705565634,39.27935234797042],[-76.58799917913321,39.27948370588523],[-76.58800277619936,39.27948657932879],[-76.58800576508295,39.27948461263558],[-76.58810825807326,39.27956856028733],[-76.58817879822391,39.27962565934603],[-76.58822586284731,39.27966400322914],[-76.58830279415774,39.27973024845412],[-76.58836134888911,39.27978064153818],[-76.58843657028075,39.27984559889283],[-76.58844763287242,39.27985540463713],[-76.58850946995629,39.27991022018603],[-76.58853761786908,39.27993514114168],[-76.58856010856643,39.2799530901789],[-76.58859642677378,39.27998193374091],[-76.58862923106176,39.28001494813206],[-76.58865299925604,39.28003845573466],[-76.5886566079449,39.28003633536369],[-76.58868514623404,39.28006110992452],[-76.58898738232497,39.27985729456712],[-76.58902082735494,39.27983474026771],[-76.58900566701185,39.27979662814739],[-76.58936117395118,39.27953802638502],[-76.58936852744216,39.27953328074636],[-76.58976661985338,39.2798600186881],[-76.59006467996592,39.28010465284954],[-76.59007178704231,39.28011026148751],[-76.59007970099356,39.28011683765891],[-76.5901219275013,39.28009108896038],[-76.59012377486511,39.28009230873555],[-76.59016405661856,39.2801261342527],[-76.59019505759146,39.28015224566326],[-76.59023804747061,39.28018817217589],[-76.59028454639426,39.28022759326473],[-76.5903546751446,39.28028650460102],[-76.59042721269803,39.28034757891999],[-76.59047121296953,39.28038479695954],[-76.59080566277846,39.28014813122383],[-76.5909144548442,39.28024128342651],[-76.59096044216092,39.28028065832655],[-76.59091403850427,39.2803134889924],[-76.59057964786928,39.28055007146187],[-76.59064784130388,39.28061285545851],[-76.59070017338964,39.28066143314947],[-76.590755059318,39.28071254365351],[-76.5907567196649,39.28071122801826],[-76.59079480040377,39.28074035086253],[-76.59085405061715,39.28078635838443],[-76.59090333845876,39.28082424322313],[-76.59090996004846,39.28082965014835],[-76.59091104998012,39.28083178244849],[-76.59093572655252,39.28088004302214],[-76.59095075899754,39.28090919814004],[-76.59095762793783,39.28092377119221],[-76.59095662558903,39.28092413791541],[-76.59097277339757,39.28094016198121],[-76.5909865651288,39.28095434118387],[-76.59100617890053,39.28097450461195],[-76.59100799639121,39.28100041509588],[-76.59101149398023,39.28104329820991],[-76.59101478896123,39.28108513843449],[-76.59101831761828,39.28113007269365],[-76.59105363395005,39.28112951737939],[-76.59106892676999,39.28112920130796],[-76.59107850028794,39.28112900314075],[-76.59111882029438,39.2811286192568],[-76.59112411892848,39.28113191017464],[-76.59112635367057,39.28117371607814],[-76.59112829544983,39.28121507328193],[-76.59113004126918,39.28124860216922],[-76.59113226271201,39.28129171142945],[-76.59113406527572,39.28132766266616],[-76.59113715664721,39.28138775344173],[-76.59113965757186,39.28144290417636],[-76.59114240424786,39.2814910099947],[-76.59114459522215,39.28154121896193],[-76.59114702867937,39.28158676011618],[-76.59115038308254,39.28165370480929],[-76.59115371105885,39.28172000716476],[-76.59115458084891,39.28174244370108],[-76.59118368052187,39.28174187211316],[-76.59120815827919,39.28174124660088],[-76.59123870661379,39.28174049628526],[-76.5912699127709,39.28173963295301],[-76.59130196210741,39.28173907430191],[-76.5913371860341,39.28173791236624],[-76.59138565555959,39.28173672173474],[-76.59141457335929,39.2817363341134],[-76.59144955335636,39.28173526407422],[-76.59150576665375,39.28173342205206],[-76.59159040439791,39.2817309212948],[-76.59163551325948,39.28172983777606],[-76.59167209408149,39.28172873180088],[-76.5917757267954,39.28172569883297],[-76.59181695916962,39.28172473238295],[-76.59181418188845,39.2816641373966],[-76.59181169644673,39.28161224659783],[-76.59180939748641,39.28157024862851],[-76.59180809854499,39.28153997396476],[-76.59180653840231,39.28151098107994],[-76.5918050832679,39.28147219816355],[-76.59180269502168,39.28142678418755],[-76.59180117614295,39.28139605927726],[-76.59179682982619,39.28131386483238],[-76.59179257364821,39.28122668227109],[-76.59178984604532,39.28116471198207],[-76.59178626986103,39.28109370858973],[-76.59178107527883,39.28099135300421],[-76.59177656094033,39.28090593773534],[-76.59177278738397,39.28082875351296],[-76.59176512366692,39.28068961836961],[-76.59175944679484,39.28059011741569],[-76.59175412536992,39.28049330196929],[-76.59174943974743,39.28039033110981],[-76.59228600720157,39.28036276596125],[-76.59228620074134,39.28036720559593],[-76.59228702353752,39.28038678654803],[-76.59228930781224,39.28043622297628],[-76.59229170020865,39.28048721539768],[-76.59229385966826,39.28052690963364],[-76.59229464182079,39.28054872343643],[-76.59229521158861,39.28055969581296],[-76.59229578251046,39.28057066909427],[-76.59229635459153,39.2805816423795],[-76.59229692551374,39.28059261566074],[-76.59229749875924,39.2806035880492],[-76.59229807084078,39.28061456133437],[-76.59229864408152,39.2806255346235],[-76.5922992184866,39.28063650701584],[-76.59229979172764,39.28064748030493],[-76.59230036496892,39.28065845359392],[-76.59230093937454,39.28066942598622],[-76.59230151261617,39.28068039927513],[-76.59230208585792,39.28069137256408],[-76.59230265910509,39.2807023449522],[-76.59230323234721,39.28071331824099],[-76.59230380443056,39.28072429152579],[-76.59230437651922,39.28073526390975],[-76.59230494744391,39.28074623719045],[-76.59230551720979,39.28075721046703],[-76.5923060869758,39.28076818374362],[-76.59230665558306,39.2807791570161],[-76.59230722303664,39.28079012938385],[-76.59230778932618,39.2808011026482],[-76.59230835445697,39.28081207590856],[-76.59230891842891,39.28082304916479],[-76.59230948124204,39.28083402241703],[-76.59231004289637,39.28084499566513],[-76.59231060222767,39.28085596980595],[-76.5923111604053,39.28086694304197],[-76.592311666418,39.28087791789839],[-76.59231202173537,39.28088889673552],[-76.59231243849003,39.28089987398437],[-76.59231295378022,39.28091084797215],[-76.59231349920458,39.28092182206444],[-76.5923140620192,39.28093279531633],[-76.59231463062896,39.28094376858824],[-76.59231522358306,39.28095474104389],[-76.59231582813248,39.28096571263892],[-76.59231641296874,39.2809766859671],[-76.59231696187626,39.28098765917047],[-76.59231749107585,39.2809986332062],[-76.59231801679337,39.28100960813056],[-76.59231855526521,39.28102058219839],[-76.59231911460439,39.28103155543785],[-76.59231968437476,39.28104252871344],[-76.59232025994545,39.28105350110838],[-76.59232083898814,39.28106447441613],[-76.59232141803625,39.28107544682303],[-76.59232199360228,39.28108642011863],[-76.5923225656915,39.28109739340207],[-76.59232313894512,39.28110836578877],[-76.59232371103469,39.28111933907219],[-76.59232428428342,39.28113031235954],[-76.59232485753756,39.28114128474616],[-76.59232542962768,39.28115225802942],[-76.592326002877,39.2811632313167],[-76.59232657497263,39.28117420369914],[-76.59232714706333,39.28118517698231],[-76.59232771915414,39.28119615026542],[-76.59232829125031,39.28120712264775],[-76.59232886334148,39.2812180959308],[-76.59232943427384,39.28122906920978],[-76.59233000404738,39.28124004248472],[-76.59233057382627,39.28125101485885],[-76.59233113664615,39.28126198810957],[-76.592331697143,39.28127296225292],[-76.59233225764521,39.28128393549552],[-76.59233282278363,39.2812949087542],[-76.59233338908122,39.28130588201679],[-76.59233395537892,39.28131685527939],[-76.59233452283584,39.28132782854595],[-76.59233508913914,39.2813388009077],[-76.59233565543742,39.28134977417019],[-76.59233622173588,39.2813607474326],[-76.59233678803452,39.28137172069502],[-76.59233735549232,39.28138269396142],[-76.59233792179127,39.28139366722371],[-76.59233848924947,39.28140464049004],[-76.59233905554875,39.28141561375227],[-76.59233962184825,39.28142658701449],[-76.59234018930695,39.28143756028066],[-76.59234075560681,39.2814485335428],[-76.59234132307101,39.28145950590816],[-76.59234188937123,39.28147047917019],[-76.59234245683061,39.28148145243625],[-76.59234302313118,39.28149242569824],[-76.5923435905909,39.28150339896418],[-76.59234415689183,39.28151437222608],[-76.5923447243519,39.28152534549196],[-76.59234529065317,39.28153631875379],[-76.5923458581136,39.28154729201957],[-76.59234642441517,39.28155826528133],[-76.59234699188113,39.2815692376463],[-76.59234755818309,39.28158021090795],[-76.59234812564424,39.28159118417363],[-76.59234869194655,39.28160215743523],[-76.59234925940804,39.28161313070078],[-76.59234982571071,39.28162410396233],[-76.59235039201354,39.28163507722378],[-76.59235095947555,39.28164605048925],[-76.59235152577875,39.28165702375064],[-76.59235209092307,39.28166799700799],[-76.59235265259061,39.2816789702532],[-76.59235321657627,39.28168994350646],[-76.59235377360807,39.28170091673551],[-76.59235875135772,39.28170823019243],[-76.59237287189102,39.28170782070702],[-76.59238699553369,39.28170747518492],[-76.59240111716355,39.28170707650909],[-76.59241523773258,39.28170666071338],[-76.59242935724076,39.28170622779781],[-76.59244347675909,39.28170579307903],[-76.59245759837277,39.28170539709865],[-76.5924717231219,39.2817050605778],[-76.5924858467894,39.28170471054007],[-76.59249996730574,39.28170430374166],[-76.5925140879409,39.28170387622438],[-76.59252820742718,39.2817034468999],[-76.59254232799992,39.28170303018815],[-76.59255644968493,39.28170262158547],[-76.59257057021078,39.28170221297704],[-76.59258469189548,39.28170180437096],[-76.592598812421,39.28170139575915],[-76.59261293409502,39.28170098895114],[-76.59262705461504,39.28170058123668],[-76.59264117628356,39.28170017532606],[-76.59265529678777,39.28169977031042],[-76.59266941844561,39.28169936619787],[-76.59268354009295,39.28169896388511],[-76.59269766173503,39.2816985624714],[-76.5927117822075,39.28169816285342],[-76.59272590382851,39.28169776503933],[-76.59274002544426,39.28169736812423],[-76.59275414705461,39.28169697210821],[-76.59276826865447,39.28169657789199],[-76.592782390249,39.2816961845748],[-76.59279651300238,39.28169579125989],[-76.59281063458631,39.28169539974082],[-76.59282475617003,39.28169500822],[-76.59283887774842,39.28169461759828],[-76.59285300048566,39.28169422697885],[-76.59286712206375,39.28169383635367],[-76.59288124363657,39.28169344662759],[-76.59289536521435,39.28169305599906],[-76.59290948794579,39.28169266627359],[-76.59292360952325,39.28169227564167],[-76.59293773110056,39.28169188500801],[-76.59295185267771,39.28169149437268],[-76.59296597540343,39.28169110554115],[-76.59298009693377,39.28169072300916],[-76.59299421856214,39.28169032336126],[-76.59300834023168,39.28168991650575],[-76.59302246604628,39.28168959523534],[-76.59302242038879,39.2816789660716],[-76.59302181572917,39.28166799358173],[-76.59302121454166,39.28165702200462],[-76.59302061567745,39.28164604953471],[-76.59302001796733,39.28163507796963],[-76.59301942142153,39.28162410550767],[-76.59301882719393,39.28161313305378],[-76.59301823296651,39.28160216059982],[-76.59301763989829,39.28159118814985],[-76.5930170468303,39.2815802156998],[-76.59301645492143,39.28156924325378],[-76.5930158618538,39.28155827080369],[-76.59301526994528,39.28154729835757],[-76.59301467571382,39.28153632680412],[-76.59301408148769,39.2815253543499],[-76.59301348610276,39.2815143818916],[-76.59301289071801,39.28150340943329],[-76.59301229533339,39.28149243697494],[-76.59301169994386,39.28148146541729],[-76.59301110455966,39.28147049295885],[-76.5930105091756,39.28145952050036],[-76.59300991379178,39.28144854804186],[-76.59300931840814,39.28143757558332],[-76.59300872301951,39.28142660402546],[-76.5930081264772,39.28141563156282],[-76.5930075310941,39.28140465910418],[-76.59300693571114,39.28139368664542],[-76.59300634032327,39.28138271508744],[-76.59300574494073,39.28137174262867],[-76.59300514955838,39.28136077016985],[-76.59300455417615,39.28134979771099],[-76.59300395879418,39.28133882525207],[-76.59300336340721,39.28132785369392],[-76.59300276802554,39.28131688123491],[-76.59300217264411,39.28130590877591],[-76.59300157726287,39.28129493631685],[-76.59300098187664,39.2812839647585],[-76.5930003864957,39.28127299229938],[-76.59299979111502,39.28126201984018],[-76.59299919573451,39.28125104738098],[-76.59299860035412,39.28124007492175],[-76.59299800496881,39.2812291033632],[-76.59299740958886,39.28121813090389],[-76.59299681420909,39.28120715844452],[-76.59299621882944,39.28119618598511],[-76.59299562345004,39.28118521352567],[-76.59299502806566,39.28117424196694],[-76.59299443268655,39.28116326950743],[-76.59299383730772,39.2811522970479],[-76.59299324192905,39.2811413245883],[-76.5929926465454,39.28113035302942],[-76.59299205116704,39.28111938056972],[-76.59299145578892,39.28110840811003],[-76.59299086041099,39.28109743565028],[-76.59299026503319,39.2810864631905],[-76.59298966965046,39.28107549163142],[-76.59298907427309,39.28106451917157],[-76.59298847889589,39.28105354671163],[-76.59298788351882,39.2810425742517],[-76.592987288142,39.28103160179172],[-76.59298669276019,39.28102063023244],[-76.59298609738367,39.28100965777239],[-76.59298550200739,39.28099868531226],[-76.59298490663132,39.28098771285214],[-76.59298431125025,39.28097674129271],[-76.59298371587447,39.28096576883252],[-76.59298312049893,39.28095479637228],[-76.59298252512357,39.28094382391201],[-76.59298192974835,39.28093285145165],[-76.59298133436819,39.28092187989202],[-76.59298073899339,39.28091090743163],[-76.59298014361879,39.28089993497119],[-76.5929795482443,39.28088896251072],[-76.59297895287006,39.28087799005018],[-76.59297835749082,39.2808670184904],[-76.59297776211689,39.28085604602975],[-76.5929771667432,39.28084507356913],[-76.59297657136968,39.28083410110847],[-76.59297597599635,39.28082312864777],[-76.59297538061799,39.28081215708775],[-76.59297478524502,39.28080118462692],[-76.59297418987225,39.28079021216611],[-76.59297359449961,39.28077923970525],[-76.59297299912204,39.28076826814508],[-76.59297240374981,39.28075729568417],[-76.59297180837777,39.2807463232232],[-76.59297121300587,39.28073535076213],[-76.59297061763419,39.28072437830109],[-76.59297002225755,39.28071340674074],[-76.59296942688624,39.2807024342796],[-76.59296883151508,39.28069146181844],[-76.59296823614415,39.28068048935718],[-76.5929676407734,39.28066951689595],[-76.5929670453976,39.28065854533541],[-76.59296645002722,39.28064757287407],[-76.59296585465702,39.28063660041271],[-76.59296525928701,39.28062562795131],[-76.59296466391196,39.2806146563906],[-76.59296406854232,39.28060368392909],[-76.59296347317286,39.28059271146758],[-76.59296287780353,39.28058173900602],[-76.59296228243443,39.28057076654444],[-76.59296168706037,39.28055979498354],[-76.59296109169165,39.28054882252185],[-76.59296049632304,39.28053785006012],[-76.5929599009547,39.28052687759836],[-76.59295930558652,39.2805159051366],[-76.59295871021331,39.28050493357551],[-76.5929581148455,39.28049396111365],[-76.59295751947788,39.28048298865175],[-76.59295692411045,39.28047201618976],[-76.59295632873798,39.28046104462852],[-76.59295573337091,39.2804500721665],[-76.59295513800403,39.28043909970445],[-76.59295454263729,39.28042812724235],[-76.59295394727077,39.28041715478018],[-76.59295335189928,39.28040618321874],[-76.59295275653312,39.28039521075655],[-76.5929521611671,39.28038423829429],[-76.59295156580134,39.28037326583202],[-76.59295097043574,39.28036229336967],[-76.59295037506512,39.28035132180805],[-76.59294977969989,39.2803403493456],[-76.59294886876613,39.28032357397156],[-76.59295591060462,39.28032322365683],[-76.59296297231774,39.2803230454564],[-76.59297003510717,39.28032288167147],[-76.59297709678921,39.28032270887468],[-76.59298415742077,39.28032251715776],[-76.59299121807295,39.28032232183743],[-76.59299827874061,39.28032212381446],[-76.59300533942888,39.28032192218803],[-76.59301240012746,39.28032171875973],[-76.59301945969287,39.28032151082326],[-76.59302652043269,39.28032130018816],[-76.59303358117764,39.28032108865185],[-76.59304064076875,39.28032087621037],[-76.59304770152396,39.28032066287174],[-76.59305476229461,39.28032044683045],[-76.59306182193208,39.28032022628101],[-76.59306888160053,39.28032000032661],[-76.59307593898707,39.2803197680586],[-76.59308308570168,39.2803193190156],[-76.59308390057569,39.28032435530527],[-76.59308420870207,39.2803298411219],[-76.59308454928528,39.28033532615023],[-76.59308489218655,39.28034081118658],[-76.59308521886207,39.28034629616668],[-76.59308550612683,39.28035178191105],[-76.59308570296994,39.28035727094522],[-76.59308587662817,39.2803627607998],[-76.59308611172828,39.28036824816493],[-76.59308637000821,39.28037373561037],[-76.593086641037,39.28037922309994],[-76.59308692134296,39.2803847097209],[-76.59308721207981,39.28039019637793],[-76.59308751441182,39.28039568217442],[-76.59308781422776,39.28040100042013],[-76.59308782369777,39.28040116799496],[-76.59308813414273,39.28040665381953],[-76.59308843763384,39.28041213961998],[-76.59308874576095,39.28041762543648],[-76.59308905620607,39.28042311126099],[-76.59308935737933,39.28042859705342],[-76.59308964000363,39.28043408368228],[-76.59308989596612,39.28043957111957],[-76.59309013454377,39.28044505849661],[-76.59309036152634,39.28045054673426],[-76.59309058387306,39.2804560349558],[-76.59309080969679,39.28046152318944],[-76.59309104479244,39.28046701145515],[-76.59309129611916,39.28047249887629],[-76.59309156598974,39.28047798636169],[-76.59309184513745,39.28048347297845],[-76.59309213123913,39.28048895961931],[-76.59309242314102,39.28049444537944],[-76.59309271619675,39.28049993204436],[-76.59309300809866,39.28050541780451],[-76.59309329651853,39.28051090445334],[-76.59309357682552,39.28051639107406],[-76.59309384785544,39.28052187856339],[-76.59309410961349,39.28052736602059],[-76.59309436325866,39.28053285344969],[-76.59309460994989,39.28053834085468],[-76.59309485431801,39.28054382915236],[-76.59309509636822,39.28054931744202],[-76.59309533957742,39.28055480573569],[-76.59309558510979,39.28056029313663],[-76.59309583527303,39.28056578145439],[-76.59309609123646,39.28057126889144],[-76.593096357636,39.28057675546385],[-76.59309663330747,39.28058224206838],[-76.59309692288691,39.28058772872114],[-76.59309722754364,39.28059321362454],[-76.59309755074428,39.28059869859214],[-76.593097937705,39.28060418107838],[-76.59309839538498,39.28060966020652],[-76.59309890522998,39.2806151377138],[-76.59309944754231,39.28062061263129],[-76.5931000002857,39.28062608758487],[-76.59310054955216,39.28063156252643],[-76.59310110461887,39.28063703658726],[-76.59310167012174,39.2806425097835],[-76.59310224258387,39.28064798210306],[-76.59310281967683,39.28065345533944],[-76.59310340141106,39.28065892769106],[-76.59310398430431,39.28066440004674],[-76.59310456719768,39.28066987240241],[-76.59310514893218,39.28067534475401],[-76.59310572603077,39.28068081708957],[-76.59310629964733,39.28068629031382],[-76.59310686515097,39.28069176350994],[-76.59310742833161,39.28069723759876],[-76.59310798688151,39.28070271077078],[-76.59310854426731,39.2807081848395],[-76.59310909933524,39.28071365890023],[-76.59310965440321,39.2807191329609],[-76.59311020831232,39.28072460701754],[-76.59311076338045,39.28073008107823],[-76.59311132076674,39.2807355551469],[-76.59311187931202,39.28074102921956],[-76.59311244133961,39.28074650240355],[-76.59311300452626,39.2807519755915],[-76.59311357002578,39.28075744968822],[-76.59311413668961,39.28076292288823],[-76.59311470335345,39.28076839608821],[-76.59311527001742,39.28077386928819],[-76.59311583784049,39.28077934249215],[-76.59311640450466,39.28078481569209],[-76.5931169700047,39.28079028978875],[-76.59311753435104,39.28079576298065],[-76.59311809637948,39.28080123616451],[-76.59311864101274,39.28080671108962],[-76.59311910679304,39.28081219294769],[-76.59311994597657,39.28081764006865],[-76.5931210785359,39.28082306208371],[-76.59312213107307,39.28082849282918],[-76.59312314070687,39.2808339270291],[-76.59312414569968,39.28083936211368],[-76.59312514489254,39.2808447980789],[-76.59312614060849,39.28085023403207],[-76.59312713400148,39.28085567087791],[-76.59312812507663,39.28086110771573],[-76.5931291138339,39.2808665445455],[-76.59313009099107,39.2808719831366],[-76.59313106351242,39.28087742171162],[-76.59313203951085,39.28088286029868],[-76.59313302826877,39.28088829712837],[-76.593134022827,39.28089373307736],[-76.59313502086235,39.28089916903839],[-76.59313602121584,39.28090460500745],[-76.59313702156945,39.28091004097652],[-76.59313802424644,39.28091547605278],[-76.59313902576456,39.28092091112506],[-76.59314002843664,39.28092634710207],[-76.59314103111409,39.28093178217833],[-76.59314203146852,39.28093721814725],[-76.59314303298207,39.28094265412021],[-76.59314403450095,39.28094808919239],[-76.59314503601482,39.28095352516531],[-76.593146037534,39.28095896023745],[-76.59314703904818,39.28096439621033],[-76.59314803940867,39.28096983127844],[-76.5931490386052,39.28097526724325],[-76.5931500354838,39.2809807032],[-76.59315102656248,39.28098614003741],[-76.59315201531813,39.28099157776755],[-76.59315300639705,39.28099701460493],[-76.59315400211733,39.28100245055759],[-76.59315504771079,39.28100788037767],[-76.59315896862161,39.28100930545447],[-76.59316543703216,39.28100709756838],[-76.59317191233436,39.28100490051493],[-76.59317434289578,39.2810040757271],[-76.59317838648229,39.28100270255638],[-76.59318486064539,39.28100050189522],[-76.59319133364387,39.28099830213046],[-76.59319780665228,39.2809961005638],[-76.59320427620912,39.28099389448108],[-76.59321072737657,39.28099166131138],[-76.59321673033537,39.2809887636273],[-76.59322268954101,39.28098581534858],[-76.59322862343923,39.28098283365376],[-76.5932345538755,39.28097984924432],[-76.59324049927497,39.28097688290166],[-76.59324647460129,39.28097395269289],[-76.59325247754164,39.28097105770917],[-76.59325849889639,39.28096818530801],[-76.59326452716338,39.28096532013661],[-76.59327055081962,39.2809624504451],[-76.59327655951689,39.28095956178546],[-76.59328255325514,39.28095665415765],[-76.59328853893155,39.28095373749399],[-76.59329452116145,39.28095081541355],[-76.59330050454473,39.28094789423755],[-76.59330649137348,39.28094497847772],[-76.59331248050427,39.28094206542789],[-76.59331846962939,39.28093915327847],[-76.59332445991302,39.28093624113276],[-76.59333044904233,39.28093332808195],[-76.59333643701729,39.28093041412611],[-76.59334242268926,39.28092749745972],[-76.59334840721726,39.28092457808673],[-76.5933543905909,39.2809216578087],[-76.59336037165639,39.28091873572086],[-76.59336635388556,39.28091581273596],[-76.59337233379625,39.28091288974277],[-76.59337831487055,39.28090996585246],[-76.59338429709307,39.28090704376739],[-76.59339027931509,39.28090412168203],[-76.59339626152629,39.28090120139782],[-76.5934022471985,39.2808982838276],[-76.59340823402411,39.2808953671618],[-76.59341422083884,39.28089245229721],[-76.5934202088069,39.28088953833705],[-76.59342619678483,39.2808866225751],[-76.59343218244943,39.28088370590407],[-76.59343816696487,39.28088078742726],[-76.59344414918247,39.28087786533912],[-76.59345012909188,39.28087494144115],[-76.59345610785213,39.28087201573737],[-76.59346208661705,39.28086908913254],[-76.59346806537637,39.28086616342818],[-76.5934740452838,39.28086323952893],[-76.59348002749844,39.28086031743898],[-76.59348601316375,39.28085739986442],[-76.59349200112597,39.28085448590058],[-76.5934979936978,39.28085157645622],[-76.59350398741269,39.2808486697178],[-76.59350998343477,39.28084576478857],[-76.59351598060502,39.28084286166452],[-76.59352197892343,39.28083996034566],[-76.59352797724142,39.28083705902655],[-76.59353397671785,39.28083415771107],[-76.59353997387582,39.28083125638731],[-76.59354597104361,39.28082835326174],[-76.59355196706227,39.28082544833033],[-76.59355796077789,39.28082254068836],[-76.59356395219049,39.28081963033586],[-76.59356994015145,39.28081671546726],[-76.59357592350688,39.28081379517786],[-76.5935819022568,39.2808108694676],[-76.59358787870373,39.28080794104682],[-76.59359385284766,39.28080500991544],[-76.59359982815006,39.28080207878781],[-76.59360580344165,39.28079914946134],[-76.59361178104044,39.28079622194407],[-76.59361776093611,39.2807932980375],[-76.59362374544139,39.28079037865039],[-76.59362972994109,39.28078746016372],[-76.59363571558896,39.28078454348221],[-76.5936417023953,39.28078162680446],[-76.59364769034988,39.28077871193188],[-76.59365367830391,39.28077579705895],[-76.59365966625235,39.28077288308653],[-76.59366565420022,39.28076996911375],[-76.59367164330148,39.28076705604546],[-76.59367763240742,39.28076414207606],[-76.59368362035389,39.28076122810238],[-76.5936896082998,39.28075831412838],[-76.59369559625044,39.28075539925333],[-76.59370158420052,39.28075248437796],[-76.59370757329884,39.28074957130782],[-76.59371356239666,39.28074665823733],[-76.59371955149399,39.28074374516657],[-76.59372553943696,39.28074083119071],[-76.59373152738465,39.2807379163138],[-76.59373751302414,39.28073499962714],[-76.5937434986683,39.28073208203937],[-76.59374948086079,39.28072915993552],[-76.59375545959641,39.28072623421641],[-76.59376143487518,39.28072330488196],[-76.59376741131764,39.28072037465046],[-76.59377338659029,39.28071744621612],[-76.5937793653291,39.28071451959501],[-76.59378534751345,39.28071159839009],[-76.5937913354562,39.28070868351013],[-76.59379732684963,39.28070577314558],[-76.59380332053993,39.28070286639177],[-76.59380931538362,39.28069996054238],[-76.59381531023192,39.28069705379194],[-76.59382130161826,39.28069414432689],[-76.59382728955802,39.28069122944508],[-76.59383327173845,39.28068830823769],[-76.59383924932366,39.28068537980804],[-76.59384522344688,39.28068244866378],[-76.59385119526706,39.28067951480899],[-76.59385716939443,39.28067658276336],[-76.5938631458187,39.28067365432847],[-76.59386912684749,39.28067073131372],[-76.59387511478332,39.28066781642946],[-76.59388110616989,39.28066490606061],[-76.59388709985332,39.28066199930249],[-76.59389309583874,39.28065909525431],[-76.59389909413656,39.28065619211451],[-76.59390509242353,39.28065329077596],[-76.59391109071001,39.28065038943707],[-76.59391708899599,39.2806474880979],[-76.59392308613283,39.28064458495292],[-76.59392908096669,39.28064167909737],[-76.59393507119498,39.280638767821],[-76.5939410441668,39.28063583396557],[-76.59394683281282,39.28063270490775],[-76.59395213521957,39.28062907514585],[-76.59395741455424,39.28062542638793],[-76.5939627319495,39.28062181018878],[-76.59396804472887,39.2806181903704],[-76.59397334827696,39.28061456331376],[-76.59397864952719,39.28061093264586],[-76.59398394615637,39.28060729925949],[-76.59398923817993,39.28060366045238],[-76.5939945278953,39.2806000198355],[-76.59399981529728,39.28059637830962],[-76.59400510155005,39.28059273497799],[-76.59401038664846,39.28058909074139],[-76.59401567174633,39.28058544650455],[-76.59402095568463,39.28058180226346],[-76.59402623847886,39.28057815531587],[-76.59403151434952,39.28057450293957],[-76.59403683518839,39.28057089125278],[-76.59403829555173,39.28056683926148],[-76.59403465303316,39.28056213459558],[-76.59403101865378,39.28055742545384],[-76.59402744353807,39.28055268949386],[-76.59402389631073,39.28054794101954],[-76.59402036070993,39.28054318627992],[-76.59401683091484,39.28053842975872],[-76.59401330112021,39.28053367323741],[-76.59400976551562,39.28052891939814],[-76.59400621597273,39.28052417091523],[-76.59400265131703,39.2805194304868],[-76.59399908434381,39.2805146900503],[-76.59399551620177,39.28050995141112],[-76.59399194574226,39.28050521276381],[-76.59398837527803,39.28050047501716],[-76.59398480249632,39.28049573726233],[-76.59398122855092,39.2804910004042],[-76.59397765460089,39.28048626444665],[-76.59397407949746,39.28048152758424],[-76.59397050438935,39.28047679162245],[-76.59396692812274,39.28047205565655],[-76.59396335301048,39.28046732059529],[-76.59395977674484,39.28046258462918],[-76.59395620047961,39.28045784866292],[-76.59395262421492,39.28045311269657],[-76.59394904910972,39.28044837673411],[-76.59394547400495,39.2804436407715],[-76.59394190006479,39.28043890391206],[-76.59393832728415,39.28043416705655],[-76.59393475450914,39.28042942930011],[-76.59393118405258,39.28042469155159],[-76.59392761708374,39.2804199520135],[-76.59392405127949,39.28041521157854],[-76.59392048663992,39.28041047024674],[-76.59391692315984,39.28040572891882],[-76.59391335852122,39.28040098758678],[-76.59390979271889,39.28039624715141],[-76.59390622458878,39.28039150850935],[-76.59390265297702,39.2803867707559],[-76.59389907207323,39.28038203657326],[-76.59389547605666,39.28037731044518],[-76.59389187539431,39.28037258610237],[-76.59388828054283,39.28036785907727],[-76.59388470196406,39.28036312400144],[-76.5938811384887,39.28035838267236],[-76.59387758082424,39.28035363866103],[-76.59387402780652,39.28034889286403],[-76.59387047711753,39.2803441452735],[-76.59386692642907,39.28033939768284],[-76.59386337341277,39.28033465188554],[-76.5938598157507,39.28032990787359],[-76.59385624995554,39.28032516743644],[-76.59385268067361,39.28032042878867],[-76.593849109069,39.28031569103349],[-76.59384553514175,39.28031095417096],[-76.59384196005084,39.28030621820503],[-76.59383838380141,39.28030148223498],[-76.59383480638313,39.28029674806228],[-76.59383122664738,39.28029201388149],[-76.5938276469121,39.28028727970055],[-76.59382406601318,39.28028254641625],[-76.59382048395577,39.28027781312783],[-76.59381690073465,39.28027308073602],[-76.59381325940998,39.28026837516607],[-76.59381462515805,39.28026465523174],[-76.59382063951742,39.28026177557118],[-76.59382658368865,39.28025880649199],[-76.59383248641439,39.28025578862792],[-76.59383837070924,39.28025275088307],[-76.59384425041409,39.28024970501516],[-76.59385012550311,39.28024665552792],[-76.59385600059676,39.28024360513967],[-76.59386187684372,39.28024055565589],[-76.59386775538239,39.28023751068352],[-76.59387364083838,39.28023447204013],[-76.59387952743744,39.28023143610268],[-76.59388541634871,39.28022840107371],[-76.59389130524406,39.28022536874666],[-76.59389719645169,39.28022233732808],[-76.5939030899665,39.28021930771872],[-76.5939089834705,39.28021627991058],[-76.59391487928168,39.28021325391158],[-76.59392077738968,39.28021023152331],[-76.59392668011253,39.28020721275375],[-76.59393258397833,39.28020419669014],[-76.59393848899234,39.2802011824317],[-76.59394439285718,39.28019816636748],[-76.59395029672663,39.28019514940225],[-76.59395619713928,39.28019212882166],[-76.59396209524377,39.28018910643132],[-76.59396799335293,39.28018608313991],[-76.59397389030769,39.28018305894343],[-76.59397978610818,39.28018003384194],[-76.59398568191334,39.28017700783938],[-76.59399157656411,39.28017398093179],[-76.59399747121438,39.28017095402384],[-76.59400336471548,39.28016792531017],[-76.59400925706228,39.28016489569143],[-76.59401514825986,39.28016186426686],[-76.59402103946213,39.28015883194129],[-76.59402692950488,39.28015579961138],[-76.59403282070095,39.28015276818592],[-76.59403871189136,39.28014973766096],[-76.59404460423512,39.2801467080404],[-76.59405049542968,39.28014367661405],[-76.59405638546991,39.28014064428268],[-76.59406227436099,39.28013761014548],[-76.5940681597952,39.28013457239299],[-76.59407403832139,39.2801315265095],[-76.59407990993954,39.28012847249494],[-76.59408578040852,39.28012541667459],[-76.59409165317437,39.28012236446492],[-76.59409753515489,39.28011932219523],[-76.59410342979611,39.28011629528196],[-76.5941093313495,39.28011327559837],[-76.59411523634843,39.280110261331],[-76.5941211448032,39.28010725067829],[-76.59412705555999,39.28010424273555],[-76.59413296747007,39.28010123569729],[-76.59413888053355,39.28009822956342],[-76.59414479128364,39.28009522252054],[-76.59415116700757,39.2800919756793],[-76.59415411721054,39.28009046448319],[-76.59415706740825,39.28008895418781],[-76.59416001645201,39.28008744298759],[-76.59416296665461,39.28008593179125],[-76.59416591569806,39.28008442059088],[-76.59416886474143,39.28008290939043],[-76.5941718137795,39.28008139909064],[-76.59417476398158,39.280079887894],[-76.59417771302461,39.28007837669334],[-76.59418066322644,39.2800768654966],[-76.59418361226399,39.28007535519651],[-76.59418656246044,39.28007384490036],[-76.59418951265675,39.28007233460409],[-76.59419246400675,39.28007082521257],[-76.59419541419769,39.28006931581691],[-76.59419836554743,39.2800678064252],[-76.59420131804578,39.28006629883892],[-76.59420428321037,39.28006480570856],[-76.59420725182083,39.28006331799457],[-76.59421020201111,39.28006180859855],[-76.59421310495048,39.28006065754314],[-76.59421634943243,39.28006179921006],[-76.59421960478323,39.28006286434955],[-76.59422285192335,39.28006394657508],[-76.59422609673014,39.28006503149476],[-76.59422934269607,39.28006611641837],[-76.59423258867749,39.28006719863964],[-76.59423583699245,39.28006827816655],[-76.59423911333947,39.28006931995818],[-76.59424241305169,39.28007032940292],[-76.59424546764667,39.28007164065742],[-76.59424754454884,39.28007387632095],[-76.59424946109934,39.28007618349159],[-76.59425137182419,39.28007849604666],[-76.594253343012,39.28008077458156],[-76.59425532582075,39.28008304775196],[-76.59425730980398,39.28008531822412],[-76.59425929726436,39.28008758870826],[-76.59426128705309,39.28008985739886],[-76.59426327800608,39.28009212519267],[-76.59426527012336,39.28009439208973],[-76.59426726339458,39.28009665989148],[-76.59426925551207,39.28009892678845],[-76.59427124646561,39.28010119458214],[-76.59427323741923,39.28010346237578],[-76.59427522604474,39.28010573196287],[-76.59427721467554,39.2801080006492],[-76.59427920214227,39.28011027023222],[-76.59428119076816,39.2801125398192],[-76.59428317823517,39.28011480940216],[-76.59428516686131,39.28011707898911],[-76.59428715432855,39.28011934857199],[-76.59428914179598,39.28012161815484],[-76.59429113042252,39.28012388774166],[-76.59429311789015,39.28012615732443],[-76.5942951053579,39.28012842690717],[-76.59429709282585,39.28013069648988],[-76.59429908145289,39.28013296607654],[-76.59430106892103,39.28013523565917],[-76.59430305638935,39.28013750524179],[-76.59430504385774,39.28013977482434],[-76.59430703248529,39.28014204441091],[-76.59430901995394,39.2801443139934],[-76.59431100742277,39.28014658357588],[-76.59431299605065,39.2801488531623],[-76.59431498351972,39.28015112274468],[-76.59431697214792,39.28015339233104],[-76.5943189596172,39.28015566191335],[-76.59432094708151,39.28015793239643],[-76.59432293339208,39.28016020197467],[-76.59432492085661,39.28016247245761],[-76.59432690832645,39.28016474203979],[-76.5943288946374,39.28016701161793],[-76.59433088210231,39.28016928210081],[-76.59433286957254,39.28017155168289],[-76.59433485704284,39.2801738212649],[-76.59433684451332,39.28017609084691],[-76.59433883314284,39.28017836043288],[-76.59434082293667,39.28018062912207],[-76.59434281273063,39.28018289781125],[-76.5943448025247,39.28018516650036],[-76.59434679348308,39.28018743429271],[-76.59434878560566,39.28018970118827],[-76.5943507800464,39.28019196809181],[-76.59435277565649,39.28019423319784],[-76.59435477243089,39.28019649740706],[-76.59435677152339,39.28019876162424],[-76.59435877062113,39.28020102494066],[-76.59436076971899,39.28020328825706],[-76.594362769976,39.28020555157742],[-76.59436476790999,39.2802078157905],[-76.59436676700315,39.28021008000751],[-76.59436876377843,39.28021234421648],[-76.59437075938452,39.28021461022293],[-76.5943727526728,39.28021687622133],[-76.59437474362777,39.28021914491394],[-76.59437673226491,39.2802214135985],[-76.59437871857389,39.2802236840765],[-76.59438070488305,39.28022595455445],[-76.59438268886915,39.28022822592514],[-76.59438467285543,39.2802304972958],[-76.59438665567765,39.28023276956316],[-76.5943886373359,39.2802350427272],[-76.59439061899425,39.28023731589122],[-76.59439260065275,39.28023958905523],[-76.59439458115234,39.28024186221519],[-76.59439656165212,39.2802441353751],[-76.59439854215202,39.28024640853496],[-76.59440052265199,39.28024868169485],[-76.59440250431112,39.28025095485864],[-76.59440448597037,39.2802532280224],[-76.59440646879388,39.28025550028942],[-76.59440845161755,39.28025777255639],[-76.59441043560543,39.28026004392659],[-76.59441242075245,39.28026231530075],[-76.59441440706372,39.28026458577812],[-76.59441639453929,39.28026685535871],[-76.5944183831739,39.28026912494327],[-76.59442037181385,39.28027139362707],[-76.5944223616129,39.28027366231483],[-76.59442435257624,39.28027593010579],[-76.59442634238069,39.28027819789273],[-76.59442833450321,39.28028046568762],[-76.59443032546692,39.28028273347851],[-76.59443231758971,39.28028500127331],[-76.5944343097178,39.2802872681674],[-76.594436303005,39.2802895350654],[-76.5944382951282,39.28029180286012],[-76.59444028725663,39.28029406975406],[-76.59444227938523,39.28029633664799],[-76.59444427150883,39.2802986044426],[-76.59444626363249,39.2803008722372],[-76.59444825460251,39.28030313912699],[-76.5944502455623,39.28030540781828],[-76.59445223652737,39.28030767560873],[-76.59445422632845,39.28030994429592],[-76.59445621612966,39.28031221298308],[-76.59445820477202,39.28031448166617],[-76.59446019457349,39.28031675035325],[-76.59446218437508,39.2803190190403],[-76.59446417417678,39.28032128772733],[-76.59446616281966,39.28032355641031],[-76.59446815262163,39.28032582509721],[-76.59447014126476,39.28032809378013],[-76.59447213106183,39.28033036336774],[-76.59447411970521,39.28033263205059],[-76.59447610834353,39.28033490163412],[-76.59447809698716,39.28033717031688],[-76.5944800844668,39.28033943989639],[-76.59448207310548,39.28034170947981],[-76.59448406058537,39.28034397905918],[-76.59448604806019,39.28034624953933],[-76.59448803438133,39.28034851911465],[-76.59449002069742,39.28035078959068],[-76.59449200701371,39.28035306006667],[-76.59449399217105,39.28035533053865],[-76.59449597732342,39.28035760191135],[-76.5944979624759,39.28035987328398],[-76.59449994414126,39.28036214644612],[-76.59450191883221,39.28036442318712],[-76.59450389119505,39.28036670172161],[-76.59450586007584,39.28036898114479],[-76.59450782895165,39.28037126146873],[-76.59450979899172,39.28037354089589],[-76.59451177136022,39.28037581852946],[-76.59451374838017,39.2803780934768],[-76.59451573237483,39.28038036484514],[-76.59451772334926,39.28038263173372],[-76.594519953827,39.2803847679376],[-76.59452243251,39.28038281733359],[-76.59452509578668,39.280381015092],[-76.59452779021177,39.28037923817922],[-76.59453046503174,39.28037744408423],[-76.59453309718012,39.28037561291053],[-76.59453572355909,39.28037377721307],[-76.59453834763541,39.28037193880535],[-76.59454096825007,39.28037009768327],[-76.59454358655695,39.28036825475164],[-76.59454620371496,39.28036641001448],[-76.59454881856004,39.28036456436849],[-76.59455143225111,39.28036271781775],[-76.59455404594723,39.28036087036617],[-76.59455665964319,39.28035902291452],[-76.59455927333899,39.28035717546282],[-76.59456186626555,39.28035531172566],[-76.59456444881769,39.28035343804419],[-76.5945670244467,39.28035155893419],[-76.59456959776786,39.28034967801465],[-76.59457217916577,39.28034780342828],[-76.59457478132236,39.28034594692875],[-76.59457739847359,39.28034410309164],[-76.59458002370161,39.28034226558768],[-76.59458265468834,39.28034043440887],[-76.59458529029553,39.28033860594827],[-76.59458792821017,39.28033677929707],[-76.59459056611959,39.28033495354655],[-76.59459320980319,39.28033313141895],[-76.59459585808658,39.28033131561256],[-76.59459851099552,39.28032950162357],[-76.59460116159148,39.28032768672574],[-76.59460380641806,39.28032586730419],[-76.59460644317799,39.28032403974779],[-76.59460906840449,39.28032220224321],[-76.59461168440014,39.28032035750056],[-76.5946142946264,39.2803185082341],[-76.59461690140135,39.28031665445187],[-76.59461950586334,39.28031479976084],[-76.594622111479,39.28031294597453],[-76.5946247182484,39.28031109309286],[-76.59462732963297,39.28030924383014],[-76.594629950243,39.28030740270604],[-76.59463258700157,39.2803055751491],[-76.59463523413423,39.28030375753629],[-76.59463790317946,39.28030195891505],[-76.59463938943402,39.28030006253249],[-76.59463733011896,39.280297788204],[-76.59463531706058,39.28029553205033],[-76.59463333887486,39.28029325800172],[-76.59463136418167,39.28029098126284],[-76.59462938948862,39.28028870452393],[-76.59462741711877,39.28028642689226],[-76.5946254447491,39.28028414926053],[-76.59462347470266,39.28028187073603],[-76.59462150466148,39.28027959131071],[-76.5946195357794,39.2802773118894],[-76.59461756806162,39.28027503157129],[-76.59461560034391,39.28027275125316],[-76.59461363494952,39.28027047004226],[-76.59461166955521,39.28026818883131],[-76.59460970416102,39.28026590762033],[-76.59460773993112,39.28026362551253],[-76.59460577454234,39.28026134340073],[-76.5946038103075,39.28025906219364],[-76.59460184607799,39.28025678008579],[-76.59459988300756,39.28025449798189],[-76.59459791878341,39.28025221497317],[-76.59459595571325,39.28024993286922],[-76.59459399264321,39.28024765076518],[-76.59459202957845,39.28024536776041],[-76.59459006650866,39.28024308565632],[-76.59458810344414,39.28024080265148],[-76.59458614037456,39.28023852054734],[-76.59458417731031,39.2802362375424],[-76.59458221424617,39.28023395453742],[-76.59458025117702,39.28023167243319],[-76.59457828927211,39.28022938943217],[-76.59457632620835,39.2802271064271],[-76.59457436313959,39.28022482432276],[-76.59457240007609,39.28022254131761],[-76.59457043701271,39.28022025831244],[-76.59456847394426,39.28021797620799],[-76.59456651088114,39.28021569320278],[-76.59456454781299,39.28021341109823],[-76.59456258474498,39.28021112899368],[-76.59456062051807,39.2802088468851],[-76.59455865745545,39.28020656387971],[-76.59455669322885,39.28020428177106],[-76.59455472899717,39.28020200056311],[-76.59455276477081,39.28019971845441],[-76.59455079938556,39.28019743634159],[-76.59454883515431,39.28019515513355],[-76.59454686976416,39.28019287392146],[-76.59454490437929,39.28019059180861],[-76.59454293898941,39.28018831059645],[-76.59454097359969,39.28018602938424],[-76.59453900821005,39.28018374817202],[-76.59453704282569,39.28018146605903],[-76.59453507743629,39.28017918484674],[-76.5945331120471,39.2801769036344],[-76.59453114665796,39.28017462242203],[-76.59452918010999,39.28017234120566],[-76.5945272147211,39.28017005999322],[-76.59452524933235,39.28016777878075],[-76.59452328278475,39.28016549756425],[-76.59452131739116,39.28016321725244],[-76.59451935084381,39.28016093603586],[-76.59451738545556,39.28015865482326],[-76.59451541890847,39.28015637360662],[-76.59451345352048,39.28015409239395],[-76.59451148696849,39.28015181207802],[-76.59450952158075,39.28014953086527],[-76.59450755503416,39.28014724964849],[-76.59450558848771,39.28014496843169],[-76.59450362309518,39.28014268811958],[-76.59450165654897,39.28014040690268],[-76.59449969000289,39.28013812568576],[-76.59449772461592,39.28013584447282],[-76.59449575806494,39.28013356415657],[-76.59449379151924,39.28013128293955],[-76.5944918261327,39.28012900172651],[-76.5944898595821,39.28012672141018],[-76.59448789303673,39.28012444019306],[-76.59448592765054,39.28012215897991],[-76.59448396110548,39.2801198777627],[-76.59448199455538,39.28011759744622],[-76.59448002916953,39.28011531623295],[-76.59447806262484,39.28011303501566],[-76.59447609723925,39.28011075380235],[-76.59447413068968,39.28010847348571],[-76.59447216414536,39.28010619226831],[-76.59447019876015,39.28010391105489],[-76.59446823337505,39.28010162984141],[-76.59446626683112,39.28009934862391],[-76.59446430144634,39.28009706741037],[-76.59446233490266,39.28009478619281],[-76.59446036951807,39.28009250497919],[-76.59445840413362,39.28009022376556],[-76.5944564387493,39.28008794255192],[-76.59445447336513,39.28008566133819],[-76.59445250798106,39.28008338012445],[-76.59445054259712,39.28008109891068],[-76.59444857721329,39.28007881769685],[-76.5944466118348,39.28007653558227],[-76.59444464761019,39.28007425437239],[-76.59444268339091,39.28007197226176],[-76.59444072033583,39.2800696892543],[-76.59443875728091,39.28006740624686],[-76.59443679538511,39.28006512324334],[-76.59443483348947,39.28006284023983],[-76.59443287159391,39.28006055723625],[-76.59443091086258,39.28005827333589],[-76.59442895129041,39.2800559894395],[-76.5944269905645,39.28005370463835],[-76.59442503215669,39.28005141984516],[-76.59442307607215,39.28004913415917],[-76.59442111999289,39.28004684757241],[-76.59441916507271,39.28004456098965],[-76.59441720899365,39.28004227440282],[-76.59441525290961,39.28003998871672],[-76.59441329566667,39.28003770302659],[-76.59441133493667,39.28003541912588],[-76.59440937304262,39.28003313612189],[-76.59440740882557,39.28003085401063],[-76.59440544344457,39.28002857279606],[-76.59440347574052,39.2800262924742],[-76.59440150803664,39.28002401215232],[-76.59439954032774,39.28002173273113],[-76.59439757145995,39.28001945330592],[-76.59439560143332,39.28001717387669],[-76.59439363140682,39.28001489444737],[-76.59439166253425,39.28001261592278],[-76.594389692508,39.28001033649345],[-76.59438772248188,39.28000805706402],[-76.5943857536149,39.28000577763863],[-76.59438378590696,39.28000349821718],[-76.59438181820434,39.28000121789493],[-76.59437985050701,39.27999893667192],[-76.59437788512774,39.27999665545686],[-76.59437592090761,39.27999437424577],[-76.59437395785682,39.27999209123716],[-76.59437199480621,39.27998980822854],[-76.59437003291468,39.27998752522386],[-76.59436807102334,39.27998524221918],[-76.59436611029103,39.27998295921842],[-76.59436414840505,39.27998067531291],[-76.59436218651403,39.27997839230812],[-76.59436022345903,39.27997611019999],[-76.59435825925034,39.27997382718713],[-76.59435629503142,39.27997154597571],[-76.59435432733058,39.27996926565299],[-76.5943523584657,39.279966986227],[-76.59435038727784,39.27996470769369],[-76.59434841609014,39.27996242916031],[-76.59434644606152,39.27996015063094],[-76.59434447719714,39.27995787120481],[-76.59434251078461,39.27995536569541],[-76.59434569252842,39.27995024953753],[-76.59434675958957,39.27994504590839],[-76.59434583013277,39.27993956155197],[-76.59434394431082,39.27993410992323],[-76.59434086780412,39.27992913158698],[-76.59433699481572,39.27992460178245],[-76.59433300333882,39.279920119309],[-76.59432890731725,39.2799156779095],[-76.59432472533592,39.27991127044198],[-76.59432046901556,39.27990689154194],[-76.59431615462303,39.27990253405954],[-76.59431179725094,39.27989819354302],[-76.59430741084822,39.27989386283448],[-76.59430301051246,39.27988953658143],[-76.5942986125107,39.279885207634],[-76.59429422962258,39.27988087063174],[-76.59428987695084,39.27987651932144],[-76.59428909683864,39.27987572665722],[-76.59428557075734,39.27987214745397],[-76.59428132498068,39.27986774967285],[-76.59427717217025,39.27986330897606],[-76.59427342861404,39.27985864360107],[-76.59426991172394,39.27985386281041],[-76.594266213338,39.27984920299577],[-76.59426038648341,39.279847880364],[-76.59425528757019,39.27984998765209],[-76.59425674756623,39.27984599510647],[-76.59426174077539,39.27984210484198],[-76.59426661508819,39.2798381303956],[-76.5942714836364,39.27983415052446],[-76.59427634640467,39.27983016793091],[-76.59428120687501,39.27982618172617],[-76.59428606271921,39.2798221937037],[-76.59429091625523,39.27981820387156],[-76.59429576864198,39.27981421223369],[-76.59430061987439,39.27981021969084],[-76.59430547226006,39.27980622805256],[-76.59431032348621,39.27980223641008],[-76.59431517702465,39.27979824567615],[-76.59432002594718,39.27979425132302],[-76.59432486908977,39.27979025424739],[-76.59432971108829,39.27978625446536],[-76.59433455192725,39.27978225467913],[-76.59433939622714,39.27977825760692],[-76.59434420230598,39.27977425589867],[-76.59434923952742,39.27977685578444],[-76.59435460963985,39.27978042423975],[-76.5943599133511,39.27978405191593],[-76.59436521356534,39.2797876831828],[-76.59437051029295,39.27979131623892],[-76.59437580584662,39.27979495199305],[-76.59438110024188,39.27979858774293],[-76.59438639463254,39.27980222439334],[-76.59439168902884,39.27980586014268],[-76.59439698459502,39.27980949409436],[-76.59440228247965,39.27981312805377],[-76.59440757920591,39.27981676200897],[-76.5944128724454,39.2798203977534],[-76.59441816101869,39.27982403888601],[-76.59442344143844,39.27982768719639],[-76.59442871603297,39.27983134089098],[-76.59443398829974,39.27983499637879],[-76.59443926406462,39.27983864827541],[-76.59444454215831,39.27984229837828],[-76.59444982025248,39.2798459484809],[-76.59445509951136,39.27984959768658],[-76.59446038226318,39.27985324420174],[-76.59446566851308,39.27985688712572],[-76.59447095825593,39.27986052735919],[-76.59447625032753,39.27986416579893],[-76.59448154240484,39.27986780333774],[-76.5944868368058,39.27987143998349],[-76.59449213121246,39.27987507572828],[-76.59449410997671,39.27987643460578],[-76.59449742561966,39.27987871147283],[-76.59450272002739,39.27988234721714],[-76.59450801443569,39.2798859829612],[-76.59451330884451,39.27988961870502],[-76.59451860208972,39.27989325534533],[-76.59452389649448,39.27989689198941],[-76.59452919089981,39.27990052863327],[-76.59453448415178,39.27990416437213],[-76.59453977855817,39.27990780101546],[-76.59454507297025,39.27991143675784],[-76.59455036737774,39.27991507340069],[-76.59455566063194,39.27991870913858],[-76.59456095504045,39.27992234578093],[-76.59456624945472,39.27992598152233],[-76.5945715427054,39.27992961816026],[-76.59457683712074,39.27993325390117],[-76.59458213153147,39.27993689054257],[-76.59458742594789,39.27994052628299],[-76.59459272036482,39.27994416202318],[-76.59459801477718,39.27994779866386],[-76.59460330803627,39.27995143439956],[-76.59460860244971,39.27995507103974],[-76.59461389570468,39.27995870767572],[-76.59461919011923,39.27996234431543],[-76.59462448221632,39.2799659809469],[-76.59462977663193,39.27996961758615],[-76.59463507454564,39.27997325063416],[-76.5946403747881,39.2799768818884],[-76.59464567387219,39.27998051313844],[-76.59465096828994,39.2799841497767],[-76.59465625572349,39.27998779179519],[-76.59466153151122,39.27999144368164],[-76.59466679797609,39.27999510454334],[-76.59467206910318,39.27999876091705],[-76.59467734255398,39.28000241639775],[-76.59468261018463,39.28000607636196],[-76.59468786732837,39.28000974619817],[-76.59469310701077,39.28001342948534],[-76.59469832340081,39.28001713250864],[-76.59470351067797,39.28002085975192],[-76.59470866418047,39.28002461570284],[-76.59471379789339,39.28002838689819],[-76.59471891762701,39.28003217065584],[-76.59472402571987,39.28003596338066],[-76.59472912332585,39.28003976597751],[-76.59473421162451,39.28004357484735],[-76.59473929409791,39.28004738910143],[-76.5947443719102,39.28005120784303],[-76.59474944623064,39.28005502927465],[-76.59475452055163,39.28005885070604],[-76.5947595937142,39.28006267213323],[-76.59476467036458,39.28006649177072],[-76.59476975167199,39.28007030782094],[-76.59477483880576,39.2800741184865],[-76.59477993059653,39.28007792556483],[-76.59478502239304,39.28008173174217],[-76.59479011418495,39.28008553882003],[-76.59479520597736,39.28008934589769],[-76.59480029777038,39.28009315297513],[-76.59480538841009,39.2800969591476],[-76.59481048020415,39.28010076622456],[-76.59481557199878,39.2801045733013],[-76.59482066262981,39.28010838127459],[-76.59482575326659,39.28011218834691],[-76.59483084389871,39.28011599631969],[-76.59483593336726,39.28011980518904],[-76.59484102283636,39.28012361405816],[-76.59484610649054,39.28012742651007],[-76.59485090431281,39.28012791415845],[-76.59485551193103,39.2801237559131],[-76.59485978698555,39.28011938213876],[-76.59486429647485,39.28011515599733],[-76.59486885215838,39.28011095883948],[-76.59487336165688,39.28010673089619],[-76.59487784574469,39.28010248755211],[-76.59488232752425,39.28009824239837],[-76.59488681853918,39.28009400358165],[-76.59489131302018,39.28008976657825],[-76.5948958074955,39.28008553047539],[-76.59490029966264,39.28008129256286],[-76.59490478836771,39.28007705193598],[-76.59490927014406,39.28007280678118],[-76.59491374960702,39.28006856071744],[-76.59491822906949,39.28006431465355],[-76.59492270853653,39.28006006768872],[-76.59492718683892,39.28005582162049],[-76.59493166515105,39.28005157375057],[-76.5949361434575,39.28004732678121],[-76.59494061945064,39.280043078903],[-76.59494509660733,39.28003883012777],[-76.59494957144551,39.28003458134444],[-76.59495404512933,39.28003033165621],[-76.59495851881775,39.28002608106699],[-76.59496032507793,39.28002436413492],[-76.59496299018767,39.28002183046961],[-76.59496746156732,39.28001757807058],[-76.59497193062849,39.2800133256634],[-76.59497639738659,39.28000907054581],[-76.59498085259031,39.28000480908283],[-76.59498529855252,39.28000054218325],[-76.59498974105782,39.27999627166853],[-76.59499418471125,39.27999200295911],[-76.59499863298463,39.27998773696777],[-76.59500309049854,39.27998347641268],[-76.59500754800675,39.27997921675814],[-76.59501201014007,39.27997495892095],[-76.59501647804201,39.27997070560724],[-76.59502095633827,39.27996645863455],[-76.59502545195707,39.27996222253058],[-76.59502997182651,39.27995800182303],[-76.59503450093126,39.27995378745247],[-76.59503901964067,39.27994956674056],[-76.59504351063676,39.27994532791766],[-76.59504798662731,39.27994107823373],[-76.59505245567365,39.27993682672412],[-76.59505692242215,39.27993257160333],[-76.59506138570339,39.27992831466892],[-76.59506584667125,39.27992405682561],[-76.59507030648481,39.27991979807739],[-76.59507476745159,39.27991554023368],[-76.59507922957174,39.27991128329462],[-76.59508369516314,39.27990702726803],[-76.59508816305657,39.27990277395153],[-76.59509263672372,39.27989852425783],[-76.59509712425192,39.27989428271859],[-76.59510163949228,39.27989005928999],[-76.59510618013709,39.27988585216249],[-76.59511073804789,39.27988166581194],[-76.59511684786303,39.27988093203283],[-76.59512385221693,39.27988165697077],[-76.59513084703697,39.27988242781436],[-76.59513783943127,39.2798832175652],[-76.59514482948212,39.27988401181142],[-76.59515182067146,39.27988480966414],[-76.595158810702,39.27988560751248],[-76.59516580072761,39.27988640626111],[-76.59517279076874,39.27988720230714],[-76.5951797819742,39.27988799745599],[-76.59518677201051,39.2798887944019],[-76.59519376321107,39.27988959045066],[-76.59520075441699,39.27989038559826],[-76.59520774447947,39.27989117803922],[-76.59521473687036,39.27989196868624],[-76.59522172810757,39.27989275842808],[-76.59522872050391,39.27989354817352],[-76.59523571174654,39.27989433701384],[-76.59524270415346,39.27989512495695],[-76.59524969656569,39.27989591199892],[-76.5952566889832,39.27989669813973],[-76.59526368141115,39.27989748247861],[-76.59527067500336,39.2798982659203],[-76.59527767090343,39.27989905117111],[-76.5952846726756,39.27989982293027],[-76.59529096250087,39.27989963472428],[-76.59529540150963,39.27989536328514],[-76.59529977123081,39.2798910474697],[-76.59530413747963,39.27988673074134],[-76.59530861345081,39.27988248104734],[-76.59530977814786,39.27987924771595],[-76.59531031516654,39.27987775519938],[-76.59530798035935,39.27987257316916],[-76.59530563627034,39.27986739290846],[-76.59530328985856,39.27986221354045],[-76.5953009399651,39.27985703506115],[-76.59529859238991,39.27985185658978],[-76.5952962448202,39.27984667721761],[-76.59529389608673,39.27984149874213],[-76.59529154619459,39.2798363202626],[-76.59528919630284,39.27983114178301],[-76.5952868487345,39.27982596241063],[-76.59528450232546,39.27982078304218],[-76.59528216055787,39.27981560278892],[-76.59527982227777,39.27981042074607],[-76.59527749095712,39.27980523782636],[-76.59527517472915,39.27980005045483],[-76.59527287475292,39.27979485863539],[-76.59527058290533,39.27978966414163],[-76.59526828989392,39.27978447054456],[-76.59526598527765,39.27977927960974],[-76.59526366556936,39.27977409312673],[-76.59526133309205,39.27976891020262],[-76.59525899481501,39.27976372815931],[-76.59525665421528,39.27975854700866],[-76.59525431477482,39.27975336586201],[-76.59525198578096,39.27974818204896],[-76.59525342505157,39.27974334270182],[-76.59525736038792,39.27973878038326],[-76.59526127491358,39.2797342089852],[-76.59526518596695,39.27972963667429],[-76.59526909009161,39.27972505983552],[-76.59527297803635,39.279720474834],[-76.59527683362172,39.27971587350711],[-76.59528066378101,39.2797112594818],[-76.59528450434487,39.27970664999606],[-76.59528838766198,39.27970206317656],[-76.5952923068041,39.27969749449562],[-76.59529623403286,39.27969293034622],[-76.59530146306179,39.27968669796398],[-76.59530390660659,39.2796880548262],[-76.5953063838066,39.27969001351443],[-76.59530890176627,39.27969193811398],[-76.59531142903379,39.27969385644025],[-76.59531396212203,39.27969577028266],[-76.59531649637452,39.27969768322829],[-76.59531904226834,39.27969958720632],[-76.59532159282384,39.27970148669655],[-76.59532398855737,39.2797035045541],[-76.59532658343896,39.27970271271525],[-76.59532893169207,39.27970065985835],[-76.5953312614887,39.27969859162486],[-76.5953337043769,39.2796966093535],[-76.5953362741719,39.27969472930556],[-76.59533887166405,39.27969287007055],[-76.59534148876621,39.2796910271168],[-76.59534412087332,39.27968919502383],[-76.59534675989816,39.27968736925996],[-76.59534940238949,39.27968554530954],[-76.59535204026537,39.2796837177401],[-76.59535466891549,39.27968188203194],[-76.59535728141176,39.27968003365738],[-76.59535987314906,39.27967816719599],[-76.5953624533427,39.27967629258785],[-76.59536503007462,39.27967441526548],[-76.5953676033552,39.27967253342736],[-76.59537017201004,39.27967064977167],[-76.59537273952112,39.27966876340971],[-76.59537530357061,39.27966687433348],[-76.59537786530706,39.27966498434847],[-76.59538042473578,39.27966309255395],[-76.59538298417459,39.27966119895785],[-76.59538554244916,39.27965930625847],[-76.59538809957492,39.2796574117535],[-76.59539065785435,39.27965551815326],[-76.59539321613366,39.27965362455296],[-76.5953957755615,39.27965173275804],[-76.59539833614818,39.27964984096711],[-76.59540089904242,39.27964795098558],[-76.59540346308526,39.27964606280946],[-76.59540602944075,39.27964417554202],[-76.59540859348327,39.27964228736582],[-76.59541115522313,39.27964039647934],[-76.59541609198918,39.2796366347806],[-76.59541870170705,39.27963486656307],[-76.59542136378934,39.27963306159451],[-76.59542402471253,39.27963125662189],[-76.59542668679968,39.27962945075247],[-76.59542934772254,39.27962764577973],[-76.59543200980943,39.27962583991021],[-76.59543467073208,39.27962403493734],[-76.59543733165972,39.27962222906369],[-76.59543999258719,39.27962042318998],[-76.59544265466839,39.27961861822092],[-76.59544531559563,39.27961681234707],[-76.59544797651756,39.27961500737392],[-76.59545063860348,39.27961320150395],[-76.59545330068416,39.27961139653464],[-76.59545596276467,39.27960959156533],[-76.59545862484507,39.27960778659592],[-76.59546128692018,39.27960598252717],[-76.59546394899516,39.27960417845839],[-76.59546661222898,39.27960237439353],[-76.59546927546265,39.27960057032862],[-76.59547193985007,39.27959876716839],[-76.59547460423221,39.27959696490883],[-76.59547726861929,39.27959516174848],[-76.59547993415499,39.27959336039353],[-76.59548259969056,39.27959155903849],[-76.59548526753363,39.27958975949291],[-76.5954879376894,39.27958796085602],[-76.59549060898864,39.27958616492523],[-76.59549328144152,39.27958436989913],[-76.595495957361,39.27958257668649],[-76.59549863442899,39.27958078527922],[-76.59550131379939,39.27957899658214],[-76.59550399548247,39.27957720879371],[-76.59550668177563,39.2795754255249],[-76.59550937498146,39.27957364948595],[-76.59551207280253,39.27957187706589],[-76.59551477408495,39.27957010735999],[-76.59551747536723,39.27956833765401],[-76.59552017433654,39.27956656703922],[-76.59552286985451,39.2795647919087],[-76.5955255584493,39.2795630113497],[-76.59552823897735,39.27956122265593],[-76.59553090912068,39.27955942581952],[-76.59553357234599,39.27955762265388],[-76.59553623096606,39.27955581406771],[-76.59553888497065,39.27955400186256],[-76.59554153550846,39.27955218784387],[-76.59554418490251,39.27955037111887],[-76.59554683313752,39.2795485543899],[-76.5955494825313,39.27954673766477],[-76.59555213191986,39.27954492184038],[-76.59555478592364,39.27954310963486],[-76.59555744222979,39.27954130013946],[-76.595560105464,39.27953949517167],[-76.59556277329807,39.2795376965251],[-76.595565448055,39.27953590330682],[-76.59556812397081,39.27953411009245],[-76.59557079987616,39.27953231867955],[-76.59557347694039,39.27953052727054],[-76.59557615516343,39.27952873586549],[-76.59557883222226,39.27952694535712],[-76.59558151043476,39.27952515575342],[-76.59558418981122,39.27952336525291],[-76.59558686917734,39.27952157655386],[-76.5955895485484,39.27951978695394],[-76.59559222906807,39.27951799915947],[-76.59559490959275,39.27951621046422],[-76.59559759011215,39.27951442266964],[-76.59560027063135,39.27951263487498],[-76.59560295230945,39.27951084708426],[-76.59560563398226,39.27950906019421],[-76.59560831566007,39.27950727240336],[-76.59561099733263,39.27950548551321],[-76.59561368016405,39.27950369862695],[-76.59561636183119,39.27950191263743],[-76.5956190446623,39.27950012575106],[-76.59562172749325,39.27949833886463],[-76.59562440916,39.27949655287487],[-76.59562709198562,39.2794947668891],[-76.59562977481617,39.27949298000247],[-76.59563245764147,39.27949119401656],[-76.59563514047181,39.27948940712982],[-76.59563782213787,39.27948762113976],[-76.5956405049679,39.27948583425294],[-76.59564318663882,39.279484047362],[-76.5956458694635,39.27948226137575],[-76.59564855113415,39.27948047448471],[-76.59565123280981,39.27947868669287],[-76.5956539144802,39.27947689980174],[-76.59565659615558,39.27947511200973],[-76.5956592778257,39.27947332511849],[-76.59566195834694,39.27947153642162],[-76.59566463886296,39.27946974862549],[-76.59566731822503,39.27946795992455],[-76.59566999874585,39.2794661712275],[-76.59567267811278,39.27946438162574],[-76.59567535747952,39.27946259202385],[-76.59567803568716,39.2794608024179],[-76.5956807138998,39.27945901191116],[-76.59568339095335,39.27945722140037],[-76.5956860680119,39.2794554299888],[-76.59568874507545,39.2794536376764],[-76.59569142097986,39.27945184535995],[-76.59569409572521,39.27945005303943],[-76.59569676817296,39.2794482571079],[-76.59569943024117,39.27944645213297],[-76.5957020830888,39.27944463811858],[-76.59570472901326,39.2794428186757],[-76.59570737032217,39.27944099561384],[-76.59571001048226,39.27943917074644],[-76.59571265063713,39.27943734677973],[-76.59571529309946,39.27943552462244],[-76.5957179413258,39.27943370788948],[-76.59572059762884,39.27943189748961],[-76.59572326314709,39.27943009702981],[-76.59572600605462,39.27942834277525],[-76.59572896845242,39.2794269180548],[-76.59573171722526,39.27942860924133],[-76.59573423051532,39.27943054012121],[-76.59573672635419,39.27943248265092],[-76.59573921985475,39.27943442877551],[-76.59574171103233,39.2794363757929],[-76.59574420221007,39.27943832281019],[-76.59574669455206,39.27944026893069],[-76.59574918922752,39.27944221235686],[-76.59575168971853,39.27944415219991],[-76.59575419487635,39.27944608665442],[-76.59575674779855,39.2794479780366],[-76.59575964286455,39.27944860682483],[-76.59576284600467,39.27944744325276],[-76.59576604863246,39.27944616618264],[-76.59576907838922,39.27944471737242],[-76.59577167882973,39.27944294731348],[-76.59577365532439,39.27944063825216],[-76.5957757611979,39.27943840439938],[-76.59577830216172,39.279436495418],[-76.59578096207372,39.27943466160938],[-76.59578366468278,39.27943286037505],[-76.59578633374311,39.2794310482161],[-76.59578889298822,39.2794291852364],[-76.59579089406154,39.27942683392343],[-76.59578897631353,39.27942473124685],[-76.59578650339637,39.27942283383532],[-76.59578387959731,39.27942097373658],[-76.59578118036255,39.27941913139348],[-76.59577847650232,39.27941728723284],[-76.5957758411499,39.27941542078882],[-76.59577327312068,39.27941353656117],[-76.5957707039377,39.27941165142869],[-76.59576813591389,39.27940976630019],[-76.5957655667261,39.27940788206838],[-76.59576299870255,39.27940599693972],[-76.59576042952017,39.27940411180705],[-76.59575786149691,39.27940222667828],[-76.59575529231473,39.27940034154548],[-76.59575272428661,39.27939845731737],[-76.59575015510478,39.27939657218444],[-76.59574758708204,39.27939468705549],[-76.59574501790044,39.27939280192243],[-76.59574244987796,39.27939091679336],[-76.59573988185565,39.27938903166418],[-76.5957373126745,39.27938714653099],[-76.59573474465246,39.27938526140172],[-76.59573217663053,39.27938337627241],[-76.59572960860875,39.27938149114302],[-76.5957270394281,39.27937960600959],[-76.5957244714066,39.27937772088007],[-76.59572190339037,39.2793758348498],[-76.59571933536913,39.27937394972017],[-76.59571676851216,39.27937206369376],[-76.59571420049116,39.27937017856403],[-76.59571163247547,39.27936829253348],[-76.59570906445991,39.2793664065029],[-76.59570649759837,39.27936452137701],[-76.5957039295831,39.2793626353463],[-76.5957013627269,39.27936074931954],[-76.59569879587085,39.27935886329273],[-76.59569622901493,39.27935697726585],[-76.59569366216434,39.27935509033816],[-76.59569109530869,39.27935320431115],[-76.59568852845831,39.27935131738337],[-76.59568596160295,39.27934943135623],[-76.59568339591186,39.27934754443232],[-76.59568082906191,39.27934565750436],[-76.59567826337107,39.27934377058032],[-76.59567569768033,39.27934188365622],[-76.59567313198978,39.27933999673207],[-76.59567056630446,39.2793381089071],[-76.59566800061418,39.27933622198282],[-76.59566543608814,39.27933433416175],[-76.59566287040322,39.2793324463366],[-76.59566030587744,39.27933055851543],[-76.5956577413518,39.27932867069418],[-76.5956551768263,39.27932678287285],[-76.59565261346502,39.27932489415476],[-76.59565004894493,39.27932300543259],[-76.59564748557879,39.2793211176151],[-76.59564492221793,39.2793192288968],[-76.59564235886234,39.2793173392777],[-76.59563979550173,39.27931545055927],[-76.59563786560292,39.27931324425045],[-76.59564017223438,39.27931116962559],[-76.59564270049484,39.2793092524965],[-76.59564523106792,39.27930733627609],[-76.59564776278965,39.27930542186112],[-76.59565029566504,39.27930350835085],[-76.5956528308531,39.27930159574922],[-76.5956553660359,39.27929968404829],[-76.59565790121856,39.27929777234729],[-76.59566043640109,39.27929586064626],[-76.5956629715886,39.27929394804438],[-76.59566550446316,39.27929203453375],[-76.5956680373427,39.27929012012231],[-76.59567056790935,39.27928820480211],[-76.59567309616816,39.27928628767236],[-76.59567562212432,39.27928436783235],[-76.5956781446137,39.27928244617886],[-76.59568066480037,39.27928052181504],[-76.5956831838279,39.2792785974472],[-76.59568570170666,39.27927667127381],[-76.59568821843141,39.27927474419565],[-76.59569073283811,39.27927281710943],[-76.59569324725489,39.2792708882217],[-76.59569576051257,39.27926895932988],[-76.59569827378044,39.27926702863653],[-76.59570078588403,39.27926509883989],[-76.59570329683362,39.27926316813848],[-76.59570580778825,39.27926123653624],[-76.59570831758373,39.27925930492995],[-76.59571082853809,39.27925737332761],[-76.59571333833843,39.27925544082047],[-76.59571584813357,39.27925350921402],[-76.59571835793365,39.27925157670678],[-76.59572086772845,39.27924964510027],[-76.5957233775283,39.27924771259291],[-76.59572588848178,39.27924578099023],[-76.59572835562018,39.27924380960309],[-76.59573317915711,39.27924445313639],[-76.59576421026448,39.27922589971385],[-76.59579849325398,39.27920067380683],[-76.59585270732164,39.27915877667669],[-76.59593202686595,39.27910007837085],[-76.59596626562995,39.27907323539127],[-76.596015794198,39.27904081881988],[-76.59605868160597,39.27903061023808],[-76.5960911298952,39.27901736439866],[-76.59612755241372,39.27899596228815],[-76.59616312621726,39.27899273736338],[-76.59618352470272,39.27899390822792],[-76.59618611484537,39.2789957754084],[-76.59618760498478,39.27899684973801],[-76.59618870498822,39.27899764258878],[-76.59619019396875,39.27899871691437],[-76.59619129396712,39.27899951066589],[-76.59619278294257,39.27900058589218],[-76.59619388178717,39.27900137873896],[-76.59619537075761,39.27900245486594],[-76.59619646959709,39.27900324861342],[-76.59619795857274,39.27900432383966],[-76.59619905741228,39.27900511758713],[-76.596200545229,39.27900619280932],[-76.59620164406353,39.27900698745756],[-76.59620313303932,39.27900806268369],[-76.59620423187897,39.2790088564311],[-76.59620572085487,39.27900993165724],[-76.59620681853563,39.27901072540064],[-76.59620830750646,39.27901180152747],[-76.59620940751032,39.27901259437807],[-76.59621089648634,39.27901366960413],[-76.59621199532617,39.27901446335146],[-76.59621348546644,39.27901553768075],[-76.59621458431144,39.27901633052728],[-76.59621607561067,39.27901740486051],[-76.59621717561474,39.27901819771104],[-76.59621866576022,39.27901927113948],[-76.59621976692841,39.27902006309323],[-76.59622125823293,39.27902113652563],[-76.59622235940118,39.27902192847937],[-76.59622385187504,39.27902300011423],[-76.59622495304848,39.27902379116716],[-76.59622644668134,39.279024862806],[-76.5962275490138,39.27902565386288],[-76.59622904381597,39.27902672370415],[-76.59623014731261,39.27902751386426],[-76.59623164327897,39.27902858280876],[-76.59623274794487,39.27902937117132],[-76.59623424623946,39.27903043832223],[-76.59623535323358,39.27903122489128],[-76.59623685850768,39.27903228756232],[-76.5962379724813,39.2790330696515],[-76.59623949753993,39.27903411797831],[-76.59624062897501,39.27903488661601],[-76.59624217384379,39.27903591609488],[-76.5962435790928,39.2790368370021],[-76.59624498694174,39.27903770837626],[-76.59624606678727,39.27903837775256],[-76.59624777561692,39.27903849712279],[-76.59624958291775,39.27903862403758],[-76.59625160928371,39.27903874810229],[-76.59625310502246,39.27903883881628],[-76.59625513136798,39.27903896648392],[-76.5962566259016,39.27903906530061],[-76.59625864984204,39.27903920827289],[-76.59626014315015,39.27903931879523],[-76.59626216466501,39.27903948067519],[-76.59626365674748,39.2790396029032],[-76.59626567824185,39.27903976838607],[-76.59626717032434,39.27903989061405],[-76.59626919181873,39.27904005609683],[-76.59627068389611,39.27904017922552],[-76.59627270538545,39.279040345609],[-76.5962741974577,39.27904046963835],[-76.59627621893675,39.27904063782329],[-76.59627771100389,39.27904076275338],[-76.59627973130863,39.27904093363647],[-76.59628122336554,39.27904106036802],[-76.59628324365491,39.2790412339533],[-76.59628473453751,39.27904136338305],[-76.59628675480121,39.279041541472],[-76.59628824450949,39.27904167359995],[-76.59629026359383,39.27904185528784],[-76.59629175327645,39.27904199191948],[-76.59629377116592,39.27904217990855],[-76.59629525966915,39.27904232013915],[-76.59629727519454,39.27904251622691],[-76.59629876248752,39.27904266546093],[-76.59630145780872,39.27904295486222],[-76.59630425093478,39.279043368905],[-76.59630578980725,39.27904361920173],[-76.59630918499633,39.279044140703],[-76.59630917538021,39.27904542335752],[-76.59630916863479,39.27904640516681],[-76.59630875681319,39.2790483052637],[-76.59630845233193,39.27904946890472],[-76.59630801571444,39.27905104193913],[-76.59630769010015,39.27905225324803],[-76.59630811169268,39.27905393191909],[-76.59630991662618,39.27905447497767],[-76.59631172847114,39.27905461812084],[-76.59631375864257,39.2790546845487],[-76.59631525703281,39.27905471672138],[-76.5963172885016,39.279054758833],[-76.59631878806104,39.27905478920808],[-76.59632081954011,39.27905482951815],[-76.59632231910982,39.27905485809173],[-76.5963243505991,39.27905489660026],[-76.59632585017394,39.27905492427302],[-76.59632788282734,39.27905496188472],[-76.59632938240732,39.27905498865669],[-76.59633141391197,39.27905502446286],[-76.59633291349706,39.27905505033407],[-76.59633494616585,39.27905508524339],[-76.59633644575607,39.27905511021381],[-76.59633847727105,39.27905514421835],[-76.59633997802021,39.27905516919267],[-76.59634200954025,39.27905520229643],[-76.59634350913561,39.27905522636597],[-76.59634554181466,39.27905525947363],[-76.59634704141,39.27905528354314],[-76.59634907408906,39.27905531665076],[-76.59635057368442,39.27905534072022],[-76.5963526063686,39.27905537292703],[-76.59635410596394,39.27905539699645],[-76.596356138643,39.27905543010394],[-76.59635763823319,39.27905545507407],[-76.59635967091738,39.27905548728073],[-76.59636117051274,39.27905551135007],[-76.59636320204822,39.2790555417512],[-76.59636470165896,39.27905556311826],[-76.59636673913275,39.27905556831838],[-76.59636867112521,39.27905557585823],[-76.59637075953202,39.27905559204243],[-76.59637233052723,39.27905569652495],[-76.59637518106962,39.2790562044428],[-76.59637856183043,39.27905702134296],[-76.59638054287024,39.27905737134139],[-76.59638200992836,39.27905761418423],[-76.59638400275772,39.27905792909336],[-76.59638547335938,39.27905816023842],[-76.5963874649939,39.27905848144867],[-76.59638893204693,39.27905872519223],[-76.5963909142458,39.27905907519445],[-76.59639237421182,39.27905934233343],[-76.59639435169288,39.27905970673162],[-76.59639581048461,39.27905997656885],[-76.59639778796057,39.27906034186771],[-76.59639924791128,39.27906061170885],[-76.5964012242232,39.27906097790444],[-76.59640268416881,39.27906124864626],[-76.59640466048077,39.27906161484182],[-76.59640611926746,39.27906188557959],[-76.59640809672815,39.27906225358054],[-76.59640955551481,39.27906252431833],[-76.5964115318166,39.27906289231523],[-76.59641299059821,39.27906316395371],[-76.59641496690003,39.27906353195054],[-76.59641642568162,39.27906380358898],[-76.59641840197834,39.2790641724865],[-76.59641986075489,39.27906444502563],[-76.59642183705166,39.27906481392314],[-76.59642329582817,39.27906508646221],[-76.59642527212497,39.27906545535961],[-76.59642673090157,39.27906572789868],[-76.59642870603429,39.2790660976928],[-76.59643016480578,39.27906637113257],[-76.59643214109752,39.27906674093059],[-76.59643359871518,39.27906701346558],[-76.59643557500183,39.27906738416435],[-76.59643703377338,39.279067657604],[-76.5964390089062,39.27906802739798],[-76.59644046767778,39.27906830083757],[-76.59644244396452,39.27906867153619],[-76.5964439015771,39.27906894497176],[-76.59644587786389,39.27906931567038],[-76.59644733547651,39.27906958910591],[-76.59644931176332,39.27906995980442],[-76.59645076937602,39.27907023323993],[-76.59645274566793,39.27907060303763],[-76.59645420327554,39.27907087737385],[-76.59645617956754,39.27907124717151],[-76.5964576383392,39.27907152061091],[-76.59645961346716,39.27907189130525],[-76.59646107223884,39.27907216474461],[-76.59646304736685,39.27907253543895],[-76.59646450613862,39.27907280887824],[-76.59646648243067,39.27907317867572],[-76.59646794004351,39.27907345211102],[-76.59646991633565,39.27907382190844],[-76.59647137510741,39.27907409534765],[-76.59647335139958,39.27907446514502],[-76.59647480901761,39.2790747376795],[-76.59647678530976,39.27907510747679],[-76.59647824408677,39.27907538001521],[-76.59648022038414,39.27907574891167],[-76.59648167916114,39.27907602145008],[-76.59648365546363,39.27907638944576],[-76.59648518119948,39.27907670815305],[-76.59648703107734,39.27907709282887],[-76.59648695093404,39.27907793837067],[-76.59648678071495,39.27907974561871],[-76.59648613364918,39.27908184487759],[-76.5964857298207,39.27908356304822],[-76.59648543234964,39.27908512485136],[-76.59648522180382,39.27908627890712],[-76.59648494980436,39.27908784530157],[-76.59648474967899,39.27908900119469],[-76.59648447420263,39.27909056757722],[-76.59648426596961,39.27909172254169],[-76.59648396501639,39.27909328523363],[-76.59648373477832,39.27909443742021],[-76.59648340950734,39.27909599642557],[-76.59648316884878,39.27909714677483],[-76.5964828412598,39.27909870577218],[-76.59648259943715,39.27909985701824],[-76.59648226837632,39.27910141510291],[-76.59648202539469,39.27910256634495],[-76.59648168853903,39.2791041244097],[-76.59648144324973,39.2791052738423],[-76.59648110059916,39.27910683188713],[-76.59648085067393,39.27910798130382],[-76.59648050223878,39.27910953752727],[-76.59648024768279,39.27911068602721],[-76.59647989113996,39.27911224132205],[-76.59647963078915,39.27911338980214],[-76.5964792672976,39.27911494417233],[-76.59647900000314,39.27911609082705],[-76.59647862956292,39.27911764427256],[-76.59647835416079,39.27911878999866],[-76.59647798024878,39.27912034253151],[-76.59647770252359,39.27912148915036],[-76.59647732745253,39.27912304167923],[-76.59647705088628,39.27912418830206],[-76.59647667117933,39.27912574081499],[-76.59647639577206,39.27912688744181],[-76.59647600564462,39.27912843811743],[-76.59647570825791,39.27912957746262],[-76.59647503346669,39.27913227203095],[-76.59647435519858,39.27913496658731],[-76.59647367345859,39.27913766023102],[-76.59647298939551,39.27914035476743],[-76.59647230418366,39.27914304749841],[-76.59647161896665,39.27914574113016],[-76.59647093374959,39.27914843476184],[-76.59647024969142,39.27915112839753],[-76.59646956679214,39.27915382203717],[-76.59646849141127,39.27915807264964],[-76.5964681708552,39.27915921011369],[-76.59646772747629,39.27916074979714],[-76.59646731969131,39.27916214457994],[-76.59646652143179,39.27916453967045],[-76.59646595534053,39.27916605461169],[-76.59646551323097,39.2791671673375],[-76.59646487536043,39.27916866852067],[-76.59646439157412,39.2791697729964],[-76.59646371897546,39.27917126685415],[-76.59646321897375,39.27917236947269],[-76.59646254637505,39.27917386333043],[-76.59646139580015,39.27917645898155],[-76.59646072427593,39.2791793940649],[-76.59645992367068,39.27918240526967],[-76.59645981733155,39.27918500360762],[-76.59646136598933,39.27918659066922],[-76.59646503499393,39.27918685819052],[-76.59646905895556,39.27918707198457],[-76.59647236129921,39.27918802462793],[-76.59647556847028,39.27918920483742],[-76.5964787814773,39.27919037786076],[-76.5964820920006,39.27919131882197],[-76.5964854918351,39.27919204390661],[-76.59648890106951,39.27919274650439],[-76.59649231852946,39.27919342931354],[-76.59649574420985,39.27919409323477],[-76.59649917576201,39.2791947436646],[-76.59650261318075,39.27919538150381],[-76.59650605412772,39.27919601034739],[-76.59650949743367,39.27919663199287],[-76.59651294191401,39.27919725093999],[-76.59651638756361,39.27919786808952],[-76.59651983320303,39.27919848704042],[-76.596523276499,39.27919911048696],[-76.59652671627707,39.27919974112744],[-76.59653015251686,39.27920038256485],[-76.59653358404915,39.27920103659665],[-76.59653701201746,39.27920170592913],[-76.59654043642189,39.27920239056223],[-76.59654385845209,39.27920308509545],[-76.59654727811323,39.27920378862813],[-76.59655069774882,39.27920449666438],[-76.59655411504605,39.27920520829559],[-76.59655753350739,39.27920591902992],[-76.5965609531432,39.27920662706591],[-76.59656437280975,39.2792073296973],[-76.59656779484554,39.27920802332912],[-76.59657121926594,39.27920870525908],[-76.59657464724015,39.27920937368967],[-76.59657807762453,39.27921002591471],[-76.59658151276267,39.27921065743845],[-76.59658495266474,39.27921126645929],[-76.59658839850007,39.27921185117984],[-76.59659185029413,39.2792124070963],[-76.59659530921624,39.27921293241117],[-76.59659879144579,39.27921343528688],[-76.59660239049573,39.27921397999887],[-76.59660609021219,39.27921455388087],[-76.59660985711817,39.27921513339808],[-76.59661365890595,39.27921569321821],[-76.59661746093455,39.27921621070313],[-76.59662123090121,39.27921665961976],[-76.59662493532393,39.27921701733406],[-76.59662854073594,39.2792172585097],[-76.5966320136654,39.27921735871112],[-76.59663532063014,39.27921729530429],[-76.59663842932757,39.27921704205615],[-76.59664130512168,39.27921657542783],[-76.59664372340633,39.27921564964041],[-76.596645146466,39.27921364312198],[-76.59664582186089,39.27921084136393],[-76.5966460593566,39.27920759672793],[-76.59664616985734,39.27920426518252],[-76.59664646195426,39.27920120178752],[-76.5966470105451,39.27919848336509],[-76.5966475255053,39.27919576843019],[-76.59664800919379,39.27919304978482],[-76.59664846856438,39.27919032745291],[-76.59664891171964,39.2791876032638],[-76.59664934561332,39.27918487724133],[-76.596649778348,39.27918215121488],[-76.59665021687235,39.27917942610907],[-76.5966506704582,39.27917670195571],[-76.59665114372595,39.27917398147301],[-76.5966516262603,39.27917126192294],[-76.59665211111255,39.27916854238079],[-76.5966525982827,39.27916582284658],[-76.59665308776565,39.27916310422109],[-76.59665357841264,39.27916038469883],[-76.59665407137243,39.2791576660853],[-76.59665456549108,39.27915494747565],[-76.59665505960974,39.27915222886608],[-76.5966555548822,39.27914951116122],[-76.59665605015975,39.27914679255562],[-76.59665654543731,39.27914407394998],[-76.59665703955577,39.27914135534038],[-76.59665752672555,39.27913863580613],[-76.59665801041838,39.27913591625993],[-76.59665848832149,39.27913319579309],[-76.59665896507067,39.27913047442156],[-76.59665943833784,39.27912775393879],[-76.59665991276904,39.27912503255926],[-76.59666038604121,39.27912231117578],[-76.59666086279024,39.27911958980417],[-76.59666134185207,39.2791168693413],[-76.59666182438565,39.27911414979111],[-76.59666231387303,39.27911143026479],[-76.59666280915003,39.27910871165911],[-76.59666331137061,39.27910599487882],[-76.59666382402179,39.27910327813429],[-76.59666434593447,39.27910056322314],[-76.59666487943167,39.27909784925249],[-76.59666542566214,39.27909513802787],[-76.596665984636,39.27909242774776],[-76.59666655635341,39.27908971841218],[-76.59666713386051,39.27908700999723],[-76.59666771948537,39.27908430070936],[-76.59666831437174,39.27908159325489],[-76.59666891968367,39.27907888673691],[-76.59666953658004,39.2790761811595],[-76.59667016737374,39.27907347743133],[-76.5966708109007,39.27907077644917],[-76.59667147064287,39.27906807732422],[-76.59667214774909,39.27906538186192],[-76.59667284221918,39.27906269006229],[-76.59667355637635,39.27906000103255],[-76.59667429021029,39.27905731657421],[-76.59667504604408,39.27905463579445],[-76.59667582502638,39.27905196049872],[-76.59667661676238,39.27904928434608],[-76.59667740277007,39.27904659646378],[-76.59667819576225,39.27904390320089],[-76.59667901192856,39.27904121091834],[-76.59667986397665,39.27903852686586],[-76.59668076578855,39.27903585559494],[-76.59668173355399,39.27903320346653],[-76.59668277997544,39.27903057863106],[-76.59668391893489,39.27902798564011],[-76.59668516661692,39.27902543175524],[-76.59668653458043,39.27902292242088],[-76.59668800667671,39.27902044406996],[-76.59668952630074,39.27901796408074],[-76.59669109458589,39.27901548696084],[-76.59669271150656,39.27901301721403],[-76.59669437818582,39.27901056114951],[-76.59669609692116,39.27900812237818],[-76.59669786884083,39.27900570630857],[-76.59669969275002,39.27900331924185],[-76.59670157211018,39.27900096389226],[-76.59670350688043,39.27899864746573],[-76.59670549936332,39.27899637267245],[-76.59670754951279,39.27899414761913],[-76.59670965847755,39.27899197411124],[-76.59671182853452,39.2789898593627],[-76.59671411507344,39.27898784589966],[-76.59671671900685,39.27898606592331],[-76.59671958493477,39.27898447870916],[-76.59672263091883,39.27898302272388],[-76.59672577385651,39.27898163733093],[-76.59672893065559,39.27898026009239],[-76.59673201704945,39.27897883126851],[-76.59673495110485,39.27897728842527],[-76.59673763818077,39.27897556187899],[-76.59673972278529,39.27897339189],[-76.59674142194375,39.27897093053172],[-76.59674321468647,39.27896852083824],[-76.5967454162386,39.27896637016664],[-76.59674774738988,39.27896425597054],[-76.59675021817178,39.27896224854386],[-76.59675287433355,39.27896045523459],[-76.59675576758332,39.27895895458663],[-76.59675892612533,39.27895767823882],[-76.59676226987841,39.27895664573292],[-76.59676570936671,39.278955898197],[-76.59676916453476,39.27895545066909],[-76.59677264895014,39.27895515907363],[-76.59677616405351,39.27895497387351],[-76.59677970187033,39.27895487072078],[-76.59678325441071,39.27895482796967],[-76.59678681137194,39.27895482306568],[-76.59679036593847,39.27895483166483],[-76.59679390896139,39.27895483211737],[-76.59679744043565,39.27895482532401],[-76.59680097178189,39.27895484104928],[-76.59680450416938,39.27895487749554],[-76.59680803645963,39.27895493105588],[-76.59681156866289,39.27895499992876],[-76.59681510080465,39.27895507961053],[-76.59681863290552,39.27895516649817],[-76.59682216381164,39.27895525968693],[-76.59682569471769,39.27895535287559],[-76.59682922444435,39.27895544966315],[-76.59683275530442,39.27895555095832],[-76.59683628612349,39.27895565945932],[-76.5968398157427,39.27895577516222],[-76.59684334531076,39.27895589987251],[-76.59684687366355,39.27895603448686],[-76.59685040079592,39.27895617990615],[-76.59685392786183,39.27895633703498],[-76.59685745253303,39.27895650766698],[-76.596860977107,39.27895669541302],[-76.59686449925556,39.27895690206668],[-76.59686802015817,39.27895712402897],[-76.59687153982509,39.27895735949831],[-76.59687505943573,39.27895760487581],[-76.59687857784647,39.27895785745517],[-76.59688209507269,39.27895811453416],[-76.5968856111195,39.27895837521207],[-76.59688912591527,39.27895865209933],[-76.59689263830613,39.27895894429125],[-76.59689614948176,39.27895924638724],[-76.59689965947284,39.27895955298289],[-76.59690317063318,39.27895985778096],[-76.59690668182419,39.2789601571744],[-76.59691019417937,39.27896045567099],[-76.5969137053654,39.27896075596496],[-76.59691721654633,39.27896105715964],[-76.59692072771189,39.2789613610564],[-76.59692423771347,39.27896166584981],[-76.5969277512482,39.27896196074684],[-76.59693126481879,39.27896224933857],[-76.59693477837411,39.27896254063243],[-76.59693828837574,39.27896284542545],[-76.59694179593158,39.27896317272906],[-76.59694529750328,39.2789635333403],[-76.59694878950651,39.27896394616286],[-76.59695227543351,39.27896440850651],[-76.59695575656096,39.27896489965803],[-76.59695923533472,39.27896539710667],[-76.59696271767756,39.27896587835373],[-76.59696620254812,39.27896632267808],[-76.59696969586406,39.27896670848165],[-76.59697320007636,39.27896701235299],[-76.5969767151901,39.27896723339133],[-76.5969802376261,39.27896738959974],[-76.59698376613832,39.2789674962869],[-76.59698729949621,39.27896756605924],[-76.59699083645377,39.27896761422551],[-76.59699437346251,39.27896765338421],[-76.59699791044055,39.27896769794727],[-76.59700144382914,39.27896776231471],[-76.59700497593083,39.27896784919674],[-76.59700850812466,39.27896791986525],[-76.5970120427081,39.27896797793112],[-76.59701557848112,39.27896803059637],[-76.59701911308503,39.27896808505903],[-76.59702264646853,39.27896815032662],[-76.59702617743689,39.27896823270028],[-76.59702970709795,39.27896834119155],[-76.59703323193899,39.2789684820936],[-76.59703675306787,39.27896866441798],[-76.59704026806932,39.27896890527086],[-76.59704377337449,39.27896922085377],[-76.59704727372154,39.27896959316768],[-76.59705076922816,39.27897000149544],[-76.59705426348377,39.27897042603254],[-76.59705775892903,39.27897084516905],[-76.59706125684066,39.27897123819175],[-76.59706476196699,39.27897158530013],[-76.59706827440525,39.27897186938007],[-76.59707179046879,39.27897212735017],[-76.59707530776801,39.27897237181293],[-76.59707882745172,39.27897260457385],[-76.59708234719174,39.27897282742649],[-76.59708586929059,39.27897304308093],[-76.59708939143039,39.27897325152939],[-76.59709291475477,39.27897345547793],[-76.59709643925859,39.27897365582734],[-76.59709996261373,39.27897385437121],[-76.59710348712781,39.27897405291892],[-76.59710701047268,39.27897425326409],[-76.59711053380229,39.27897445631139],[-76.59711405710122,39.278974664763],[-76.59711757921049,39.27897487861505],[-76.5971211001148,39.27897510056972],[-76.59712462100379,39.27897532522654],[-76.59712814071338,39.27897555348227],[-76.59713166039231,39.27897578714232],[-76.59713518004568,39.27897602530606],[-76.5971386985043,39.27897626977091],[-76.59714221692204,39.27897652144163],[-76.59714573298091,39.27897678031027],[-76.5971492489887,39.27897704818623],[-76.59715276496584,39.27897732146661],[-76.5971562797636,39.27897759834588],[-76.59715979453577,39.27897787972876],[-76.597163309308,39.27897816111152],[-76.59716682407516,39.27897844339495],[-76.59717033885762,39.27897872297603],[-76.59717385365552,39.27897899985477],[-76.59717736963796,39.27897927223367],[-76.5971808856613,39.27897953740646],[-76.59718440172561,39.27897979537318],[-76.59718792016416,39.27898004343956],[-76.59719143866405,39.27898028069687],[-76.59719495839457,39.27898050534758],[-76.59719847936587,39.27898071559023],[-76.59720200275743,39.27898090782581],[-76.59720552742557,39.27898107934809],[-76.59720905336006,39.27898123195858],[-76.59721258169947,39.27898136926423],[-76.59721611011045,39.27898149395931],[-76.59721963973668,39.27898160875009],[-76.5972231705628,39.2789817163387],[-76.59722670140935,39.27898182032428],[-76.59723023226107,39.27898192340896],[-76.59723376310764,39.27898202739433],[-76.59723729392358,39.27898213678403],[-76.59724082353964,39.27898225337561],[-76.59724435309946,39.27898237987532],[-76.59724788026975,39.27898251897742],[-76.5972514085377,39.27898266889233],[-76.59725493445197,39.27898282510443],[-76.59725846148936,39.27898298762561],[-76.59726198735254,39.27898315284495],[-76.59726551437973,39.27898331716742],[-76.59726904025311,39.27898348058504],[-76.5972725673162,39.27898363860209],[-76.5972760944202,39.27898378941304],[-76.59727962157528,39.27898393121639],[-76.59728314995073,39.27898406221473],[-76.59728667952605,39.27898418601091],[-76.59729020796799,39.27898430529927],[-76.59729373759959,39.27898441918704],[-76.59729726724652,39.27898453037248],[-76.59730079806269,39.27898463976029],[-76.59730432773009,39.27898474734251],[-76.59730785739751,39.27898485492464],[-76.5973113870547,39.27898496430818],[-76.59731491670175,39.27898507549308],[-76.5973184463283,39.27898519028086],[-76.5973219759293,39.27898530957222],[-76.59732550434069,39.27898543426406],[-76.5973290327163,39.278985565261],[-76.59733256104082,39.27898570526524],[-76.59733608931421,39.27898585427688],[-76.59733961639283,39.27898600958962],[-76.59734314343575,39.27898617120752],[-76.59734667045818,39.27898633642828],[-76.5973501963115,39.2789865034465],[-76.59735372331862,39.27898667136927],[-76.59735725033093,39.27898683839123],[-76.59736077619446,39.2789870036076],[-76.59736430324259,39.27898716432408],[-76.59736783032133,39.27898731963603],[-76.59737135743595,39.27898746864265],[-76.59737488576063,39.27898760864561],[-76.59737841298767,39.27898773783559],[-76.59738194259401,39.27898785622447],[-76.59738547111807,39.27898796109807],[-76.597389000888,39.27898805066279],[-76.59739253078578,39.27898811770883],[-76.59739606311896,39.27898816404549],[-76.59739959439548,39.27898819236316],[-76.59740312691274,39.27898820627278],[-76.59740665949644,39.27898820847259],[-76.59741019328,39.27898820347028],[-76.59741372708909,39.27898819396412],[-76.59741725974429,39.27898818355315],[-76.59742079354834,39.27898817494754],[-76.59742432731653,39.27898817264707],[-76.59742785987463,39.27898817934995],[-76.59743139236122,39.27898819866316],[-76.59743492476093,39.27898823328901],[-76.59743845589944,39.27898828592564],[-76.59744198814583,39.27898834757364],[-76.59744551918217,39.27898841822498],[-76.59744905017247,39.27898849698297],[-76.59745258112196,39.27898858294682],[-76.59745611203562,39.27898867521579],[-76.59745964291356,39.27898877378983],[-76.59746317260696,39.27898887686358],[-76.59746670342867,39.27898898534566],[-76.59747023307099,39.27898909742662],[-76.59747376269294,39.27898921311051],[-76.59747729114567,39.27898933059176],[-76.59748082073182,39.27898945258061],[-76.59748434911813,39.27898958177139],[-76.59748787746354,39.27898971816802],[-76.59749140461939,39.27898985996504],[-76.59749493290866,39.27899000626962],[-76.59749846001344,39.27899015707393],[-76.59750198710798,39.27899030967956],[-76.59750551419235,39.27899046408663],[-76.59750904126646,39.27899062029508],[-76.59751256834575,39.27899077560263],[-76.59751609543524,39.27899092910859],[-76.597519622535,39.27899108081301],[-76.59752314961945,39.27899123521951],[-76.59752667668343,39.27899139322893],[-76.59753020257824,39.27899155303573],[-76.59753372962699,39.27899171374712],[-76.59753725551673,39.2789918744545],[-76.5975407825706,39.27899203426495],[-76.5975443096347,39.27899219227385],[-76.59754783672432,39.27899234577886],[-76.59755136383956,39.27899249478003],[-76.59755489216995,39.2789926338769],[-76.59755842179726,39.27899274865747],[-76.5975619514808,39.27899285352973],[-76.59756548229774,39.27899296290955],[-76.59756901068438,39.27899309209777],[-76.59757253655901,39.27899325550629],[-76.59757605874721,39.27899345583338],[-76.5975795807975,39.27899368048055],[-76.5975831004737,39.27899391502786],[-76.59758662133441,39.27899414507525],[-76.59759014345634,39.27899435711165],[-76.59759366808522,39.27899453582823],[-76.59759719524148,39.27899467762207],[-76.59760072369468,39.27899479509968],[-76.59760425456292,39.27899489547089],[-76.59760778550775,39.27899498233082],[-76.59761131649861,39.27899506108391],[-76.59761484867393,39.27899513533715],[-76.59761838083908,39.27899521139177],[-76.59762191184019,39.27899528834306],[-76.59762544292298,39.27899535088225],[-76.59762897522097,39.2789954035172],[-76.59763250750876,39.27899545795348],[-76.59763603856092,39.2789955258969],[-76.59763956949054,39.27899561545807],[-76.5976431014105,39.27899573474775],[-76.59764662239921,39.27899594227475],[-76.59765018738781,39.27899615715845],[-76.59765379310879,39.2789963424564],[-76.59765731093167,39.27899669949898],[-76.5976606098878,39.27899743321174],[-76.59766366773657,39.27899878672471],[-76.59766638992814,39.27900067414152],[-76.5976685832171,39.27900283718183],[-76.59767035947202,39.27900516903792],[-76.59767191125491,39.27900763974346],[-76.59767333280467,39.27901018566708],[-76.59767472184728,39.27901274138772],[-76.59767604007041,39.27901531848411],[-76.59767721223841,39.27901789958403],[-76.5976803815131,39.27901902018039],[-76.59768388489893,39.2790192663788],[-76.59768740005838,39.27901948018997],[-76.59769092231461,39.2790196688039],[-76.59769445047299,39.27901983852195],[-76.59769798217467,39.27901999654205],[-76.59770151623002,39.27902014826481],[-76.59770505027011,39.27902030268967],[-76.59771099776273,39.27902058428127],[-76.59772508869257,39.27902141170197],[-76.59773917845358,39.27902224091856],[-76.59775326820973,39.2790230710342],[-76.59776735796629,39.2790239011481],[-76.59778144772318,39.27902473126034],[-76.59779553747528,39.27902556227166],[-76.59780962723792,39.27902639147978],[-76.59782371700091,39.27902722068615],[-76.59783780793337,39.2790280480934],[-76.59785189771743,39.27902887369343],[-76.59786598867609,39.27902969659352],[-76.59788007964528,39.27903051769046],[-76.59789417063011,39.27903133608343],[-76.59790826393321,39.27903215448264],[-76.5979223653392,39.27903297470946],[-76.59793646571923,39.27903377151117],[-76.59795055713413,39.27903451423472],[-76.59796234053525,39.27903124876518],[-76.59796638369755,39.2790207101577],[-76.59797183633562,39.27901055469508],[-76.5979776418596,39.27900050582937],[-76.59798429233005,39.27899085799282],[-76.59799232433791,39.27898181929675],[-76.59800147017211,39.2789733870231],[-76.59801137041546,39.2789655842621],[-76.59802204512246,39.27895834892962],[-76.59803299523283,39.27895139467614],[-76.59804450540861,39.27894500531555],[-76.59805652594711,39.27893915725778],[-76.59806894317808,39.27893386632743],[-76.59808217719694,39.2789302644203],[-76.59809618290184,39.2789283342673],[-76.59811022818724,39.27892719151552],[-76.59812437670489,39.27892685259647],[-76.59813851286312,39.2789268541221],[-76.598152648206,39.27892720423883],[-76.59816670595212,39.27892815850078],[-76.59818066029948,39.27892997533895],[-76.59819447990864,39.27893225380635],[-76.59820822258938,39.27893481394796],[-76.59822196169219,39.27893739209102],[-76.59823574692902,39.27893980555051],[-76.59824954990323,39.27894215691633],[-76.598263348166,39.27894452177588],[-76.59827714523499,39.27894689293507],[-76.59829094230489,39.27894926409262],[-76.59830474291387,39.27895162445149],[-76.59831855652729,39.27895393981506],[-76.5983323536,39.27895631096777],[-76.59834608571175,39.27895889717921],[-76.59835974577641,39.27896172184502],[-76.59837346498358,39.27896433593285],[-76.59838732723087,39.27896645508807],[-76.59840126527921,39.27896828715723],[-76.59841522018598,39.2789700075877],[-76.59842919176759,39.27897164880626],[-76.59844316809792,39.27897327022264],[-76.59845713966041,39.27897491504087],[-76.59847111836604,39.27897652655364],[-76.5984850839872,39.27897819747037],[-76.59849901271255,39.27898003940444],[-76.59851291052568,39.27898201904804],[-76.59852679168596,39.27898407429724],[-76.5985406680888,39.2789861511468],[-76.59855454092386,39.27898824419632],[-76.59856839477288,39.27899041554574],[-76.59858226049775,39.27899253649133],[-76.59859616672399,39.27899446390952],[-76.59861013838091,39.27899609339685],[-76.59862414813939,39.27899754376079],[-76.59863815792902,39.27899898871856],[-76.59865219633437,39.27900029235256],[-76.59866614319682,39.27900200281722],[-76.59867996163081,39.27900428933022],[-76.59869375150663,39.27900670725545],[-76.59870759474941,39.27900891097963],[-76.59872147355678,39.27901097430461],[-76.59873532864052,39.27901313392857],[-76.59874917777239,39.27901532145425],[-76.59876300914873,39.27901757467338],[-76.59877679095283,39.27901998625594],[-76.59879048300064,39.2790226938815],[-76.598804125451,39.27902556437428],[-76.59881780330809,39.27902832239099],[-76.59883154017396,39.27903089324879],[-76.59884529589496,39.27903340922275],[-76.5988590315733,39.27903598547784],[-76.59887274358441,39.27903864812382],[-76.59888646272854,39.2790412792658],[-76.59890022681579,39.27904375112448],[-76.59891408078298,39.2790459053189],[-76.59892797970318,39.27904789842852],[-76.59894184666504,39.27905000942739],[-76.59895569462601,39.27905220142841],[-76.59896950240405,39.2790545311075],[-76.59898323930085,39.27905709834454],[-76.59899694543421,39.27905977716965],[-76.59901068349195,39.27906234440745],[-76.59902446757513,39.279064765877],[-76.59903830229914,39.27906704519721],[-76.59905219251354,39.27906914455244],[-76.59906624495811,39.27907001852054],[-76.59908041022246,39.27906979664269],[-76.59909442772664,39.27906844470122],[-76.59910807504804,39.27906553407437],[-76.59912144836922,39.27906188748764],[-76.59913389901861,39.2790568253531],[-76.59914563045328,39.2790506456174],[-76.5991574561273,39.27904460672124],[-76.59916935421374,39.2790386743611],[-76.59918156517087,39.27903316192248],[-76.59919403264193,39.27902799264808],[-76.59920662774391,39.27902300305985],[-76.59921931927121,39.27901817773826],[-76.59923215783175,39.27901358531398],[-76.59924484819669,39.27900875998566],[-76.59925739266343,39.27900370536419],[-76.59926989576179,39.27899858754683],[-76.59928243334242,39.27899352028855],[-76.59929502606832,39.27898853878957],[-76.59930763373693,39.27898357895854],[-76.59932021612015,39.27897858120788],[-76.5993327398827,39.27897349678253],[-76.59934522802072,39.27896835818856],[-76.5993576851243,39.27896317354843],[-76.59937011118318,39.2789579446637],[-76.59938250619743,39.27895267153431],[-76.59939486671044,39.2789473505455],[-76.59940720193286,39.27894199253777],[-76.59941952104994,39.27893661285555],[-76.59943183210837,39.27893122323611],[-76.59944413282578,39.27892581736641],[-76.59945641167862,39.27892038349713],[-76.59946866408191,39.27891491260512],[-76.59948088657391,39.27890940197621],[-76.59949308030856,39.27890385251513],[-76.59950524067546,39.27889825970237],[-76.59951734466293,39.27889259373423],[-76.59952934165291,39.27888678778167],[-76.59954146404273,39.27888114619444],[-76.59955385793285,39.27887586223394],[-76.59956666540305,39.27887122552964],[-76.59957977237195,39.27886711949402],[-76.59959328354302,39.27886388497249],[-76.59960719564295,39.27886210204559],[-76.59962135575554,39.27886257997846],[-76.5996352215174,39.27886449002126],[-76.5996486587234,39.27886799565558],[-76.59966187339974,39.2788719130797],[-76.59967478364155,39.2788763798313],[-76.59968714681408,39.27888167341955],[-76.59969922942312,39.278887393913],[-76.59971129466993,39.27889311074299],[-76.59972332022934,39.27889887787924],[-76.59973532478199,39.27890467106479],[-76.59974733166467,39.2789104624555],[-76.59975935490696,39.27891623048087],[-76.59977138047419,39.27892199761217],[-76.59978338386551,39.27892779259031],[-76.59979534058525,39.27893364325556],[-76.59980725060788,39.27893955411164],[-76.59981911862529,39.27894551526607],[-76.59983095047285,39.27895151953278],[-76.59984274265854,39.27895756960211],[-76.59985449166986,39.27896367176739],[-76.5998661893636,39.27896983140558],[-76.59987775057651,39.2789761473105],[-76.59988933163105,39.27898243896125],[-76.59990106898972,39.27898855369282],[-76.59991286234649,39.27899460375897],[-76.59992473387918,39.27900056131153],[-76.59993675829489,39.27900633202476],[-76.59994897872414,39.27901187190812],[-76.59996110003875,39.27901751864352],[-76.59997283522355,39.27902360994057],[-76.5999842985226,39.27903002818842],[-76.59999559265121,39.27903664492779],[-76.60000671427471,39.27904343492596],[-76.60001766467917,39.27905037566831],[-76.60002825047565,39.27905764394671],[-76.60003846576269,39.27906525865722],[-76.60004872767978,39.27907282578515],[-76.6000594522275,39.2790799477087],[-76.60007073029279,39.27908653826383],[-76.60008230319859,39.27909284247817],[-76.60009399380191,39.27909903359589],[-76.60010562610347,39.27910528756733],[-76.60011702644748,39.27911177584724],[-76.6001282193093,39.2791184741983],[-76.60013930724675,39.27912528208427],[-76.60015031941681,39.27913216717691],[-76.6001612861304,39.27913909805267],[-76.60017223655457,39.27914604058189],[-76.60018318815001,39.27915298131252],[-76.60019412109749,39.27915994089467],[-76.60020501326497,39.27916693906982],[-76.60021584485858,39.27917399198431],[-76.6002265925873,39.27918111937574],[-76.60023722849382,39.27918834637032],[-76.6002477467528,39.27919567835284],[-76.60025819045934,39.27920307763797],[-76.60026860504661,39.2792105029452],[-76.60027903595294,39.27921791209325],[-76.60028949831104,39.27922529342371],[-76.60029994552345,39.27923268911388],[-76.60031039507116,39.27924008210878],[-76.60032086791722,39.27924745446444],[-76.6003313850245,39.2792547882369],[-76.60034193823458,39.2792620915053],[-76.60035252404512,39.2792693687615],[-76.60036316461357,39.27927659576026],[-76.60037388673832,39.27928374737137],[-76.60038475100545,39.27929076705286],[-76.60039576090711,39.27929765211426],[-76.6004067882766,39.27930452282185],[-76.60041769798853,39.2793115003189],[-76.60042840032511,39.27931866897212],[-76.60043897451253,39.27932595518846],[-76.60044954636898,39.27933324409817],[-76.60046023472835,39.27934042621236],[-76.60047107453734,39.27934747012311],[-76.60048198890817,39.27935444582841],[-76.60049291259858,39.27936141345752],[-76.60050377803825,39.27936843493325],[-76.60051453863494,39.27937555153235],[-76.60052521651055,39.27938274531473],[-76.60053584081192,39.27938998575361],[-76.60054639756031,39.27939728541216],[-76.60055689607324,39.27940463621527],[-76.60056741786408,39.27941196998202],[-76.60057804907727,39.27941921944816],[-76.60058853244382,39.27942658550977],[-76.60059861765377,39.27943426818609],[-76.60060864537645,39.2794420749714],[-76.60061846705037,39.27945004319264],[-76.60062771666591,39.27945833734585],[-76.60063603631095,39.27946712465702],[-76.60064335588409,39.27947650487279],[-76.60064988611764,39.27948630846544],[-76.60065584145411,39.27949632448482],[-76.60066135591565,39.27950642187523],[-76.60066622810199,39.27951675938709],[-76.60067040849142,39.27952728100482],[-76.60067385694026,39.27953791182863],[-76.60067635642586,39.27954870336508],[-76.60067829203686,39.27955960197679],[-76.60068022300239,39.27957050237418],[-76.60068246605741,39.27958134618364],[-76.60068476594856,39.27959218207936],[-76.60068706815835,39.27960301798291],[-76.60068933441524,39.27961385826796],[-76.60069152065275,39.27962470728851],[-76.60069359903012,39.27963556945379],[-76.60069561014184,39.27964643949715],[-76.60069756094171,39.27965731744234],[-76.60069945028097,39.27966820148381],[-76.6007012735185,39.27967909250664],[-76.60070302834656,39.27968998870141],[-76.60070469272424,39.27970089359629],[-76.6007062573745,39.27971180806049],[-76.60070776404599,39.27972272773208],[-76.60070925100007,39.27973365003893],[-76.60071075883145,39.27974456971433],[-76.60071232696062,39.27975548419014],[-76.60071399598218,39.27976638819971],[-76.60071578675787,39.2797772818139],[-76.60071765987236,39.27978816670031],[-76.60071957008994,39.27979904901051],[-76.60072147103622,39.27980993128905],[-76.60072331515765,39.27982081967977],[-76.60072504911577,39.2798317185051],[-76.60072661145412,39.27984263296069],[-76.6007280995675,39.27985355617158],[-76.60072963291714,39.27986447323085],[-76.60073138428731,39.27987536761131],[-76.60073394568178,39.27988710695882],[-76.60073578733385,39.27989781698955],[-76.60073982530018,39.27992129559976],[-76.60074402585686,39.27995274831912],[-76.60074591925553,39.27997403528808],[-76.60074611695498,39.27999739545473],[-76.60074470847667,39.28001783619247],[-76.60073918671529,39.28003662446011],[-76.60073066909025,39.28006053148998],[-76.60071197615176,39.28011993003335],[-76.60069926862811,39.28015764683109],[-76.60068462762018,39.28021064570861],[-76.60067229615271,39.28026205808438],[-76.60065946409576,39.28030685985653],[-76.60062122583518,39.28043805121441],[-76.60060249751768,39.28051049446631],[-76.60058422661113,39.28056941431046],[-76.60055534896134,39.28066446011803],[-76.6005284359366,39.28076565129813],[-76.60049911883978,39.28086214221786],[-76.60049203247704,39.28088398143733],[-76.60046982740646,39.2809524152477],[-76.60046750380344,39.28095957741817],[-76.60043450813463,39.28105312922537],[-76.60039514913952,39.28116626538062],[-76.60035317487662,39.28129757542263],[-76.60033446634395,39.28135777641307],[-76.60031404382839,39.28142101884849],[-76.6003015453846,39.28145857596588],[-76.60029502135805,39.28147541965081],[-76.60029218902127,39.2814813271244],[-76.6002851122516,39.28149609266926],[-76.6002753654805,39.28150790633512],[-76.60026089128291,39.28151741147059],[-76.60023548679129,39.28152373934559],[-76.60021475171806,39.28152415698852],[-76.60019279128113,39.28152359402996],[-76.60014330696183,39.28152063592623],[-76.60003786907602,39.28151690269593],[-76.59997575601506,39.28151332232901],[-76.599934706081,39.28151383827905],[-76.59987307303186,39.28151783220661],[-76.59981373873643,39.28152072689601],[-76.59973492583467,39.2815234074563],[-76.59964595078173,39.28152645867117],[-76.59957460891513,39.28152873852689],[-76.59950180428424,39.28153164568751],[-76.59943334898058,39.28153443702441],[-76.59936721528763,39.28153516178286],[-76.59927350129408,39.28153671209491],[-76.59914991945377,39.28153922511103],[-76.59905555405616,39.28154221424698],[-76.59897012478142,39.28154417632081],[-76.59889792193506,39.281548057085],[-76.59884005474458,39.28155016001806],[-76.59871022946645,39.28155405463743],[-76.59870214690854,39.28155396307025],[-76.59869281984381,39.2815540248842],[-76.59868907972302,39.28155462732719],[-76.59869478881245,39.28166245824986],[-76.59869532263049,39.28167873325692],[-76.59869716802561,39.28167971959171],[-76.59870442519193,39.28167963719438],[-76.59878154572787,39.28167887107004],[-76.59878485297148,39.28167939309921],[-76.59878692196956,39.28167957581505],[-76.59878960687077,39.28168008761147],[-76.5987910149956,39.28168235964142],[-76.59879326841184,39.28169543110306],[-76.59879752551606,39.2817347864644],[-76.59880764939456,39.2818848665236],[-76.59881624185277,39.28200529273573],[-76.59881614457296,39.28201060780503],[-76.59881055253814,39.28202182392077],[-76.59879912644674,39.28203458383408],[-76.59878904350889,39.28204204464237],[-76.5987751046889,39.28204495423591],[-76.59876183685265,39.28204480712926],[-76.59861875327479,39.28204855187216],[-76.59850135195205,39.28205306250229],[-76.59833671362283,39.28205641255213],[-76.59825728416621,39.28205876303758],[-76.59824143880837,39.28206390534366],[-76.59821476386666,39.28207182909217],[-76.59820600422083,39.28207462932607],[-76.59820468385753,39.28207896558583],[-76.59820463150696,39.28208186496239],[-76.59819209872212,39.28208720324917],[-76.59816209803341,39.28209541105943],[-76.59814379227156,39.28209907669188],[-76.59813483184863,39.28210171769934],[-76.59813435202121,39.28209414424522],[-76.59813772665068,39.28209095718164],[-76.59818919031477,39.28207621930645],[-76.59818970115434,39.28207074621727],[-76.59817439337745,39.28206896708989],[-76.59814654567026,39.28207317386656],[-76.59810509962418,39.28207255736575],[-76.59804542187703,39.28207174064667],[-76.59800287882861,39.28207449461355],[-76.59794649864158,39.2820746835717],[-76.59788935468205,39.2820824326932],[-76.59783524773798,39.28208296446377],[-76.59782026398427,39.28208618293126],[-76.59771131934167,39.28211575572821],[-76.59770746054919,39.28211152514073],[-76.59769385529412,39.28209607099517],[-76.597662195092,39.28209298643538],[-76.59762922744416,39.28209358961538],[-76.59758871275888,39.2820987824403],[-76.59754575500317,39.28210169425603],[-76.59749784441939,39.28210342439819],[-76.59745660259237,39.28210296960498],[-76.59742783408767,39.28210072179209],[-76.59740478914429,39.28210272357182],[-76.59740029715054,39.28211040699609],[-76.59740288143924,39.2821163951176],[-76.59740152363838,39.28212282641461],[-76.59739983193226,39.28212457800469],[-76.59739484703738,39.28212516713246],[-76.5973035337617,39.28211997558834],[-76.59723177519496,39.28211080930281],[-76.59718994214398,39.28210874092388],[-76.59712384320899,39.28210753150307],[-76.59704345671415,39.28210552089541],[-76.59692321200806,39.28210677744818],[-76.59672372860264,39.2821116720724],[-76.59674122972585,39.28231177357711],[-76.59702786386585,39.28230187424347],[-76.59731527121268,39.28229520519533],[-76.59755580989103,39.28228963234032],[-76.59788366663432,39.28228131066393],[-76.59820928003175,39.28227103385073],[-76.59856388391347,39.28226187397792],[-76.59894549644375,39.28224950395805],[-76.59888800049602,39.28230699968955],[-76.59889261343983,39.28235313359406],[-76.59883929372955,39.28233411475803],[-76.59861740416005,39.28233576989483],[-76.59819196015809,39.28234660355056],[-76.59809255903268,39.28234913511786],[-76.59813345598756,39.28291467568764],[-76.59815637711635,39.28330700017601],[-76.59815725408151,39.28332201618512],[-76.59822967932857,39.28435225418518],[-76.59823360339247,39.28440700062242],[-76.59826421933943,39.28483415848036],[-76.59827320770086,39.28494556755289],[-76.59832149342729,39.2853589914842],[-76.59863018432797,39.2853460334805],[-76.59873668984649,39.28533926601116],[-76.59922930327173,39.28530798702773],[-76.59917864122103,39.28491746625577],[-76.59917765949324,39.28490700055468],[-76.60035067177259,39.28488294390912],[-76.60035180236795,39.28489335065608],[-76.60037198768367,39.28507917986961],[-76.60038586953611,39.28527331697094],[-76.6006881238032,39.28525737356257],[-76.60078799996549,39.28525331551126],[-76.60089170778434,39.28524910195096],[-76.60102527012968,39.28524367819297],[-76.60117602119006,39.28523650030998],[-76.60144957257177,39.28522488923724],[-76.60172214710363,39.28521321476543],[-76.60201470254437,39.28520618232837],[-76.60237057915059,39.28518278229789],[-76.60276261033526,39.28515701195071],[-76.60283990552161,39.28528410057496],[-76.60315095310689,39.28579551979922],[-76.60318568619556,39.28585051873883],[-76.60353080369224,39.28639700598672],[-76.60356771076792,39.28645385960063],[-76.60394275053461,39.28703157140136],[-76.6042679533837,39.28752999475435],[-76.60432627311603,39.28761780283303],[-76.60451524771577,39.2879023239484],[-76.60475773985105,39.28827884206751],[-76.6048335237645,39.28843460437992],[-76.60501004409677,39.2887189106756],[-76.60521580109356,39.28903878148487],[-76.60537377462519,39.28929909793916],[-76.60548568171359,39.28948588260745],[-76.60549025746245,39.28949224563357],[-76.60568369364361,39.28976120190921],[-76.60578688353012,39.289919944251],[-76.60580818541609,39.28995271513644],[-76.60600893985489,39.29022684053047],[-76.60607097199889,39.29031154437835],[-76.60637356087001,39.29069662389761],[-76.60653325523711,39.29090580554858],[-76.60685076954381,39.29121550319645],[-76.60704968027248,39.29140468245144],[-76.60716964021584,39.29151877305772],[-76.60734087908801,39.29165791663161],[-76.60759107365315,39.29186121820352],[-76.6079512773841,39.29211494251523],[-76.60833418584065,39.29235476340326],[-76.60869122854905,39.29255328891601],[-76.60862338583161,39.29264720310952],[-76.60851039516835,39.29280075473586],[-76.60844897482831,39.29287898278032],[-76.6084207990782,39.29291486970936],[-76.60833410833993,39.29301753123239],[-76.60817185476616,39.29316532726097],[-76.6080013554448,39.29328996314534],[-76.60757348551658,39.29359843467219],[-76.60710496114805,39.29397282135097],[-76.60693193277457,39.29410757354364],[-76.60663433027838,39.29432920281465],[-76.60633811640177,39.29454321285149],[-76.60612613138365,39.29471256837644],[-76.60598493274507,39.29472326883081],[-76.6059459610729,39.29472622232169],[-76.60551787073831,39.29474284950825],[-76.60476433076309,39.29472794767374],[-76.60470866306116,39.29473016361116],[-76.60440055660146,39.29474242535145],[-76.60430965529909,39.29474766430226],[-76.60394609169246,39.29476861864194],[-76.60348761140412,39.29478205538427],[-76.60340864222273,39.29478436951022],[-76.60296577358112,39.29479961790015],[-76.60290898384488,39.29480158508757],[-76.60244546145329,39.29481876409423],[-76.60175247341751,39.29485297977472],[-76.60127801313946,39.29488207467921],[-76.60049019526052,39.29493045516158],[-76.60033904883014,39.29493973594346],[-76.59983426976754,39.29494536068466],[-76.59982952923318,39.2949070001136],[-76.59978009757849,39.29450699994765],[-76.59976888494833,39.29441626878353],[-76.59971330292584,39.29391296828129],[-76.59970488032003,39.29355280145779],[-76.59969994630856,39.2932679490999],[-76.59969014243335,39.29270189350733],[-76.5996871152434,39.29252717539233],[-76.59946831011938,39.29260863026841],[-76.59880031791019,39.29272923803916],[-76.59859622392737,39.29278753615143],[-76.5981863889881,39.29293112325677],[-76.5981673168736,39.29293677064367],[-76.59774200614841,39.29307007333351],[-76.59727643132923,39.29321162073996],[-76.59660774713809,39.29337722915833],[-76.59657813501862,39.29338533970484],[-76.59649210732863,39.2934088720641],[-76.5962674070888,39.29347033719007],[-76.59609354128774,39.29351808244626],[-76.59590127504462,39.29357088047162],[-76.59527934680357,39.29374067845352],[-76.59520900878219,39.29375988172588],[-76.59499067199378,39.29382757887713],[-76.59485711581851,39.2938689884003],[-76.59464910213305,39.29392234348823],[-76.59457006077776,39.29393374549377],[-76.59441178076554,39.2939565765878],[-76.59426161914584,39.29396657265629],[-76.59411742571147,39.29396533956237],[-76.5938748232589,39.2939522589369],[-76.59361867214668,39.2939455893934],[-76.59347425641074,39.29394876756362],[-76.59318006638554,39.29398290857149],[-76.5928099073458,39.29398081191545],[-76.59258908321614,39.29399221650986],[-76.59219740776125,39.29399916530267],[-76.59193339617947,39.29400714898804],[-76.59147050805967,39.29402529934693],[-76.59118305677153,39.29403767301032],[-76.59101403205209,39.29404494835202],[-76.59060938927198,39.29405946893996],[-76.59019019571672,39.29407497235216],[-76.58998808024687,39.29408308108701],[-76.58988799995244,39.29408709685083],[-76.58967550104836,39.29409562188329],[-76.58930892052692,39.29411265883957],[-76.58882362330426,39.29412814876536],[-76.58841791756244,39.29414688805714],[-76.58803180291522,39.29416219699723],[-76.58756177155109,39.29417700022272],[-76.58709832335259,39.2942005548723],[-76.58698872680773,39.29420631552426],[-76.58680665605485,39.29421144738653],[-76.58676423259165,39.29421264210808],[-76.58638735136716,39.29423198200177],[-76.58561934914457,39.29426851457264],[-76.58524478937775,39.29428624572954],[-76.58484050145037,39.29430523979966],[-76.58484113153463,39.29431285885416],[-76.58486301703643,39.29457744980579],[-76.5848718792995,39.2947214802287],[-76.58487858913837,39.29483020675798],[-76.58489130294554,39.29503616181177],[-76.58492689191402,39.29551835893744],[-76.58493080017631,39.29562586311656],[-76.58498894215177,39.29661032860329],[-76.58502037457539,39.29711128891639],[-76.58505211669345,39.29762418709961],[-76.58507537368686,39.29792871504208],[-76.58510720180165,39.29841237564774],[-76.58512751686628,39.29872246881511],[-76.58508799991415,39.29872416771919],[-76.58471697324134,39.29874011721969],[-76.5844202382859,39.29875275413954],[-76.5843753135874,39.29875476695683],[-76.58372861959985,39.29878373923867],[-76.58368800022897,39.29878541124727],[-76.58299959500467,39.2988137462042],[-76.58297959232611,39.29881451651777],[-76.58246814747585,39.29883420841845],[-76.58230193149203,39.29884060750453],[-76.58190917963782,39.29885824449862],[-76.5815899666116,39.29887249671804],[-76.58148800037654,39.29887680668955],[-76.58088330181235,39.29890236300886],[-76.58017670154034,39.29893082009755],[-76.57948799955332,39.29896041610888],[-76.57947061234269,39.29896116365975],[-76.57908615966615,39.29897334701231],[-76.57876922550783,39.29898336796893],[-76.57844372058118,39.29899589926197],[-76.57805849778032,39.29901021849523],[-76.57770097454559,39.29902392442988],[-76.57766823629306,39.29902553350978],[-76.5773625720646,39.29904341968183],[-76.57708898031561,39.29905584120579],[-76.57705688429404,39.29905725606164],[-76.57703768628726,39.29905837415227],[-76.57665202983577,39.29908852256249],[-76.57637652207734,39.29909714693109],[-76.57594698640091,39.29910086867081],[-76.57556925354422,39.299089108179],[-76.57523174007922,39.29910131516687],[-76.57495184822315,39.29912510804836],[-76.57453030131956,39.29914967185987],[-76.57424062826333,39.29915620691053],[-76.57381780659057,39.29917154787877],[-76.57318737437947,39.29919468423063],[-76.57310218077939,39.29919715896391],[-76.57284171693362,39.29921400770102],[-76.57264891078141,39.29922221778097],[-76.57226591964263,39.29923612530904],[-76.57152952935955,39.29926822226363],[-76.57078646310657,39.29929302288971],[-76.57039021556713,39.2993042393549],[-76.57019532550781,39.29930977964914],[-76.56986429943017,39.29931918999132],[-76.56942652767405,39.29934919775622],[-76.56878535870484,39.29937433839346],[-76.56810485571523,39.29939757807183],[-76.56758944094935,39.29942084772272],[-76.56723356919704,39.29943033215866],[-76.56715040680776,39.2983156869301],[-76.56710812124621,39.29785636514677],[-76.56706496603231,39.29740476049339],[-76.56706363756874,39.29736771003553],[-76.56708884104984,39.29733590608783],[-76.56713985730241,39.29732156929923],[-76.56760865731307,39.29729958394199],[-76.56790194108432,39.29728172175993],[-76.56794219848065,39.29725699171708],[-76.56795843299312,39.29722047605184],[-76.56795659132992,39.29720003823767],[-76.56789101289542,39.29676728263554],[-76.56784018747368,39.29647201922373],[-76.56778903464591,39.29628496831221]]]],"type":"MultiPolygon"}
}