{
  "id": 1108801255,
  "type": "Feature",
  "properties": {
    "edtf:cessation":"uuuu",
    "edtf:deprecated":"",
    "edtf:inception":"uuuu",
    "geom:area":0.000951,
    "geom:area_square_m":9886473.425036,
    "geom:bbox":"-117.204438562,32.7567489541,-117.111480046,32.7882990014",
    "geom:latitude":32.770733,
    "geom:longitude":-117.152518,
    "iso:country":"US",
    "lbl:latitude":32.769295,
    "lbl:longitude":-117.153215,
    "mps:latitude":32.769295,
    "mps:longitude":-117.153215,
    "mz:hierarchy_label":1,
    "mz:is_current":0,
    "mz:is_funky":0,
    "mz:is_hard_boundary":0,
    "mz:is_landuse_aoi":0,
    "mz:is_official":0,
    "mz:max_zoom":15.0,
    "mz:min_zoom":11.0,
    "mz:note":"",
    "mz:tier_metro":1,
    "name:eng_x_variant":[
        "Mission Vly",
        "Missionvalley"
    ],
    "reversegeo:latitude":32.769295,
    "reversegeo:longitude":-117.153215,
    "src:geom":"mz",
    "src:geom_alt":[],
    "src:lbl:centroid":"mz",
    "wof:belongsto":[
        85688637,
        102191575,
        85633793,
        85922227,
        102083569
    ],
    "wof:breaches":[],
    "wof:concordances":{},
    "wof:country":"US",
    "wof:geomhash":"2c7e7fb780f0950b1eb9fa9a3c38928c",
    "wof:hierarchy":[
        {
            "continent_id":102191575,
            "country_id":85633793,
            "county_id":102083569,
            "locality_id":85922227,
            "macrohood_id":1108801255,
            "region_id":85688637
        }
    ],
    "wof:id":1108801255,
    "wof:lastmodified":1511300775,
    "wof:name":"Mission Valley",
    "wof:parent_id":85922227,
    "wof:placetype":"macrohood",
    "wof:repo":"whosonfirst-data-admin-us",
    "wof:superseded_by":[],
    "wof:supersedes":[
        85866835
    ],
    "wof:tags":[]
},
  "bbox": [
    -117.20443856170286,
    32.75674895412698,
    -117.11148004612153,
    32.78829900144362
],
  "geometry": {"coordinates":[[[[-117.11395426499749,32.78795513914771],[-117.11407900058163,32.78741600118806],[-117.11419265134944,32.78685449227212],[-117.11419700153284,32.78683300009907],[-117.11419979233223,32.78681606968401],[-117.11422699914169,32.78665100107801],[-117.11429769280713,32.78623679670831],[-117.11429792510994,32.78623543525789],[-117.11429799894161,32.78623500116394],[-117.11430982522566,32.78615321692448],[-117.1143099909152,32.78615203047065],[-117.11431042878917,32.78615213734481],[-117.11449972272639,32.7861997674206],[-117.11455473518265,32.78621361800086],[-117.11468227973727,32.78624573070802],[-117.11481600436069,32.78627777593461],[-117.11744809770873,32.78691345114827],[-117.11753288138856,32.78693209483949],[-117.11754184363281,32.78693353253436],[-117.11754653987316,32.7869342883487],[-117.11755274777093,32.78693523417917],[-117.11756255007322,32.78693672918382],[-117.11757858500366,32.78693903791473],[-117.1175946511174,32.786941208999],[-117.11761073868065,32.78694324525352],[-117.11762685097409,32.78694514940376],[-117.11764298466269,32.78694691322762],[-117.11765913982769,32.78694854497007],[-117.11767388994683,32.78694990898788],[-117.11767460316726,32.78694997268701],[-117.11767530990751,32.78695003918018],[-117.11769149818289,32.78695139858335],[-117.11770770462661,32.78695262043133],[-117.11772392601213,32.78695370749525],[-117.11774015255129,32.78695465709541],[-117.1177563907785,32.78695547193448],[-117.11777264066647,32.78695614926396],[-117.11778889570793,32.78695668912975],[-117.11780515918352,32.7869570942572],[-117.11782142453174,32.78695735919551],[-117.11783769180666,32.78695748944114],[-117.11785396100827,32.78695748499428],[-117.11787022882864,32.78695734038108],[-117.11788649206832,32.78695706112109],[-117.11790275395366,32.78695664444307],[-117.11791900800445,32.78695609314111],[-117.11793525742014,32.78695540169575],[-117.11795149574752,32.78695457564929],[-117.11796276375669,32.7869539082342],[-117.11796772624011,32.78695361497893],[-117.11797246392554,32.78695329307065],[-117.11798394233651,32.78695251423378],[-117.11800014409073,32.78695127891046],[-117.11801633150273,32.78694990900899],[-117.11803250129172,32.78694840180396],[-117.11804865348471,32.78694676004368],[-117.11806478480099,32.78694498100267],[-117.11808089524035,32.78694306468106],[-117.11808990035665,32.78694191843741],[-117.11809698160337,32.78694101659822],[-117.11810618416079,32.78693976452152],[-117.11811304383579,32.78693883125767],[-117.11812907545733,32.7869365114534],[-117.11814508622885,32.78693405711682],[-117.11816106313572,32.78693146833941],[-117.11817700945862,32.78692874784677],[-117.11819292514333,32.78692589014207],[-117.11820481866759,32.78692365165574],[-117.11820880373668,32.78692290076793],[-117.11821347044072,32.78692198017495],[-117.11822464521151,32.78691977697587],[-117.11824044959486,32.78691652151434],[-117.11825621685952,32.78691313163501],[-117.11827194052539,32.78690961013196],[-117.11828762384592,32.78690595698232],[-117.1183032635403,32.78690216946072],[-117.11831885968989,32.78689825581207],[-117.11833440570595,32.78689420783726],[-117.11833460366202,32.78689415422298],[-117.11834990489639,32.78689003101002],[-117.11836535398025,32.78688572260497],[-117.11838074973109,32.7868812853933],[-117.1183960954024,32.78687671935219],[-117.11841138448689,32.7868720245274],[-117.11842661698451,32.78686720091893],[-117.11844179289523,32.78686224852686],[-117.1184569089924,32.78685717012238],[-117.11846823282644,32.78685325628055],[-117.118471965276,32.78685196570552],[-117.11847838860865,32.78684968047703],[-117.11848696171892,32.78684663252803],[-117.11850189186804,32.78684117613229],[-117.11851675569621,32.78683559377003],[-117.11853155645696,32.78682988541836],[-117.1185462876701,32.78682405387143],[-117.11856094933567,32.7868180991293],[-117.11856630593752,32.78681586812706],[-117.11857554145359,32.78681202119194],[-117.11858408261899,32.78680837428619],[-117.11859005754366,32.78680582285345],[-117.11860450408591,32.78679950131985],[-117.11861887454604,32.78679305388857],[-117.1186331658059,32.78678649432418],[-117.11864738101065,32.78677981161043],[-117.11866151693366,32.78677300851867],[-117.11867556709488,32.78676608784301],[-117.1186895445087,32.78675904949182],[-117.12006524477302,32.786031999355],[-117.12013371067472,32.78637508024367],[-117.1202022042652,32.78672090941178],[-117.12075702344634,32.78656033170837],[-117.12131829342852,32.78639420894359],[-117.12132707771769,32.78639212952908],[-117.12134275417615,32.78638846229563],[-117.1213584473908,32.78638484441505],[-117.12137416395038,32.78638128408638],[-117.12138989403979,32.78637777588178],[-117.12140563765892,32.78637431980137],[-117.12142140131517,32.78637091579911],[-117.12143717852845,32.78636756666929],[-117.1214529725524,32.7863642723889],[-117.12146878335993,32.78636103020967],[-117.1214846076974,32.78635784015453],[-117.12150044559199,32.78635470497183],[-117.1215163002974,32.78635162463854],[-117.12153216853285,32.78634859642933],[-117.12154804704475,32.78634562036719],[-117.12156394887474,32.78634269910852],[-117.12157985775484,32.78633983276817],[-117.12159578341864,32.78633701852891],[-117.12161171938625,32.78633425918501],[-117.12162766891124,32.78633155471346],[-117.12164363196646,32.78632890236597],[-117.12165960857912,32.78632630489084],[-117.12167559549569,32.78632376231102],[-117.12169159594251,32.78632127185526],[-117.12170760669329,32.78631883629481],[-117.12172362772083,32.78631645288134],[-117.12173966233318,32.78631412708851],[-117.12175570399597,32.78631185621401],[-117.12177176244275,32.78630963744052],[-117.12178782794004,32.78630747358534],[-117.12180390374145,32.78630536462541],[-117.12181096535022,32.78630445996276],[-117.1218199898198,32.78630330781248],[-117.12183608294872,32.78630130591781],[-117.12185218963542,32.78629935889546],[-117.12186830337274,32.78629746679135],[-117.12188442413354,32.78629562685718],[-117.12190055197222,32.78629384458961],[-117.12191669011521,32.78629211721731],[-117.12193284178893,32.78629044196897],[-117.12194899725982,32.78628882166181],[-117.12196516303513,32.78628725624995],[-117.12198132935406,32.7862857458023],[-117.1219975059775,32.78628429024993],[-117.12201368965182,32.78628288961574],[-117.122029880377,32.78628154389983],[-117.12204607812602,32.78628025035381],[-117.12206227969956,32.78627901449733],[-117.1229045255631,32.78622908491578],[-117.12291880691616,32.78622944566744],[-117.12293506981798,32.78622980339766],[-117.12295133537418,32.78623010063971],[-117.12296760035842,32.78623034016503],[-117.12298386799704,32.78623051920218],[-117.12300013506361,32.78623064052261],[-117.12301640475725,32.78623069860657],[-117.12303267390605,32.78623070172207],[-117.12304894245545,32.78623064437247],[-117.12306521040547,32.78623052655777],[-117.12308147778332,32.7862303510263],[-117.12309774456166,32.78623011502971],[-117.12311400751425,32.78622982133941],[-117.12313026986722,32.78622946718398],[-117.12314652839427,32.78622905533479],[-117.12316278957532,32.78622858299746],[-117.12316479327235,32.78622851660155],[-117.12317904690315,32.78622805021807],[-117.123195300405,32.78622745974492],[-117.12321155008074,32.786226811578],[-117.12322779912958,32.78622610019771],[-117.12324404112594,32.78622533389495],[-117.12326027926889,32.78622450715014],[-117.12327651355841,32.78622361996322],[-117.12329274402171,32.78622267508259],[-117.12330897063154,32.78622166975988],[-117.12332519016154,32.78622060676646],[-117.1233414026116,32.78621948610227],[-117.12335761118082,32.78621830224773],[-117.12337381272457,32.78621706621909],[-117.12339001036023,32.78621576425178],[-117.12340619766221,32.78621440463678],[-117.12340816775982,32.78621423128283],[-117.12340832704965,32.78621421641311],[-117.12342238113774,32.78621298732801],[-117.12343855427956,32.7862115123716],[-117.12345472031404,32.78620997699612],[-117.12347087926835,32.78620838394993],[-117.1234870311152,32.78620673048476],[-117.12350317262825,32.78620501937188],[-117.12351930703379,32.78620324784001],[-117.12353542785191,32.7862014186835],[-117.12355154484322,32.78619953183327],[-117.12356764821979,32.7861975846101],[-117.12358374126242,32.78619557973925],[-117.12359982397103,32.78619351722079],[-117.12361589957192,32.78619139428329],[-117.12363196158519,32.78618921372119],[-117.12364801326433,32.78618697551146],[-117.12366405460939,32.78618467965408],[-117.12368008233939,32.78618232342382],[-117.12368207718308,32.78618202071041],[-117.12369609648159,32.78617990956892],[-117.12371210026234,32.78617743531812],[-117.12372809048256,32.78617490619105],[-117.1237440670876,32.78617231669103],[-117.12376003010476,32.78616966956647],[-117.12377598278756,32.78616696479434],[-117.12379191862881,32.78616420242064],[-117.12380784088205,32.78616138242239],[-117.12382374626644,32.78615850207431],[-117.12383964134359,32.7861555668269],[-117.12385551629829,32.78615257125276],[-117.12387138091837,32.78614951803105],[-117.12388722547048,32.7861464099792],[-117.12390305643439,32.78614324430279],[-117.12391887050198,32.78614001552826],[-117.12393466775497,32.78613673190058],[-117.12393659000868,32.78613632800214],[-117.12393682374916,32.78613627412554],[-117.12395044819343,32.78613339341977],[-117.12396621176271,32.78612999458912],[-117.12398195851736,32.78612654090541],[-117.12399768514918,32.7861230268949],[-117.12401339496635,32.7861194580313],[-117.12402908794154,32.78611583156626],[-117.12404476082108,32.78611214752278],[-117.12406041360497,32.78610840590099],[-117.12407604957409,32.78610460942605],[-117.12409166542024,32.78610075262439],[-117.12409356418813,32.7861002774286],[-117.1240937037652,32.78610024345809],[-117.12410726119789,32.78609684099274],[-117.12412283690715,32.78609287453104],[-117.12413839249329,32.78608884774267],[-117.12415392475732,32.78608476614734],[-117.12416944020639,32.78608062969894],[-117.12418493230602,32.78607643569522],[-117.1242004010561,32.78607218413628],[-117.12421584973761,32.78606787774732],[-117.12423127832317,32.78606351378004],[-117.12424668033285,32.7860590950289],[-117.1242485556146,32.78605854853582],[-117.1242486853762,32.78605850913762],[-117.12426206224656,32.78605461869946],[-117.12427742083793,32.78605008756313],[-117.12429275607964,32.78604549887155],[-117.12430806802627,32.78604085812139],[-117.12432335659591,32.78603615706771],[-117.12433862187044,32.78603140395548],[-117.12435386054162,32.78602659331111],[-117.12436907589034,32.78602172785985],[-117.12438426466294,32.78601680762485],[-117.12439943011303,32.78601183258291],[-117.12441456895972,32.78600680000895],[-117.12442968125751,32.78600171539946],[-117.12444476692451,32.78599657050967],[-117.12445982935077,32.78599137905795],[-117.12447486189264,32.78598612734889],[-117.12448987111182,32.78598082083306],[-117.12450485052845,32.78597546230488],[-117.12451980334147,32.78597004624464],[-117.12453472635188,32.78596457817207],[-117.12453654183723,32.78596390841536],[-117.12454962278593,32.78595905531581],[-117.1245644926436,32.78595347767585],[-117.12516325880785,32.78568400600574],[-117.1250860605212,32.78503550868511],[-117.1245968218653,32.78092550534267],[-117.12441462427068,32.77985112604795],[-117.12428095130049,32.77953194317469],[-117.12421541488149,32.77937545585162],[-117.12412697650672,32.77933547851712],[-117.12360647042108,32.77910018925935],[-117.12313808769049,32.77909943107741],[-117.12008765946179,32.78014665952909],[-117.11998604520424,32.78018154253155],[-117.11659248201902,32.78108867323727],[-117.11623898747683,32.78118315891049],[-117.11463252375536,32.78129459525197],[-117.1144781769558,32.78169563293602],[-117.11416265981765,32.78150265859171],[-117.11411171108729,32.78147149748435],[-117.11401255510832,32.78141085184473],[-117.11388245722225,32.78141979294821],[-117.11381033026231,32.78142474965415],[-117.11379881036837,32.78142554145341],[-117.11379826702021,32.78142554250755],[-117.11339606920188,32.78145189967392],[-117.11328195782399,32.78145974572118],[-117.11319100003136,32.78146599982691],[-117.11318500335047,32.78144879763516],[-117.11317988797536,32.78143412408986],[-117.11300854733791,32.78094262840535],[-117.11297800024127,32.78085500109896],[-117.11292798683721,32.78071100540313],[-117.11287899857628,32.78057200068042],[-117.11287889988863,32.78057172445831],[-117.11276099815169,32.78024200160614],[-117.11263294844117,32.7798802106027],[-117.11257199868244,32.77970800151861],[-117.11250149514235,32.77949368952418],[-117.11242099888948,32.77924900073825],[-117.11231310068263,32.778918306762],[-117.11231300006921,32.77891799963228],[-117.11225399833407,32.77874199896923],[-117.11224776414696,32.77872284832888],[-117.11224000621591,32.77869901663314],[-117.11223997864288,32.77869894192895],[-117.11221288273495,32.7786258636024],[-117.11220700040664,32.77861000046416],[-117.11220587246733,32.77860669982935],[-117.11219997652188,32.77858944535458],[-117.11219993214428,32.77858931579767],[-117.11219781862194,32.77858313130641],[-117.1121745966154,32.77851517248761],[-117.11214972253522,32.77844238096286],[-117.11213964813489,32.77841289802278],[-117.11213901258037,32.77841103897509],[-117.11213898662747,32.77841096357245],[-117.11213895984777,32.77841088680135],[-117.112136039078,32.77840241981656],[-117.11182748256232,32.77750799077611],[-117.11182300064232,32.77749499965049],[-117.11180534443925,32.77744076985606],[-117.11178112891973,32.77736639189809],[-117.1117810014569,32.77736600043886],[-117.11172458565675,32.77717875039991],[-117.11168700101599,32.77705400044702],[-117.11164948508271,32.77692828115551],[-117.1115560001065,32.77661500010466],[-117.11151599846652,32.77644300022979],[-117.11148048880328,32.77622796654956],[-117.11148004612153,32.77622528366199],[-117.11148013945026,32.77622526239676],[-117.11159205483554,32.77619997685047],[-117.11169437173263,32.77617685945145],[-117.11312705945291,32.776628597308],[-117.11387531156943,32.77662465669129],[-117.11464963437037,32.77662343681391],[-117.11515336205855,32.77619945391527],[-117.11545310278026,32.7759471695411],[-117.11611141660799,32.77539290498477],[-117.11626842541345,32.77524688524751],[-117.11715581978618,32.77540475576294],[-117.11735630899574,32.77569784672956],[-117.11750572033424,32.775916267664],[-117.11755111300806,32.77589519460992],[-117.1178231274139,32.77577111105636],[-117.11903496966893,32.77521769774518],[-117.11927085710056,32.7751067805924],[-117.12013586163675,32.77468625946746],[-117.12074084801642,32.7743928000439],[-117.12174035090152,32.77379756336907],[-117.12292075731411,32.77309385000392],[-117.12336696800077,32.7734727330382],[-117.12422320862171,32.77287848981204],[-117.12502927221628,32.77247424346438],[-117.1267412667025,32.77189590016757],[-117.12799964819948,32.77111620042386],[-117.12800226418143,32.77111460416805],[-117.12801902246005,32.77116395811316],[-117.12878489252931,32.77064728406435],[-117.12885554405585,32.77022900746373],[-117.12860133475306,32.76985702022544],[-117.12963385124237,32.76933019661195],[-117.1296791732502,32.76930788547667],[-117.12988628935707,32.76919921704943],[-117.12998638999638,32.76912429628175],[-117.13013277652948,32.76912325235534],[-117.13046278732774,32.76912141434475],[-117.13186705493555,32.76911358425769],[-117.13224071088513,32.76910909954874],[-117.13266030935098,32.7691040597407],[-117.13298568490356,32.76910285074668],[-117.13299227562142,32.76910282557792],[-117.13298932233434,32.76881761314749],[-117.13298780730088,32.76867133863279],[-117.1333871887967,32.76866666087108],[-117.13359141887403,32.76866427526159],[-117.13358734747678,32.76829600122437],[-117.13451297264787,32.76829073357881],[-117.13451341933494,32.76801739096417],[-117.13451342465125,32.76801176472415],[-117.13531364605929,32.76800602655569],[-117.13531203437178,32.76760354065409],[-117.13531203076515,32.76760342455538],[-117.13531148529805,32.76746733662853],[-117.13789436962263,32.76745700354326],[-117.13790239359913,32.76601933678943],[-117.13790248919869,32.76600300169692],[-117.13867447490678,32.76598369670283],[-117.13893363755525,32.76599557816117],[-117.14035726055577,32.76598722239303],[-117.14072902001594,32.76598503706705],[-117.14199785730744,32.76597757063276],[-117.1430387808966,32.76597143287973],[-117.14303939387557,32.76603189847363],[-117.14323083793246,32.76598378817653],[-117.14541163540891,32.76546500571626],[-117.1455587327734,32.76543240459523],[-117.14566804952359,32.76540817463945],[-117.14567382601935,32.76540680243252],[-117.14600230737197,32.76532879523345],[-117.14669675965882,32.76516158319635],[-117.14684602522641,32.76512476779844],[-117.14718653458077,32.76502059761523],[-117.14719312706625,32.7650204562354],[-117.14797360145212,32.76500387873553],[-117.14964775424802,32.76457116220817],[-117.14964888404003,32.76404217492272],[-117.15104128077147,32.7640552682797],[-117.15105245028776,32.76421383922725],[-117.15438871328121,32.76335608622426],[-117.15439444934506,32.76335460396289],[-117.15602536825055,32.76293152548638],[-117.15650975041618,32.76280586802535],[-117.15712287337544,32.76264195122447],[-117.15748887125065,32.76255422933748],[-117.15975718674247,32.76132526084455],[-117.16017630218421,32.76111843362138],[-117.16030574824221,32.76105357574627],[-117.16040574469392,32.76099870324155],[-117.16050204780579,32.76069035397619],[-117.16036073744581,32.75992181195097],[-117.16055406223775,32.75942840105845],[-117.16123538567443,32.75870373840473],[-117.16129090058487,32.75864468744729],[-117.16129560605022,32.75863968200368],[-117.16131599725429,32.7586580893915],[-117.16153148634375,32.7588523597679],[-117.16153161307437,32.7588521114652],[-117.16157879951376,32.75876237767982],[-117.1615789980975,32.7587620003531],[-117.16160900114902,32.75878799954918],[-117.16169899861785,32.75886800084963],[-117.16176309518907,32.75892242337828],[-117.1617718022553,32.75892981576696],[-117.16181738153601,32.75896688902942],[-117.16193799949477,32.75906499924059],[-117.16277799887585,32.75975300058169],[-117.16291540124179,32.75987299925608],[-117.16292799891751,32.75988400113015],[-117.16294267648919,32.75989552220138],[-117.16309684698469,32.76001653793821],[-117.16311399819735,32.76003000037772],[-117.16312547844757,32.76003793147453],[-117.16334775059848,32.76019148491731],[-117.16334992427011,32.76019100845154],[-117.16338860251291,32.76018253363603],[-117.16361195484049,32.76012328496972],[-117.16366316902349,32.7596830193227],[-117.16360396615654,32.75938620003193],[-117.1648678405156,32.75871979728409],[-117.16487275358246,32.75871702608237],[-117.16558763932564,32.75831373553407],[-117.1668458110975,32.75840595588706],[-117.16684743550306,32.75840607643325],[-117.16685548723845,32.75840617602006],[-117.16687170320027,32.75840718242053],[-117.1668877741091,32.7584092535732],[-117.16690360877949,32.75841237916155],[-117.16691910615398,32.75841653794861],[-117.16719189755406,32.75843008366513],[-117.16831203095904,32.75848588643393],[-117.16832116834836,32.75903115126447],[-117.16880331835129,32.75893734056888],[-117.16999358548495,32.75870586873175],[-117.16996781270122,32.75849554084441],[-117.16994995259402,32.75709667800182],[-117.16995032018473,32.75709668075827],[-117.17050167704458,32.75709054868165],[-117.17145143363703,32.75707999460297],[-117.1714518011558,32.75707999048416],[-117.17145580563843,32.75707994477566],[-117.17145614794167,32.75711267227063],[-117.17145617932407,32.75711567273188],[-117.17145617647292,32.75711578887812],[-117.17143573411886,32.75795950186944],[-117.1714357312964,32.75795962076393],[-117.17143582887974,32.75795962072236],[-117.17172445692972,32.75796013041868],[-117.17262627861683,32.75796171863416],[-117.1728421249711,32.75796163750752],[-117.17291113107221,32.75796161131927],[-117.17340044026152,32.75796142468952],[-117.17423967823458,32.7579633869856],[-117.17426255957569,32.75794861820813],[-117.17426552553896,32.75794670226164],[-117.17426560644935,32.75764436449204],[-117.17555694900044,32.75764293048667],[-117.17668568765158,32.75764545276891],[-117.17669002456475,32.75743928118118],[-117.17844786964692,32.75725840718249],[-117.17851160863444,32.75720680508236],[-117.17865087544141,32.75709405646017],[-117.17866718627963,32.75708085143099],[-117.17910652686744,32.75708329741327],[-117.18084986277124,32.75709299217573],[-117.18137030700022,32.75708796273391],[-117.18137692261925,32.75709029988889],[-117.18152187203155,32.75714150043984],[-117.18171312778151,32.75720905806312],[-117.18175910594773,32.75726083246357],[-117.18175921840714,32.75726093193541],[-117.18196124236323,32.75724533929959],[-117.18203547498101,32.75723960863614],[-117.18232308685498,32.75706152769455],[-117.18258650460901,32.75674895412698],[-117.18258666660951,32.75674897076796],[-117.18271336615716,32.75676172341796],[-117.18271349722271,32.75676173685699],[-117.18271345521832,32.75676184024406],[-117.18252010908812,32.75723592157109],[-117.18309370892231,32.75766028596792],[-117.18309382860733,32.75766037645121],[-117.18375712038117,32.75794120509788],[-117.18402398476078,32.75723939240963],[-117.18586730937885,32.75836711277474],[-117.18587274436773,32.75837043780592],[-117.18633447926605,32.75866102681812],[-117.18636381321822,32.75862858604052],[-117.18643144585587,32.75860257200124],[-117.18658442969652,32.75861240499894],[-117.18683323151045,32.75876168502352],[-117.18683334966215,32.75876178376043],[-117.1868954698628,32.75881333821036],[-117.18689558553866,32.75881343353033],[-117.18689574697909,32.75881347353241],[-117.18697059915505,32.75883210360556],[-117.18730897390002,32.75884876789846],[-117.18730907072239,32.75884877266003],[-117.187309062984,32.75884888609541],[-117.18729492168472,32.75904665902624],[-117.18729491314774,32.75904677384189],[-117.1872950164681,32.75904677786701],[-117.18735384148172,32.75904906098943],[-117.18788717747603,32.75906976156863],[-117.18796626819751,32.75907163268846],[-117.18797502297483,32.75907183961742],[-117.18841409132131,32.75906575548698],[-117.18856784067782,32.75914703906351],[-117.1889256860244,32.7591498137153],[-117.1890538038423,32.75915116677509],[-117.18922823104144,32.75915300551969],[-117.18952919667773,32.75900779384608],[-117.18952940215379,32.75900776891913],[-117.18957792663669,32.75900192575535],[-117.19017962306728,32.75899459415368],[-117.19061749694011,32.75900318839602],[-117.19061759210716,32.75900319041906],[-117.19204355096758,32.75991212773542],[-117.19260789828827,32.76006173534385],[-117.19298948328154,32.76015501818968],[-117.19326657337399,32.76021061935449],[-117.19340995332956,32.76023425995327],[-117.19355333336212,32.76025790038543],[-117.19378462248294,32.76028911388585],[-117.19401582341806,32.76031208205539],[-117.19476738466342,32.76032556973728],[-117.19501600783025,32.76030542121347],[-117.19501660569293,32.76030535891574],[-117.19522553215801,32.76027808471565],[-117.19522600137243,32.76027800759836],[-117.19522112053235,32.76047326376435],[-117.19522520823624,32.76047231994188],[-117.19522761201813,32.76047193116487],[-117.19549300034878,32.76042899922905],[-117.19630899873128,32.76030100093707],[-117.19658200130446,32.76025900116262],[-117.19658213860396,32.76025936703745],[-117.19659375072079,32.76029033423028],[-117.19659700076849,32.76029900082167],[-117.19664299986927,32.76042100128342],[-117.19665899899503,32.76046199922657],[-117.19690099905544,32.76040400105073],[-117.19726600068294,32.76031700127008],[-117.19763099903528,32.76024700005846],[-117.19784578101756,32.76020842673208],[-117.19787582595123,32.76020303077529],[-117.19787599802189,32.76020299990681],[-117.19829798334582,32.76013555690245],[-117.19855800133699,32.76009399953328],[-117.20032555851405,32.75980538116099],[-117.2003829989455,32.75979600124955],[-117.20038490868626,32.75979572817929],[-117.20141557246548,32.75964848901442],[-117.20141900057556,32.75964799945569],[-117.20143493879308,32.75964799956117],[-117.20145000036281,32.7596479995528],[-117.20172499950264,32.7596499988647],[-117.20182378963234,32.75965269520199],[-117.20183469156318,32.75965299246547],[-117.20183499823878,32.75965300109398],[-117.20186508640715,32.75965300056041],[-117.20192100068583,32.75965300005565],[-117.20217899829882,32.75965299940466],[-117.20226499960438,32.75965499906259],[-117.20230200093206,32.75965499935509],[-117.20241499893255,32.75965500126634],[-117.2024529999232,32.75965599975839],[-117.20245311215248,32.75965600026635],[-117.203779999134,32.75966500048915],[-117.20378007308385,32.7596652960713],[-117.20379860646193,32.75973967430856],[-117.20386720056609,32.76001494912133],[-117.203912968388,32.76018369155783],[-117.20419418777848,32.76122051538586],[-117.20421777384055,32.76131113058493],[-117.20443856170286,32.76215862168795],[-117.20417898065091,32.76219361150721],[-117.20393508826484,32.76222648406711],[-117.20342186942702,32.76229566201752],[-117.20262611948239,32.76240900027027],[-117.20245071171637,32.76243234249549],[-117.20229867684874,32.76245271434322],[-117.20201544459177,32.76249067187332],[-117.20156420983577,32.76252958906749],[-117.20156045289247,32.76252991213074],[-117.20147513684748,32.76253619898023],[-117.20111444817833,32.76256277082285],[-117.20110214874418,32.76256367918606],[-117.20011063830546,32.76262353933888],[-117.19977904044482,32.76264258594701],[-117.19951171627999,32.76266690901851],[-117.19935318513492,32.76268133268083],[-117.19935006857489,32.76268161501911],[-117.19895557261664,32.76272257079995],[-117.19892115556186,32.76272614194444],[-117.1979173111415,32.7628492953806],[-117.19755023095414,32.76289609105554],[-117.19753412688208,32.76289803973468],[-117.19751803292222,32.76290002131638],[-117.19750194585127,32.76290203857389],[-117.19748586238708,32.76290408878393],[-117.19746978578222,32.76290617192147],[-117.19746188898732,32.7629072137772],[-117.19745371603672,32.76290828798656],[-117.19743765318015,32.76291043972753],[-117.19742159390059,32.76291262167267],[-117.19740554476266,32.76291483926869],[-117.19738949926085,32.76291709256554],[-117.19737346058878,32.76291937604164],[-117.19735743202865,32.76292169242029],[-117.19734141038687,32.76292404722314],[-117.19732538906936,32.76292643225518],[-117.19730937789326,32.76292885293807],[-117.19729337682911,32.76293130652361],[-117.19727737608912,32.76293379033833],[-117.19726139202557,32.76293631250235],[-117.19724541153884,32.76293886487053],[-117.19722943791126,32.76294145016635],[-117.19721347117232,32.76294407113803],[-117.19719751779789,32.76294672498737],[-117.19718156152435,32.76294941183918],[-117.19716562186805,32.76295213154367],[-117.197149685818,32.76295488420072],[-117.19713375990926,32.76295767250868],[-117.19711784083,32.76296049099597],[-117.19710193189194,32.76296334513417],[-117.19708602981288,32.7629662322],[-117.19707013784543,32.76296915216842],[-117.19705425273695,32.76297210506448],[-117.1970383777696,32.76297509361148],[-117.1970225128843,32.76297811231284],[-117.19700665488749,32.76298116669012],[-117.19699080371996,32.76298425124669],[-117.1969749659462,32.7629873714293],[-117.19695913503134,32.76299052453953],[-117.19694331422798,32.76299371055239],[-117.19692749703063,32.7629969295179],[-117.19691169970295,32.76300018131116],[-117.19689590598135,32.76300346605702],[-117.19688012237117,32.76300678370559],[-117.19686434887245,32.76301013425687],[-117.19684858548517,32.76301351771077],[-117.19683283220927,32.76301693406742],[-117.1968170890743,32.76302038607505],[-117.19680135602117,32.76302386823711],[-117.19678563633212,32.76302738327689],[-117.19676992027853,32.76303093401759],[-117.1967542208121,32.76303451486282],[-117.19673852820429,32.76303812863569],[-117.19672284570778,32.76304177531132],[-117.19670717660482,32.76304545761297],[-117.1966915175836,32.76304917006912],[-117.19667586867355,32.76305291542796],[-117.19666023312752,32.76305669366459],[-117.19664460443994,32.76306050482896],[-117.19662898911631,32.76306434887103],[-117.19661338715656,32.76306822579097],[-117.19659779530794,32.76307213561366],[-117.19658221354095,32.7630760755908],[-117.19656664516737,32.76308005119405],[-117.19655108687533,32.76308405695178],[-117.1965355419767,32.76308809833564],[-117.19652000715958,32.76309216987394],[-117.19650448570627,32.76309627429009],[-117.19648897436402,32.76310041160903],[-117.19647347963824,32.76310458178089],[-117.19645799174124,32.76310878213216],[-117.19644252049018,32.76311301808461],[-117.19642705932065,32.7631172841916],[-117.19641161151473,32.76312158317643],[-117.19639617707259,32.7631259150391],[-117.19638075271178,32.76313027705634],[-117.19636534499689,32.76313467467481],[-117.19634994736343,32.76313910244777],[-117.19633456309356,32.7631435630986],[-117.19631919218735,32.76314805662739],[-117.19630383461514,32.76315258028572],[-117.19628849365928,32.76315713679699],[-117.19627316281424,32.76316172621116],[-117.19625784533271,32.7631663485032],[-117.19624254118523,32.76317100092491],[-117.19622725040124,32.76317568622449],[-117.19621197623351,32.76318040437704],[-117.19619671214699,32.76318515268419],[-117.19618146467673,32.76318993384432],[-117.19616623056987,32.76319474788239],[-117.19615100979694,32.76319959205011],[-117.19613580564017,32.76320446907084],[-117.19612061481735,32.76320937622123],[-117.19610543735786,32.76321431624957],[-117.19609027326183,32.76321928915588],[-117.19607512249956,32.76322429219185],[-117.19606068526937,32.76322909735882],[-117.19574936446116,32.76331943655585],[-117.19523700259606,32.76346903411661],[-117.19392036418108,32.76385016330792],[-117.19344787467287,32.76397087473398],[-117.1934434755937,32.7639719967824],[-117.19340867752717,32.76398015108727],[-117.19301099780382,32.76407333410154],[-117.19298270238721,32.76407996263554],[-117.1924699426571,32.76419382086505],[-117.19245397886117,32.76419644669269],[-117.19243802535178,32.76419912191318],[-117.19242208207017,32.76420184102982],[-117.19240614904564,32.76420460679097],[-117.19239022953101,32.76420741917183],[-117.19237432027339,32.76421027819723],[-117.19235842452565,32.76421318384227],[-117.19234253903487,32.76421613613185],[-117.1923266670245,32.76421913229282],[-117.19231080530054,32.76422217784663],[-117.19229495705687,32.76422526727182],[-117.19227912232286,32.76422840331673],[-117.19226330112792,32.76423158872968],[-117.19224749341326,32.764234818014],[-117.19223169592603,32.76423809119463],[-117.19221591523058,32.76424141371845],[-117.19220014476255,32.76424478013849],[-117.19218439105683,32.76424819315347],[-117.19216865086065,32.7642516527882],[-117.19215292414459,32.7642551562944],[-117.1921372109674,32.7642587091686],[-117.19212151452301,32.76426230588948],[-117.19210583155871,32.76426594648178],[-117.19209016213318,32.76426963644214],[-117.19207450944049,32.76427337024919],[-117.19205887348045,32.76427714790286],[-117.19204325105919,32.76428097492466],[-117.19202764537062,32.76428484579308],[-117.19201205641473,32.76428876050816],[-117.1919964809681,32.76429272184307],[-117.19199281509881,32.76429366233693],[-117.19112641100126,32.76449541827569],[-117.18967588000719,32.76483079809574],[-117.18939030880422,32.76489618836734],[-117.18932178281774,32.76491353920887],[-117.18924348495004,32.76493336110138],[-117.18917046225667,32.76495184549336],[-117.18916645232493,32.76495286273148],[-117.18916414310556,32.76495351521504],[-117.18894590693797,32.76501500854064],[-117.18893050860299,32.76501943538793],[-117.18891512025914,32.76502388414546],[-117.18889974193576,32.76502835756155],[-117.18888437032145,32.76503285016429],[-117.18886901195107,32.76503736465258],[-117.18885365706625,32.7650419011006],[-117.18883831217251,32.76504645945884],[-117.18882297726991,32.76505103972734],[-117.18880765235843,32.76505564190612],[-117.18879233743802,32.76506026599515],[-117.1887770292559,32.76506491201922],[-117.1887617310649,32.76506957995354],[-117.1887464428649,32.76507426979816],[-117.18873116465601,32.765078981553],[-117.18871589643817,32.76508371521819],[-117.18870063492923,32.76508846807003],[-117.18868538344063,32.76509324558055],[-117.18867014194304,32.7650980450013],[-117.18865491365996,32.76510286355931],[-117.18863969211506,32.7651077040524],[-117.18862447733764,32.76511256922881],[-117.18860927577477,32.76511745354247],[-117.18859408420279,32.76512235976644],[-117.18857889936899,32.76512728792542],[-117.18856372777898,32.76513223797006],[-117.18854856617988,32.765137209925],[-117.18853341131891,32.76514220381499],[-117.18851826967237,32.76514721684227],[-117.18850313476396,32.76515225180463],[-117.18848801315777,32.76515731414917],[-117.18847289823118,32.76516239293219],[-117.18845779651892,32.76516749085255],[-117.18844270482683,32.76517261343152],[-117.18842762309633,32.76517775517256],[-117.18841255138602,32.76518292157223],[-117.18839748963723,32.76518810713396],[-117.18838243790852,32.76519331735439],[-117.18836739614136,32.76519854673683],[-117.18835236436507,32.76520379802969],[-117.18833734580306,32.76520906845987],[-117.18832233726116,32.76521436354871],[-117.18830733545727,32.7652196805727],[-117.18829235009116,32.76522501396097],[-117.18827737149229,32.76523037203267],[-117.18826240288421,32.7652357520148],[-117.18824745074322,32.76524115110949],[-117.18823250208735,32.76524657216406],[-117.18821756992786,32.76525201507963],[-117.18820264450623,32.76525747993031],[-117.18818773232816,32.76526296666665],[-117.18817283011153,32.76526847256512],[-117.18815794439121,32.7652740003245],[-117.18814305890311,32.76527955006856],[-117.18812818988208,32.76528511892528],[-117.18811333407527,32.76529070691937],[-117.18809848831764,32.76529632232052],[-117.18808365252141,32.7653019568838],[-117.18806882993934,32.76530761058451],[-117.18805401734794,32.76531328619566],[-117.18804343295535,32.76531736025765],[-117.18803921474712,32.76531898371722],[-117.18802442538978,32.76532470312456],[-117.18800964599379,32.76533044169401],[-117.18799487984114,32.76533620214924],[-117.18798012364988,32.76534198176659],[-117.18796538073126,32.76534778601803],[-117.18795064777393,32.76535360943161],[-117.18793592806,32.76535945473095],[-117.18792121827812,32.76536531644419],[-117.18790652173959,32.76537120004318],[-117.18789183525014,32.76537711104928],[-117.18787716194549,32.76538303844453],[-117.18786250188413,32.76538898772557],[-117.18784785178407,32.76539495616881],[-117.18783321167453,32.76540094652253],[-117.18781858806111,32.76540695873732],[-117.18780830146599,32.76541120092425],[-117.18739683243443,32.76556824452614],[-117.18681041105449,32.76579257956639],[-117.18659009891654,32.7658767075495],[-117.18657551170928,32.76588279354959],[-117.1865609111089,32.76588884391878],[-117.1865480882735,32.76589412495045],[-117.18654628741535,32.76589486422777],[-117.18653164704651,32.76590084618225],[-117.18651698355536,32.76590679532816],[-117.18650230344743,32.76591271161611],[-117.18648760341154,32.76591858957427],[-117.18647288025335,32.76592443472381],[-117.186458143702,32.76593024424245],[-117.18644338402837,32.76593602095249],[-117.18642860445598,32.76594176208098],[-117.18641380823777,32.76594746760317],[-117.18639899537372,32.76595313751908],[-117.18638415935817,32.76595877187813],[-117.18636930672601,32.76596437337912],[-117.18635444070087,32.76596993924916],[-117.18633954827146,32.76597546958696],[-117.18632463922549,32.76598096706675],[-117.18630971350457,32.76598642619192],[-117.18629477116707,32.76599185245906],[-117.18628051861364,32.76599698489603],[-117.18627980893103,32.76599724314458],[-117.18626483004925,32.76600259822376],[-117.18624983126897,32.76600791772128],[-117.18623481909576,32.76601320158779],[-117.18621978702413,32.76601844987258],[-117.18620473830683,32.76602366255105],[-117.18618967294388,32.76602883962317],[-117.18617458771168,32.76603398386187],[-117.18615948905747,32.76603908972125],[-117.18614437050488,32.7660441599989],[-117.18612923855949,32.76604919464546],[-117.18611408674494,32.76605419645863],[-117.18609892150845,32.7660591598924],[-117.18608373637359,32.76606408774447],[-117.18606853459325,32.76606897999013],[-117.18606282202417,32.76607080436507],[-117.18605332267305,32.76607383657998],[-117.18604278553913,32.76607717075795],[-117.18603809410737,32.76607865756348],[-117.18602284564342,32.76608344296513],[-117.18600758375759,32.76608818998744],[-117.18599230522635,32.7660929014033],[-117.18597701007886,32.76609757996098],[-117.18596170148041,32.76610221739094],[-117.18594637629501,32.76610682471107],[-117.18593103768782,32.76611139365176],[-117.18591568243531,32.76611592698594],[-117.18590031050825,32.76612042196539],[-117.18588492847073,32.76612488403728],[-117.18586952975868,32.76612930775438],[-117.18586439883802,32.76613076490395],[-117.185854114343,32.76613369036836],[-117.18584375503207,32.76613661639934],[-117.18583868887529,32.76613804557149],[-117.18582324345104,32.7661423596961],[-117.18580778788728,32.76614663816489],[-117.18579231890195,32.76615087825418],[-117.18577683330057,32.76615508548529],[-117.18576133427767,32.76615925433685],[-117.18574582183319,32.76616338480896],[-117.18573029599644,32.76616747964984],[-117.1857147567674,32.7661715388595],[-117.18569920414605,32.76617556243797],[-117.1856836381032,32.76617954763686],[-117.18567323342923,32.76618218540252],[-117.18566806192101,32.76618349717993],[-117.18565246903535,32.7661874056198],[-117.18563992567225,32.76619052409859],[-117.18563686606869,32.76619128390035],[-117.1856212464278,32.76619512382607],[-117.1856056166184,32.76619892534757],[-117.18558997341678,32.76620269123777],[-117.1855743200467,32.76620641872382],[-117.18555865653735,32.76621011055391],[-117.18554297310104,32.76621376405375],[-117.1855272827783,32.76621738187301],[-117.1855115790343,32.76622096131273],[-117.18549586515107,32.76622450509644],[-117.18548013784661,32.7662280105006],[-117.18546440040302,32.76623148024882],[-117.18544864953823,32.76623491161745],[-117.18543288853428,32.76623830733011],[-117.18541711736205,32.76624166463851],[-117.18540133930352,32.76624498626629],[-117.18538554131823,32.76624826956379],[-117.18536973641751,32.76625151443233],[-117.18536168606464,32.76625314760671],[-117.18535392137777,32.7662547236449],[-117.18535223659678,32.76625506074057],[-117.18533809291698,32.76625789447783],[-117.18532226407567,32.76626102958083],[-117.18531247956352,32.76626294525108],[-117.18516630594102,32.76628329271531],[-117.18502010307978,32.76630089170493],[-117.18500392411029,32.76630230334771],[-117.18498773810951,32.76630366556827],[-117.18497155169987,32.76630498931046],[-117.1849553583465,32.7663062718753],[-117.18493915796196,32.76630750501786],[-117.18492295391576,32.76630869970674],[-117.18490674940244,32.76630985042064],[-117.18489053469263,32.76631095998184],[-117.1848743195158,32.76631202556812],[-117.18485809736617,32.76631304722867],[-117.18484187477871,32.7663140276626],[-117.18483520997927,32.76631441072266],[-117.18482564847142,32.76631496414621],[-117.1848094184443,32.76631585667947],[-117.18479318147368,32.76631670803535],[-117.184776947289,32.76631751539171],[-117.18476070938453,32.76631827879769],[-117.18474850299336,32.76631882201599],[-117.18474446453665,32.76631900102628],[-117.18473947323018,32.76631920924218],[-117.18472821922195,32.76631967927997],[-117.18471197344037,32.76632031355862],[-117.18469572396837,32.76632090663528],[-117.18468078454637,32.76632141008012],[-117.18467947077669,32.76632145576161],[-117.18466321711823,32.76632196091297],[-117.18464696302223,32.76632242483766],[-117.18463070520663,32.76632284481207],[-117.18461444689522,32.76632321806314],[-117.18459818495175,32.76632355560883],[-117.18458192576533,32.76632384640658],[-117.18456566285943,32.76632409325403],[-117.18454939948694,32.76632429612649],[-117.18453313567704,32.7663244577723],[-117.18452211501365,32.76632453848251],[-117.18451687142975,32.76632457819146],[-117.18450060668678,32.7663246518873],[-117.18448434150645,32.76632468435653],[-117.18446807585966,32.76632467285073],[-117.18446082117285,32.76632464807911],[-117.1844518130284,32.76632462009368],[-117.18443804829363,32.76632454017282],[-117.18443782701279,32.76632453360283],[-117.18429811771746,32.76632010263167],[-117.18415815801104,32.76631291663016],[-117.18363389678424,32.76626466221942],[-117.18273669618364,32.76618279882231],[-117.18168666243747,32.76608698251041],[-117.18167053738868,32.76608518853265],[-117.18165440615464,32.76608342483323],[-117.18163826882247,32.76608169965706],[-117.18162212861594,32.76608001023131],[-117.18160598228221,32.76607835658044],[-117.18158982985031,32.76607674145281],[-117.18157367451488,32.76607515932725],[-117.18155751305224,32.76607361297663],[-117.18154134546234,32.76607210240095],[-117.18152517502695,32.76607063032387],[-117.18150899843522,32.76606919127347],[-117.18150086802703,32.76606848855649],[-117.18149281899798,32.7660677907217],[-117.18147663015156,32.76606642322113],[-117.18146044496528,32.7660650941701],[-117.18144425036968,32.76606379817022],[-117.18142805618143,32.76606254064444],[-117.18141185586568,32.76606131889361],[-117.18139565267532,32.76606013289307],[-117.18137944661031,32.76605898264293],[-117.1813632344178,32.76605786816766],[-117.18134701935062,32.76605678944279],[-117.18133080140869,32.76605574646827],[-117.18131458059206,32.76605473924401],[-117.18129835692974,32.76605377051846],[-117.1812821303636,32.76605283479498],[-117.18126589769886,32.76605193759465],[-117.18124966541215,32.76605107612014],[-117.18123343025066,32.76605025039596],[-117.18121719221426,32.76604946042213],[-117.18120095130307,32.76604870619861],[-117.18118471076978,32.76604798770092],[-117.18116846410871,32.76604730497812],[-117.18115221785465,32.76604666072939],[-117.18113596869658,32.76604604948269],[-117.1811197199454,32.76604547671008],[-117.18110346506649,32.76604493971238],[-117.18108721378911,32.7660444356676],[-117.18107916319806,32.76604420506636],[-117.18107095641291,32.76604397014599],[-117.18106670016621,32.76604385658739],[-117.18105469944361,32.76604354309848],[-117.18103844282298,32.76604314902848],[-117.18102218332729,32.76604279070882],[-117.18100592098556,32.76604247088775],[-117.18098966227429,32.76604218676795],[-117.18097339740605,32.76604193567469],[-117.18095713619739,32.76604172303102],[-117.18094087211351,32.76604154613766],[-117.18092460843633,32.7660414077184],[-117.18090834510762,32.76604130227658],[-117.18089207890374,32.76604123258514],[-117.18087581310648,32.76604120136777],[-117.18085955093957,32.76604120585166],[-117.1808432858974,32.76604124608587],[-117.1808270212327,32.76604132204585],[-117.18081076019836,32.76604143370713],[-117.18079449306482,32.76604158389154],[-117.18077822953255,32.76604176702892],[-117.18076196640672,32.76604198864037],[-117.18074570365835,32.76604224597762],[-117.18072944454016,32.76604253901611],[-117.18071653903597,32.76604280126224],[-117.18071318254653,32.76604286780489],[-117.18071025220742,32.76604293388196],[-117.18069692418308,32.76604323229497],[-117.18068066619695,32.76604363251087],[-117.18066440861718,32.7660440712008],[-117.18064815463845,32.76604454284376],[-117.18063190106609,32.76604505296076],[-117.18061564461811,32.76604559882809],[-117.18059939830592,32.76604618034762],[-117.18058314911802,32.76604679761747],[-117.18056690358924,32.76604745333689],[-117.18055065840856,32.76604814203383],[-117.18053441685787,32.76604886643199],[-117.18051817896622,32.76604962927977],[-117.18050194145165,32.76605042785331],[-117.18049518194364,32.76605077566235],[-117.18048570431417,32.76605126215266],[-117.18046947405942,32.76605213212873],[-117.18045324418173,32.76605303783062],[-117.18043701468109,32.76605397925834],[-117.18042079209212,32.76605495911105],[-117.180404573104,32.76605597191676],[-117.180393045518,32.76605671847405],[-117.18038835777469,32.76605702317204],[-117.18038364087192,32.76605733908379],[-117.18037214282236,32.76605811015312],[-117.18035592824691,32.76605923286006],[-117.18033972377789,32.76606038847088],[-117.18032351974382,32.76606158530414],[-117.18030731928138,32.76606281234203],[-117.18029112575951,32.7660640805533],[-117.18027493583834,32.76606538171758],[-117.18025874632295,32.76606672135596],[-117.18024256366104,32.76606809392281],[-117.18022638465773,32.76606950493925],[-117.18021021253688,32.76607095163243],[-117.18019404079277,32.76607243405148],[-117.18017787590199,32.76607394939899],[-117.18016171466977,32.76607550319607],[-117.18014555706711,32.7660770926945],[-117.18012940634677,32.76607871786968],[-117.18011326250866,32.76608037872165],[-117.1800971223001,32.76608207527494],[-117.18008098246807,32.76608380755401],[-117.18006921988216,32.76608509731091],[-117.18006485605302,32.76608557820919],[-117.1800611778759,32.76608598797523],[-117.18004873323837,32.76608738181739],[-117.18003261405309,32.76608922112688],[-117.180016501808,32.76609110160975],[-117.18000039635804,32.76609300952451],[-117.17998429459544,32.76609495863723],[-117.17996819643315,32.76609694070298],[-117.17995211168767,32.76609896114478],[-117.17993603379527,32.76610101451509],[-117.17991995630827,32.76610310635959],[-117.17990388567429,32.76610523113252],[-117.17988782520425,32.7661073943061],[-117.17987176833437,32.76610959043276],[-117.17985571834649,32.76611182223619],[-117.17983967852247,32.76611409244027],[-117.17982364229852,32.76611639559736],[-117.17980761298554,32.76611873717962],[-117.17979159703118,32.76612111164134],[-117.17977558470587,32.76612352180447],[-117.17975957929144,32.76612597039271],[-117.17974358398273,32.766128451885],[-117.17972759230307,32.76613096907866],[-117.17971687191483,32.76613268246773],[-117.17971161075803,32.76613352192461],[-117.17969933826809,32.76613550811507],[-117.17969563609483,32.76613611044745],[-117.1796796715663,32.76613873462263],[-117.17966371066666,32.76614139449919],[-117.17964776315446,32.76614409000359],[-117.17963182252402,32.76614682118487],[-117.17961589199912,32.76614958527019],[-117.17959996841395,32.76615239052897],[-117.17958405487624,32.76615522319526],[-117.1795681482493,32.76615809428672],[-117.1795534076214,32.76616078893328],[-117.17953746689801,32.76616351185743],[-117.17952153305629,32.7661662704585],[-117.17950560606722,32.76616906198808],[-117.17948969249457,32.76617189189389],[-117.17947378577448,32.76617475472828],[-117.179457885936,32.76617765323954],[-117.179441996232,32.76618058740321],[-117.17943077892535,32.76618268655442],[-117.17942611666237,32.76618355721927],[-117.17941024397435,32.76618656271219],[-117.17939438139165,32.76618960110923],[-117.17937852897235,32.76619267790696],[-117.17936268665841,32.76619578760883],[-117.17934685447877,32.76619893296311],[-117.17933103240448,32.76620211122147],[-117.17931521724061,32.76620532790508],[-117.17929941543488,32.76620857746829],[-117.17928361725771,32.76621186273293],[-117.17926783897329,32.76621518357653],[-117.17925206431741,32.76621854012156],[-117.17923630301958,32.76622192954618],[-117.17922055188492,32.76622535737157],[-117.17921712131394,32.76622611156159],[-117.17920481082649,32.76622881535281],[-117.17919338345885,32.76623135582745],[-117.17918908318401,32.76623231171033],[-117.17917336564665,32.76623584097194],[-117.17915765499062,32.76623940591054],[-117.1791419577215,32.76624300647711],[-117.17912627381028,32.76624663992337],[-117.17911059680931,32.76625031179488],[-117.17909493641906,32.76625401652159],[-117.17907928288099,32.76625775417698],[-117.17906364272982,32.76626152746032],[-117.17904801596548,32.7662653363717],[-117.17903239930607,32.76626917818727],[-117.1790167960625,32.76627305837913],[-117.17900120614776,32.76627696870237],[-117.17898562636694,32.76628091467817],[-117.17897005997283,32.76628489628194],[-117.17895450371266,32.76628891353825],[-117.17895095135471,32.76628984179445],[-117.17893896081019,32.76629296367432],[-117.17892343129442,32.76629704943836],[-117.17890791513639,32.76630116808219],[-117.17889240908318,32.76630531963027],[-117.17887691969842,32.76630950953017],[-117.1788614404185,32.76631373233432],[-117.17884597452522,32.76631799076654],[-117.17883052521336,32.76632227930575],[-117.17881508603531,32.76632660349748],[-117.17879966024381,32.76633096331731],[-117.17878425106272,32.76633535599245],[-117.17876885201528,32.76633978432014],[-117.17876544019212,32.76634077472927],[-117.17875346957828,32.76634424550312],[-117.17874483968821,32.76634677037889],[-117.17873810052781,32.76634874231426],[-117.17872274483481,32.76635327200512],[-117.17870740252829,32.76635783732413],[-117.17869207357927,32.76636243552295],[-117.17867676124054,32.76636706657712],[-117.17866146228826,32.7663717332594],[-117.17864617994624,32.76637643279702],[-117.17863090770882,32.7663811652389],[-117.17861565536343,32.76638593326004],[-117.17860041640448,32.76639073690929],[-117.17858519077386,32.76639557069007],[-117.17856998178246,32.76640044007457],[-117.17855478614841,32.76640534233891],[-117.17853960715345,32.76641028020696],[-117.17852444148693,32.76641524820648],[-117.1785092957123,32.76642025178532],[-117.17850540884285,32.76642154260179],[-117.17820484122761,32.76651477428668],[-117.17799272235762,32.76658056679495],[-117.17586274210225,32.76724121746406],[-117.17429984260241,32.76772842738935],[-117.17399179739411,32.76782418391897],[-117.17380048143249,32.76788333515198],[-117.17368961646496,32.76792144319764],[-117.17361247900499,32.76794795832667],[-117.17359731285347,32.76795293121749],[-117.17359464147745,32.76795381149732],[-117.17358215991359,32.76795792324712],[-117.17356702024293,32.76796293991232],[-117.17355188074342,32.76796797306544],[-117.17353675773722,32.76797302808142],[-117.17352164146565,32.7679781050333],[-117.17350653515271,32.76798320114843],[-117.17349144205137,32.76798831640247],[-117.1734763557134,32.76799345634073],[-117.17346127930523,32.76799861269395],[-117.17344621285569,32.7680037882104],[-117.17343115314073,32.76800898566278],[-117.17341610666604,32.76801420500241],[-117.1734010701212,32.76801944075697],[-117.1733860435926,32.76802470117149],[-117.17337102705136,32.76802998349754],[-117.17335602041109,32.76803527949025],[-117.1733410205053,32.76804059741895],[-117.17332603383981,32.76804593723487],[-117.17331105716164,32.76805129896238],[-117.17329609041326,32.76805667710493],[-117.17328396946402,32.76806105548124],[-117.17328113368104,32.76806207990736],[-117.17326618687854,32.76806749912478],[-117.17325125328749,32.76807293748121],[-117.17323632645963,32.76807840052187],[-117.17322140959028,32.76808388272585],[-117.17320650593238,32.76808938406884],[-117.17319161223294,32.76809490457516],[-117.17317672852076,32.7681004469931],[-117.17316185802007,32.76810600855002],[-117.17314699097194,32.768111589319],[-117.173132137164,32.76811719197524],[-117.17311729656745,32.7681228137705],[-117.17310246592932,32.76812845472916],[-117.17308764527841,32.7681341175994],[-117.17307283455719,32.7681397968847],[-117.17305803388076,32.76814550357831],[-117.17304324632926,32.76815122116604],[-117.17302846879376,32.76815696341372],[-117.1730137044696,32.76816272480048],[-117.17299894362679,32.76816850814755],[-117.17299390573207,32.76817049177956],[-117.17298420250104,32.76817431058499],[-117.17296946805203,32.76818012946188],[-117.17295474684309,32.76818597022611],[-117.17294003562131,32.76819183290206],[-117.17292533435784,32.76819771474136],[-117.17291064630565,32.76820361571979],[-117.17289596821182,32.76820953586157],[-117.17288130332921,32.76821547514244],[-117.1728666451808,32.76822143635934],[-117.17285200024359,32.76822741671536],[-117.17283736851768,32.76823341621045],[-117.17282274677882,32.76823943761728],[-117.17280813496943,32.76824547543918],[-117.17279353640008,32.76825153514854],[-117.1727789542948,32.76825761397266],[-117.1727643723891,32.7682637120332],[-117.17276196586363,32.76826472224344],[-117.17274981022912,32.76826983193255],[-117.17273525799865,32.76827596824697],[-117.17272071575523,32.76828212647319],[-117.17270618672296,32.76828830383854],[-117.17269544394293,32.76829288623664],[-117.17160038501019,32.76872434098791],[-117.17029516553707,32.76928103672545],[-117.17028056331284,32.76928709066527],[-117.17026592467242,32.76929308440745],[-117.17025125612172,32.76929901790349],[-117.17023655118362,32.76930489395025],[-117.17023059956006,32.76930724158958],[-117.17022181633523,32.76931070975083],[-117.1702156505899,32.76931311395645],[-117.17020704512822,32.76931647085035],[-117.17019224395362,32.76932216620711],[-117.17017741289754,32.76932780406597],[-117.17016254542548,32.76933338172717],[-117.17014765129623,32.76933889911788],[-117.17014235902289,32.76934083505586],[-117.1701327240327,32.76934435903496],[-117.17012089762007,32.76934862496135],[-117.17011776357747,32.7693497559817],[-117.17010277646513,32.76935509265798],[-117.17008775947156,32.76936037183629],[-117.17007270928633,32.76936558804427],[-117.1700576324441,32.76937074398177],[-117.17004252894492,32.76937583964867],[-117.17002739228292,32.7693808750936],[-117.17001222893526,32.76938584751959],[-117.17000673987103,32.76938763100176],[-117.16999160640049,32.7693926609214],[-117.16997644972697,32.76939764978432],[-117.16996127632764,32.7694025947938],[-117.16994608300706,32.76940750147062],[-117.16993454654035,32.76941118528014],[-117.16993086642611,32.76941236159412],[-117.16991563640111,32.76941718058815],[-117.16990038317317,32.76942195852551],[-117.16988511650129,32.76942669533337],[-117.1698698298508,32.76943138831191],[-117.16985452325038,32.76943604020951],[-117.16983919995302,32.7694406510018],[-117.16982759600762,32.76944410442865],[-117.16982385990146,32.76944521519229],[-117.16980849992871,32.76944974105007],[-117.16979312325907,32.76945422580259],[-117.16977772977789,32.7694586584566],[-117.16976231965724,32.76946305550193],[-117.16974689289722,32.7694674169386],[-117.1697314492969,32.7694717235285],[-117.16971598905722,32.76947599450968],[-117.16970051206347,32.76948021888895],[-117.16968501837299,32.7694844021629],[-117.1696695079858,32.76948854433156],[-117.16965398412623,32.76949264262235],[-117.16963874201066,32.76949661787677],[-117.1696384402883,32.76949669708374],[-117.16962288297808,32.76950070766725],[-117.16961369756199,32.7695030491407],[-117.16960731547709,32.769504677097],[-117.16960044322713,32.76950640765215],[-117.16959172474496,32.76950860272149],[-117.1695761205405,32.76951248446815],[-117.16956050289241,32.76951632508518],[-117.16954487177212,32.76952012182436],[-117.16952922392663,32.7695238747098],[-117.16951356263758,32.76952758646568],[-117.16949788784768,32.76953125159528],[-117.16948219636132,32.76953487561954],[-117.16946649465578,32.7695384557416],[-117.1694507762251,32.76954199200999],[-117.1694350443224,32.76954548440043],[-117.16942661501351,32.76954733373876],[-117.16941929900491,32.76954893840952],[-117.1694129337919,32.76955031336624],[-117.16940354338234,32.7695523402715],[-117.16938777109206,32.76955570377641],[-117.1693719885828,32.76955902337906],[-117.16935618934848,32.76956229912804],[-117.16934038311955,32.76956552820224],[-117.16932456022302,32.76956871891932],[-117.16930872707881,32.76957186298585],[-117.16929288046273,32.76957496317445],[-117.16927702362771,32.76957801946076],[-117.16926115332085,32.76958103186912],[-117.16924526954212,32.76958400039946],[-117.16922937882622,32.76958692775164],[-117.16921347460983,32.76958980847751],[-117.16919756017461,32.76959264530113],[-117.16918163226767,32.76959543824673],[-117.16917725480825,32.76959619371168],[-117.16916569739496,32.76959818726586],[-117.16915519504515,32.76959996682174],[-117.1691497490505,32.76960089240694],[-117.16913379374031,32.76960355362152],[-117.16911782498711,32.76960617370638],[-117.16910184595798,32.76960874439236],[-117.16908585999177,32.76961127390012],[-117.16906985730101,32.76961375955408],[-117.16905385412188,32.76961619848482],[-117.16903783749994,32.76961859628576],[-117.1690218138837,32.76962094741184],[-117.16900578002024,32.76962325188737],[-117.16898973599565,32.76962551795722],[-117.16897368172391,32.76962773737645],[-117.16895762373963,32.7696299128449],[-117.16894224099616,32.76963195135433],[-117.1689415522553,32.76963204168703],[-117.16892547708716,32.76963412932668],[-117.16891799484327,32.76963508105794],[-117.16890939167193,32.76963617031571],[-117.16889814356422,32.76963756511299],[-117.16889329929135,32.76963816737818],[-117.16887719994537,32.76964012051412],[-117.16886109035245,32.76964202699943],[-117.16884498032879,32.76964389225804],[-117.16882885355224,32.76964571091447],[-117.16881272306338,32.76964748562013],[-117.16879658886225,32.76964921637504],[-117.16878044441428,32.76965090047928],[-117.16877812408636,32.76965113763565],[-117.16876429625408,32.76965254063273],[-117.16874814112869,32.76965413685963],[-117.16873427679614,32.76965547141207],[-117.16812965383853,32.76970119892324],[-117.16746710565693,32.76975121029102],[-117.16746429706176,32.76975142081894],[-117.1656656458575,32.76988716829426],[-117.16562165559688,32.76988935268244],[-117.16553558048736,32.76989362756898],[-117.1654055755006,32.76990558604314],[-117.16538941667223,32.76990714887486],[-117.16537326158178,32.76990875840148],[-117.16535711673524,32.76991041457482],[-117.16534097565506,32.76991212019144],[-117.16532484156576,32.76991387247893],[-117.16530871774872,32.76991567416137],[-117.16529260092253,32.76991752251471],[-117.16527649108704,32.76991941753889],[-117.16526038824227,32.7699213592339],[-117.1652442924168,32.76992335034808],[-117.16522820686347,32.76992539085732],[-117.16521213152527,32.76992747526497],[-117.16520373998043,32.76992858743105],[-117.16519606317767,32.76992960634348],[-117.16518734057061,32.76993079242507],[-117.16518000184919,32.76993178684117],[-117.16516395076431,32.7699340139856],[-117.16514790995149,32.7699362905251],[-117.16513187935362,32.76993861096305],[-117.16511585902778,32.76994098079605],[-117.16510420143246,32.76994273833915],[-117.1650998456924,32.76994339729993],[-117.16509582786277,32.76994401527566],[-117.16508383937602,32.76994586322301],[-117.16506785303345,32.76994837297222],[-117.16505187045681,32.76995093216472],[-117.16503590137653,32.76995353797987],[-117.16501993928657,32.76995619046595],[-117.16501075204185,32.76995774553294],[-117.16500399069294,32.76995888957467],[-117.16499780112665,32.76995995791513],[-117.16498805562412,32.76996163805438],[-117.16497999901765,32.76996305005884],[-117.16497212751699,32.76996443045665],[-117.16495621618759,32.76996727220586],[-117.16494031181988,32.76997015787765],[-117.16492442097694,32.76997309292044],[-117.16490854363008,32.76997607458595],[-117.16489267980789,32.76997910562243],[-117.16487682617171,32.76998217780913],[-117.16486098606019,32.76998529936687],[-117.16484515619169,32.76998846757142],[-117.16482934307224,32.76999168237455],[-117.16482241878452,32.76999311346],[-117.16481354347724,32.76999494654876],[-117.16479775734976,32.76999825459738],[-117.16478198146524,32.77000160929279],[-117.16476622232958,32.77000501058689],[-117.16475047668987,32.77000845850372],[-117.16473474779902,32.77001195301921],[-117.164719029151,32.77001549418156],[-117.16470333050484,32.77001908191843],[-117.16468764207298,32.77002271355389],[-117.16467197041837,32.77002639453628],[-117.16465631551257,32.77003012211742],[-117.16464067404537,32.77003389082468],[-117.16462504935548,32.77003770887892],[-117.16461318922525,32.77004064149366],[-117.1644347314562,32.77008594024149],[-117.16435573996921,32.77010721155796],[-117.16425630528127,32.77013398701366],[-117.16421035080553,32.77014785565555],[-117.16419506712315,32.77015256164864],[-117.16417980007489,32.77015730324734],[-117.16417732916807,32.770158080142],[-117.16416455299932,32.77016208867253],[-117.16414932258631,32.77016691245159],[-117.16413411211738,32.77017177730882],[-117.16412731286923,32.77017397426533],[-117.16411891833958,32.77017668326828],[-117.16410374125277,32.77018163032998],[-117.16408858408157,32.77018661572152],[-117.16407344685433,32.77019164219128],[-117.16405832628959,32.77019670701499],[-117.16404322892187,32.77020181289279],[-117.16402814173912,32.77020695992105],[-117.1640130777248,32.77021214525512],[-117.16399803693591,32.77021737439161],[-117.16398301275238,32.77022263638546],[-117.1639680052883,32.77022794222994],[-117.16395302099259,32.77023328638023],[-117.1639380566407,32.77023867160879],[-117.16393348351853,32.77024032985001],[-117.16392311220423,32.77024409516726],[-117.16391097816052,32.77024853867882],[-117.16390818771153,32.77024955980398],[-117.16389328313412,32.77025506277066],[-117.16387839847204,32.77026060406727],[-117.1638635370067,32.77026618641812],[-117.16384869220364,32.77027180712297],[-117.16383387059733,32.77027746888204],[-117.16381907215923,32.77028316894703],[-117.16380429038331,32.77028890736606],[-117.16378953502864,32.77029468406693],[-117.16377479636461,32.7703005018702],[-117.16376008086878,32.77030635797941],[-117.16374538851258,32.77031224964626],[-117.1637307193815,32.77031818511562],[-117.16371607016556,32.77032415891505],[-117.1637014408647,32.77033017104453],[-117.1636868379564,32.7703362187076],[-117.1636722549917,32.77034230744901],[-117.16365769519503,32.77034843449641],[-117.16364315859497,32.7703546025981],[-117.16362864513435,32.77036080625754],[-117.16361457587882,32.77036686645231],[-117.16291286210098,32.77077609139095],[-117.1619650497137,32.77129707181856],[-117.16191651027978,32.77132216715464],[-117.16186797081818,32.77134726247164],[-117.16178053713233,32.77138638771858],[-117.16168985033053,32.77142553693528],[-117.16167588201135,32.77143257738186],[-117.16166164940776,32.77143922948971],[-117.16164716869976,32.7714454848937],[-117.16164128230389,32.77144788385606],[-117.16158298357436,32.77147305115152],[-117.16150835598691,32.77150445172661],[-117.1614917033411,32.77151145975657],[-117.16145665207416,32.77152620606768],[-117.16134008093783,32.77156786662753],[-117.16131831150093,32.77157564627326],[-117.16121456123582,32.77161272439722],[-117.16119733059213,32.77161889835718],[-117.16119699904851,32.77161900524874],[-117.16105399887462,32.77209900177696],[-117.16080430350912,32.77332696927505],[-117.16079899968135,32.77335300114346],[-117.16080627139569,32.77337137284886],[-117.16086326674044,32.77351536272671],[-117.161200280101,32.77436676361915],[-117.1623699473018,32.77732157646692],[-117.16247683050166,32.77759157298932],[-117.16247699029377,32.7775920012638],[-117.16247708650863,32.77759225960021],[-117.16258600008916,32.7779089988034],[-117.16265900072676,32.77816000058642],[-117.16275600023658,32.7785519997085],[-117.16281699235357,32.77887797014248],[-117.1628170375305,32.77887824809577],[-117.16286289750768,32.77921957988942],[-117.16286299946553,32.7792199996585],[-117.16286318215715,32.77922224453331],[-117.16289090340935,32.77956228880661],[-117.16289199883546,32.77957600130458],[-117.1628923657702,32.7795897439275],[-117.16290102677965,32.77993299995934],[-117.16290102709002,32.77993318685625],[-117.16289226007528,32.78026701519926],[-117.16289199915738,32.78027699974539],[-117.16289116940423,32.78028750796872],[-117.16286600945446,32.78060569206012],[-117.16286499884963,32.78061899961183],[-117.16286312089061,32.78063306667255],[-117.1628216876546,32.78094716862904],[-117.16281999860279,32.78096000020747],[-117.16281294350212,32.78100163745798],[-117.16281068334793,32.78101524559347],[-117.16280840039082,32.78102885114898],[-117.1628060848706,32.78104245419679],[-117.16280374329403,32.78105605468873],[-117.16277071240611,32.78123250643805],[-117.16238013352097,32.78121890043856],[-117.16165476755317,32.78123800294404],[-117.16135203033714,32.78123000595676],[-117.16090964852441,32.78123478058901],[-117.16020366545003,32.781240467167],[-117.1592797456273,32.78125364277854],[-117.15896744763742,32.78125713871117],[-117.15878852083047,32.78125914067668],[-117.15878828520037,32.78122621380646],[-117.15878116854978,32.78023124954315],[-117.15518278094075,32.78024126181838],[-117.15516976360334,32.78024129681902],[-117.15424894818604,32.78023705245117],[-117.15377390036454,32.78023503489516],[-117.15378674462016,32.78021844974817],[-117.15379958887092,32.7802018645998],[-117.15442313289579,32.7793967037984],[-117.15446106124666,32.77934772765627],[-117.15446197478705,32.77934639068007],[-117.15446816372641,32.7793372642301],[-117.15447006436334,32.77933446605528],[-117.15447806242084,32.77932250087293],[-117.15448596893127,32.77931049238467],[-117.15449378714804,32.77929844056673],[-117.15450151709942,32.77928634816735],[-117.15450915227871,32.77927421523432],[-117.15451669919273,32.77926204171994],[-117.15452415784132,32.77924982762416],[-117.15453152174618,32.77923757574311],[-117.15453879413246,32.7792252833046],[-117.1545459750284,32.7792129530569],[-117.15455306440575,32.7792005822518],[-117.15456005906772,32.77918817640975],[-117.15456696223941,32.77917573275857],[-117.15457377394911,32.77916325404663],[-117.15457643007969,32.77915830374224],[-117.15458049088707,32.77915073480117],[-117.15458624511261,32.77913983324152],[-117.1545871131662,32.77913818601547],[-117.15459364395518,32.7791255994207],[-117.15460007680385,32.77911298056122],[-117.15460641816244,32.77910032389276],[-117.1546126648341,32.77908763493577],[-117.15461881681894,32.77907491369025],[-117.15462487086353,32.7790621601801],[-117.15463083347466,32.7790493743576],[-117.15463669814572,32.77903655627048],[-117.15464246813002,32.77902370589494],[-117.15464814023073,32.77901082875138],[-117.1546482705965,32.77901053370465],[-117.15465371764481,32.77899791931943],[-117.15465919714711,32.77898498037118],[-117.15466234992461,32.77897738510087],[-117.15466458199106,32.77897201188286],[-117.15466986895161,32.77895901662662],[-117.15467505800052,32.77894599185416],[-117.1546801491661,32.77893294031379],[-117.15468514244839,32.7789198620055],[-117.15469004110069,32.77890675690554],[-117.15469085125353,32.77890454116035],[-117.15469483864469,32.77889362780986],[-117.15469953830549,32.77888047194628],[-117.15470414008317,32.77886728931492],[-117.15470480971479,32.77886533021162],[-117.15470864400595,32.77885408266396],[-117.15471305013033,32.77884085749018],[-117.15471735511841,32.7788276055724],[-117.15472156547678,32.778814326863],[-117.15472566830522,32.77880103245054],[-117.15472967653224,32.77878771399482],[-117.15473358693289,32.77877437426788],[-117.1547373962821,32.77876101604203],[-117.15474110455166,32.77874763656886],[-117.15474470848837,32.77873423587224],[-117.15474822438698,32.77872081658129],[-117.1547487934248,32.77871856687251],[-117.15475162950263,32.77870738161124],[-117.15475493679214,32.77869392537007],[-117.15475814631198,32.77868045335447],[-117.1547612514992,32.77866696011544],[-117.1547642590015,32.7786534593469],[-117.15476716217125,32.77863993735499],[-117.15476996759976,32.77862640233694],[-117.1547726719773,32.77861284882002],[-117.15477527213535,32.77859928507296],[-117.15477777127072,32.77858570557532],[-117.15477904100315,32.77857850340128],[-117.15478016943999,32.77857211582375],[-117.15478246661495,32.7785585130699],[-117.15478466276743,32.7785448945655],[-117.15478535196772,32.77854040668377],[-117.15478675792565,32.77853126305887],[-117.15478874892111,32.77851762681876],[-117.15479063892245,32.77850397757638],[-117.15479242798618,32.77849032082843],[-117.15479411280253,32.77847665110214],[-117.15479569668139,32.7784629738702],[-117.15479717962276,32.77844928913269],[-117.15479855837346,32.77843559691343],[-117.15479983618677,32.77842189718853],[-117.15480100983763,32.77840819273027],[-117.15480208255121,32.77839448076641],[-117.15480305107428,32.77838076132083],[-117.15480362771952,32.77837165126054],[-117.15480391871658,32.7783670398662],[-117.15480468219673,32.77835331367824],[-117.15480534476796,32.77833958273298],[-117.15480590643041,32.77832584703049],[-117.15480636398725,32.77831211209116],[-117.15480671738206,32.77829837241843],[-117.15480696992464,32.77828463348506],[-117.15480711830536,32.77827088981828],[-117.15480716586215,32.77825714963918],[-117.15480714819776,32.77825226290756],[-117.15480710931365,32.77824341022325],[-117.15480694860332,32.77822966607395],[-117.15480669032256,32.77821592538845],[-117.15480632468328,32.77820218548997],[-117.1548058582204,32.77818844907919],[-117.15480529093384,32.77817471615606],[-117.15480461631725,32.77816098676827],[-117.15480384413038,32.77814726084433],[-117.15480296461352,32.77813353845576],[-117.15480198752655,32.77811981953096],[-117.15480174820421,32.77811679242104],[-117.15480090641937,32.77810610961431],[-117.15479972123562,32.77809240320909],[-117.15479843531331,32.7780787085365],[-117.15479704525799,32.77806501187879],[-117.15479555449245,32.77805132970192],[-117.15479396293205,32.778037653761],[-117.15479226732351,32.7780239840799],[-117.15479046772334,32.77801032615522],[-117.15478857063822,32.77799667993924],[-117.15478810887946,32.77799353627375],[-117.15478656953331,32.77798304273128],[-117.15478446440869,32.77796941453145],[-117.15478225860237,32.77795580356078],[-117.15478089035784,32.7779477137152],[-117.1547799552266,32.77794219605385],[-117.15477754466264,32.77792860582375],[-117.15477503661396,32.77791502730235],[-117.15477242460224,32.77790146328558],[-117.15476971188087,32.77788791374963],[-117.15475377476199,32.7778581665825],[-117.15474686543435,32.77779033851258],[-117.15474328228244,32.77777693553125],[-117.15473960818106,32.77776354695911],[-117.15473584318678,32.77775017829278],[-117.15473199052462,32.77773682676009],[-117.15472804371637,32.77772349515703],[-117.15472683471711,32.77771950492914],[-117.15472401252178,32.77771018341206],[-117.15471988715295,32.77769688884843],[-117.15471567417289,32.77768361691498],[-117.15471137355337,32.77767036486345],[-117.15470698204119,32.77765713271769],[-117.15470249966457,32.77764392322592],[-117.15469792964866,32.77763073361605],[-117.15469327202167,32.77761756663637],[-117.15468853003689,32.77760442226297],[-117.15468366796493,32.77759130625486],[-117.15467876702459,32.77757820702259],[-117.1546766942481,32.7775727938976],[-117.15467375570044,32.77756513058734],[-117.15429569189739,32.7765546224645],[-117.15415477341683,32.77615757502205],[-117.15398462783958,32.77572317754844],[-117.15398275638692,32.77571803504095],[-117.15397802759504,32.77570488779686],[-117.15397337988072,32.77569171522213],[-117.15396880687844,32.77567853110592],[-117.15396431172864,32.77566532443122],[-117.15396370074923,32.77566348740091],[-117.15395989771267,32.77565209792249],[-117.15395556157732,32.7756388516036],[-117.15395130335068,32.77562558822282],[-117.153947123061,32.77561231052847],[-117.15394302390506,32.77559901300018],[-117.15393899937632,32.77558569568553],[-117.15393505603764,32.77557236403351],[-117.15393119386074,32.77555901529589],[-117.15392740633926,32.77554564952024],[-117.15392370326087,32.77553226938344],[-117.15392007483781,32.7755188722087],[-117.15391911681441,32.77551523744227],[-117.15391652760457,32.7755054606966],[-117.15391306156118,32.77549203484715],[-117.1539096734262,32.77547859193599],[-117.15390636328419,32.77546514020791],[-117.15390313755688,32.77545167137045],[-117.15389998651288,32.77543818824333],[-117.1538969199399,32.77542469350345],[-117.15389392805022,32.77541118447395],[-117.15389102063142,32.77539766383166],[-117.15388819117729,32.77538413162419],[-117.15388544294079,32.77537058782786],[-117.15388277592201,32.77535703244251],[-117.15388018686762,32.77534346549209],[-117.1538776790309,32.77532988695275],[-117.15387525243993,32.77531629957276],[-117.15387290706647,32.77530270060389],[-117.1538723591642,32.77529940090098],[-117.15387064293873,32.7752890927944],[-117.15386845680342,32.77527547616814],[-117.15386635188557,32.77526184795296],[-117.15386432824148,32.77524821364547],[-117.15386371807986,32.77524391943586],[-117.15386238584296,32.77523457049743],[-117.15386052143675,32.77522091853261],[-117.15385874152925,32.7752072577034],[-117.15385704292355,32.7751935935302],[-117.15385542225366,32.77517991504367],[-117.15385443031339,32.77517107208833],[-117.1538529592341,32.77515738700918],[-117.15385156289378,32.77514369313711],[-117.15385024463015,32.77512999869322],[-117.15384900761175,32.77511629540875],[-117.15384784538857,32.77510258882804],[-117.15384676118555,32.77508887617889],[-117.15384575503089,32.77507516020961],[-117.15384482367135,32.77506144094404],[-117.1538444965682,32.77505619642354],[-117.1538439703601,32.77504771835842],[-117.1538431950971,32.77503399245261],[-117.15384249788224,32.77502026322676],[-117.153842072271,32.7750108087019],[-117.1538418787156,32.77500653068075],[-117.15384133762525,32.77499279756296],[-117.15384087132981,32.77497906114893],[-117.1538404830824,32.77496532141478],[-117.15384017616442,32.77495158108498],[-117.15383994081627,32.77493784023107],[-117.15383978682564,32.77492410152986],[-117.15383971088291,32.77491035950852],[-117.15383970976308,32.77489661693923],[-117.15383972291242,32.77489409370573],[-117.15383978997247,32.77488287377435],[-117.15383994177972,32.77486913283362],[-117.15384017816923,32.77485539127343],[-117.15384029054482,32.77485048984731],[-117.15384048938152,32.77484164916527],[-117.15384087550117,32.77482791475411],[-117.15384134292162,32.77481417699899],[-117.1538418852211,32.77480044419255],[-117.15384250559636,32.77478671081428],[-117.15384320410377,32.77477298236086],[-117.15384397746195,32.77475925610775],[-117.15384483217714,32.77474553200736],[-117.15384576502437,32.77473181283177],[-117.15384677275044,32.77471809860484],[-117.15384785858032,32.7747043865544],[-117.1538490225421,32.77469067942873],[-117.15385026138259,32.77467697725172],[-117.15205366487444,32.77461648631348],[-117.15130197078281,32.77459117011018],[-117.15128570671831,32.77459082163784],[-117.15126944330069,32.77459053637447],[-117.15125318052999,32.77459031432008],[-117.15123691843426,32.77459015822302],[-117.15122064722584,32.77459006540614],[-117.15120437994547,32.7745900385228],[-117.15118811653687,32.77459007207636],[-117.15117185054993,32.774590171611],[-117.15115558523776,32.77459033710291],[-117.15113932054413,32.7745905630555],[-117.15112305652518,32.77459085496535],[-117.15110679318092,32.77459121283249],[-117.15109053696136,32.77459163111283],[-117.15107428141638,32.77459211535039],[-117.15105993884072,32.77459259661332],[-117.15105802651792,32.77459266279699],[-117.15105561340553,32.77459275187655],[-117.15104177880022,32.7745932761534],[-117.15102553498214,32.77459395269496],[-117.1510092885572,32.7745946924693],[-117.15099305253806,32.7745954953814],[-117.15097681719331,32.77459636425072],[-117.15096058574797,32.77459729630534],[-117.1509443646802,32.77459828874937],[-117.15092814108971,32.77459935267105],[-117.15091193438307,32.77460047693469],[-117.15089572832257,32.77460166440732],[-117.15087952616128,32.7746029150652],[-117.15086333768672,32.77460423158539],[-117.15085345917979,32.77460507052813],[-117.15084714983011,32.7746056085663],[-117.15084027190832,32.77460622221565],[-117.15083097566013,32.7746070514095],[-117.15081480869867,32.77460856291084],[-117.15079864880505,32.7746101293288],[-117.15078249611985,32.77461176440485],[-117.15076635706497,32.77461345984666],[-117.1507502219372,32.77461522122201],[-117.15073410046773,32.77461704571144],[-117.15071798943166,32.77461893608694],[-117.15070188877253,32.77462088685193],[-117.15068579526546,32.77462290077848],[-117.1506697186979,32.77462498054361],[-117.15065364925411,32.77462712072202],[-117.15063759349661,32.77462932676281],[-117.15062739904789,32.77463076716923],[-117.15062155139725,32.77463159591765],[-117.15061471313456,32.77463258856007],[-117.15060551967474,32.77463392546204],[-117.15058950163846,32.77463632086876],[-117.1505734972602,32.77463877938963],[-117.15055750979315,32.77464130100085],[-117.1505415327028,32.77464388300157],[-117.15052556927039,32.77464652811642],[-117.15050962277718,32.77464923906996],[-117.15049368994183,32.77465201313756],[-117.15047777724254,32.77465484752356],[-117.15046187494795,32.77465774504742],[-117.15044598956435,32.77466070566167],[-117.15043012109159,32.77466372936633],[-117.15041426950165,32.77466681341309],[-117.15039843482261,32.77466996055028],[-117.15038743188454,32.77467219565899],[-117.15038262030744,32.77467317075413],[-117.15037662722027,32.77467441282913],[-117.15036682270315,32.77467644404843],[-117.15035104198149,32.77467977768485],[-117.15033528142371,32.774683174388],[-117.15031953777667,32.77468663418158],[-117.15030381426533,32.7746901542936],[-117.15028811091773,32.77469373747233],[-117.150272427734,32.77469738371781],[-117.15025676140458,32.77470108755718],[-117.15024111852014,32.77470485718788],[-117.15022549577127,32.77470868713702],[-117.15020989641113,32.77471257738088],[-117.1501943172146,32.77471653069154],[-117.15017876140671,32.77472054429698],[-117.15016322248113,32.7747246182446],[-117.15016031208934,32.77472539256525],[-117.15014771347855,32.77472875518787],[-117.15013222461144,32.77473295244962],[-117.15011675916087,32.77473721275448],[-117.15010131707075,32.77474153060582],[-117.15009650616534,32.77474289047688],[-117.15000727097315,32.7747638307903],[-117.1499882134727,32.77476830279861],[-117.14767270727508,32.7753116100231],[-117.14711050841453,32.77544351480112],[-117.14709489877519,32.77544737998745],[-117.14708286906288,32.77545040009318],[-117.1470827522559,32.77545043117588],[-117.14707930593228,32.77545129727149],[-117.14706373311088,32.77545526388126],[-117.14704817705788,32.77545927984042],[-117.1470326410824,32.77546335062201],[-117.14701712510048,32.77546746798097],[-117.1470016226896,32.77547164020964],[-117.14698614027219,32.77547585901581],[-117.14697068115738,32.77548012987243],[-117.14695523558558,32.77548445285041],[-117.14693981654159,32.7754888251069],[-117.1469244175189,32.77549324668924],[-117.14690903529241,32.77549772036932],[-117.14689367634041,32.77550224335162],[-117.1468783374377,32.77550681840802],[-117.14687628754822,32.77550743522922],[-117.14686301852826,32.77551144004198],[-117.14684772292129,32.77551611372642],[-117.14684434670069,32.77551715521091],[-117.14683244733548,32.77552083673675],[-117.14681719182691,32.77552561456954],[-117.14680195950874,32.77553043345964],[-117.14678675052089,32.77553530714857],[-117.14677353965102,32.7755395918775],[-117.14677156480738,32.77554023013978],[-117.14676947332434,32.77554091597431],[-117.14675639911498,32.7755452024569],[-117.14674125669687,32.77555022407629],[-117.14672614080621,32.77555529497427],[-117.14671104493659,32.77556041519816],[-117.14669597234122,32.77556558472441],[-117.14669124552196,32.77556722419952],[-117.14668092627329,32.77557080352926],[-117.14667018920807,32.77557456729569],[-117.1466659002263,32.7755760716601],[-117.14665090070665,32.77558138906958],[-117.14663592771436,32.77558675575779],[-117.14662097474303,32.77559217177193],[-117.14660605152417,32.77559763429284],[-117.14659115160737,32.77560314886445],[-117.14657627493665,32.77560870999008],[-117.14656142151205,32.77561431766978],[-117.146546601149,32.77561997732926],[-117.14653180403198,32.77562568354281],[-117.14652465853676,32.77562846747202],[-117.14651703344207,32.77563143903515],[-117.14651183253585,32.77563348872723],[-117.14650228937938,32.77563724380626],[-117.14648756856266,32.77564309513142],[-117.1464850541788,32.7756441056091],[-117.14647287749833,32.77564899296352],[-117.14645949279978,32.77565442230299],[-117.14645821621421,32.77565494005073],[-117.14644357820407,32.77566093644037],[-117.14642896994617,32.77566697933697],[-117.14641438821531,32.77567307151235],[-117.14639983623671,32.77567921019461],[-117.14638530750396,32.77568539543105],[-117.14637081180456,32.77569162989912],[-117.14635634260425,32.77569791089771],[-117.14634190315606,32.77570423840329],[-117.14632749346005,32.77571061241581],[-117.1463131135442,32.77571703568363],[-117.14630323255048,32.7757214830776],[-117.14628877985811,32.77572778868495],[-117.14627436025495,32.77573414902061],[-117.14625997374107,32.77574056408451],[-117.14624562028844,32.77574703112843],[-117.14623130315024,32.77575355012868],[-117.14621701584801,32.77576012388089],[-117.14620276486021,32.77576674958947],[-117.14618855018675,32.77577342725449],[-117.14617436860247,32.77578015964787],[-117.14616022333249,32.77578694399763],[-117.14614611112366,32.77579378032749],[-117.14613203522912,32.77580066861379],[-117.14611799564888,32.7758076088566],[-117.14610399566409,32.77581460378053],[-117.14609002871242,32.77582164793625],[-117.14607609807497,32.77582874404852],[-117.14606220375177,32.77583589211728],[-117.14604834899596,32.77584309211897],[-117.14604175365893,32.77584655090855],[-117.1460345273012,32.77585034410077],[-117.14602075168021,32.77585764796834],[-117.14600700906431,32.77586499831942],[-117.14599938260483,32.77586911873894],[-117.14599330604371,32.77587240335182],[-117.14597964256247,32.77587985756885],[-117.1459660153954,32.77588736374245],[-117.14595242776767,32.77589491910079],[-117.14593887967935,32.77590252364383],[-117.14592537115827,32.77591018011988],[-117.14591190220449,32.77591788852893],[-117.14589847601525,32.77592564335085],[-117.1458850893933,32.77593345010583],[-117.14588130550128,32.77593567638397],[-117.14587174231067,32.77594130604556],[-117.14586061443264,32.77594791728952],[-117.14585843802047,32.77594921114649],[-117.14584517326959,32.77595716543217],[-117.14583195131115,32.77596516887903],[-117.14581876889198,32.77597322151079],[-117.14580563251843,32.77598132328011],[-117.1457925324309,32.77598947425787],[-117.14577947836109,32.77599767162497],[-117.14576646383048,32.77600591817695],[-117.14575349859868,32.77601421384298],[-117.14574057290608,32.77602255869388],[-117.14572768997789,32.77603094995781],[-117.1457148498142,32.7760393876347],[-117.1457111107204,32.77604186094867],[-117.14403098842195,32.77719192761852],[-117.14401819066512,32.7772004087856],[-117.14400535675735,32.77720885448258],[-117.14399248992402,32.77721726193745],[-117.14397959016515,32.77722563115033],[-117.14396665425537,32.77723396489301],[-117.14395368870123,32.77724226311835],[-117.14394068365921,32.77725051765212],[-117.14392764897285,32.77725873666855],[-117.14391458141677,32.77726692293951],[-117.143901477654,32.7772750682436],[-117.14389333312231,32.77728009654459],[-117.14388834424688,32.7772831780303],[-117.14387517788641,32.77729124682655],[-117.14386197860043,32.77729927738069],[-117.14384874641691,32.77730727244096],[-117.1438354845333,32.77731522648718],[-117.14382218647093,32.77732314231479],[-117.14380885876425,32.77733102262498],[-117.14379549810427,32.77733886194466],[-117.14378210777211,32.77734666299857],[-117.14376868451455,32.77735442581023],[-117.14375523158479,32.77736215035613],[-117.14374174570179,32.7773698339115],[-117.14372822694914,32.7773774847212],[-117.14371468169401,32.7773850889966],[-117.14370110351349,32.77739265502976],[-117.14368749568872,32.77740018554537],[-117.14367385491072,32.77740767507038],[-117.14367204620731,32.77740866114077],[-117.14366018768607,32.77741512355767],[-117.14365046749714,32.77742038038404],[-117.14364648753602,32.77742253380264],[-117.14363275771393,32.77742990578172],[-117.14361900144522,32.77743723672305],[-117.14360521225116,32.77744452942208],[-117.14359139332932,32.77745177835853],[-117.14357754801664,32.77745899175382],[-117.14356366975076,32.77746616415843],[-117.14354976503829,32.77747329552525],[-117.1435358338792,32.77748038585425],[-117.14352186979491,32.77748743794084],[-117.14350787926405,32.77749444898959],[-117.14349386228665,32.77750141900051],[-117.143479812384,32.777508350769],[-117.14346573926025,32.77751523872782],[-117.14345163643672,32.77752208567224],[-117.14343750719452,32.77752889432713],[-117.14342334825258,32.77753566196767],[-117.14342023335483,32.77753713847954],[-117.14340916286417,32.77754238857035],[-117.14339766772709,32.77754779290219],[-117.14339495102931,32.77754907413509],[-117.14338071274797,32.77755571866189],[-117.14336644476693,32.77756232217436],[-117.14335215356485,32.77756888187702],[-117.14333783269097,32.77757540331356],[-117.14332348862401,32.77758188368867],[-117.14330911808274,32.77758832027746],[-117.14329472112303,32.7775947185766],[-117.14328029768903,32.77760107308946],[-117.14326584783662,32.77760738931264],[-117.14325137467969,32.77761365348103],[-117.14323687518788,32.77761988760462],[-117.14322234919405,32.77762607519363],[-117.14320780000726,32.77763222172106],[-117.14319322434629,32.77763832446212],[-117.14319287446992,32.77763847266538],[-117.1431786254924,32.77764438614157],[-117.14316400341761,32.77765040401118],[-117.14314935489665,32.77765638084268],[-117.14313468318275,32.77766231661257],[-117.14311998824812,32.77766820857253],[-117.14310527012051,32.77767405947087],[-117.14309052551894,32.77767986658281],[-117.14307576097782,32.77768563260955],[-117.14306096996269,32.77769135484986],[-117.1430461589801,32.7776970332567],[-117.14303132155148,32.77770267062535],[-117.14301646418329,32.77770826690877],[-117.14300158356667,32.77771381663393],[-117.14298667975721,32.77771932529738],[-117.14297175598045,32.77772479012728],[-117.14296819022167,32.77772608299085],[-117.14295887713402,32.77772946233083],[-117.14295680898312,32.77773021114714],[-117.14294183879308,32.77773559110527],[-117.14292685188903,32.7777409272063],[-117.14291183523005,32.77774621679605],[-117.14289680191278,32.77775146802529],[-117.14288174860053,32.77775667267261],[-117.14286667209558,32.77776183625819],[-117.1428515756235,32.77776695601013],[-117.14284470480058,32.77776926224448],[-117.14283645915638,32.77777202918018],[-117.14282132274991,32.77777706126486],[-117.14280616312311,32.77778204953947],[-117.14279098675465,32.77778699120856],[-117.14277578719361,32.77779189181588],[-117.14276057091881,32.77779674856599],[-117.14274533467697,32.77780156148239],[-117.14273007846812,32.77780633056514],[-117.14271480226436,32.7778110530659],[-117.14269950937482,32.77781573445777],[-117.14268419323712,32.77782036929116],[-117.14266886363907,32.7778249602438],[-117.1426535108486,32.77782951013453],[-117.14263814454216,32.77783401064787],[-117.14262275504333,32.77783847009935],[-117.14261497896135,32.77784070041256],[-117.14260734883096,32.77784288569355],[-117.14260041923633,32.7778448515236],[-117.1425919291304,32.77784725465861],[-117.14257648946304,32.77785157978997],[-117.14256102982888,32.77785586108756],[-117.14254555670669,32.77786009575604],[-117.14253006689881,32.77786428931552],[-117.14251455384304,32.77786843631647],[-117.14249903055261,32.77787253666472],[-117.14248348729542,32.77787659317919],[-117.14246793057814,32.77788060581282],[-117.1424523571475,32.77788457458914],[-117.14243676372237,32.77788849678335],[-117.14242116006258,32.77789237232484],[-117.14240553646407,32.7778962067808],[-117.14238989932201,32.77789998911101],[-117.14237424880351,32.77790373580523],[-117.14235858474149,32.77790743037365],[-117.14235060640974,32.77790928833472],[-117.14234289748758,32.77791108388008],[-117.14233418858645,32.77791308729631],[-117.14232720328025,32.77791469345856],[-117.14231148902297,32.7779182509582],[-117.14229576458693,32.77792176730176],[-117.14228002343771,32.77792523978795],[-117.14226427199849,32.77792866012474],[-117.14224850387393,32.7779320393525],[-117.14223272228963,32.77793537469925],[-117.14221692721775,32.77793866341679],[-117.14220112191154,32.77794190548156],[-117.14218529989236,32.77794510368895],[-117.14216946761107,32.7779482524952],[-117.14215362189799,32.77795136016881],[-117.14213776266952,32.77795441846488],[-117.14212888786615,32.77795610423829],[-117.14212188998147,32.77795743287994],[-117.14211646687772,32.77795844780188],[-117.14210600705923,32.77796040064226],[-117.14209011393069,32.77796332450006],[-117.14207420731481,32.77796620172861],[-117.14205828395821,32.77796903235131],[-117.14204236012746,32.77797181625072],[-117.14202641630281,32.77797455356781],[-117.14201046552527,32.77797724695692],[-117.14199450451372,32.7779798936932],[-117.14197853001494,32.77798249380016],[-117.14196254856333,32.77798504997906],[-117.14194655359671,32.77798755678031],[-117.141930548424,32.77799001967708],[-117.1419145362707,32.77799243589753],[-117.1418985138836,32.77799480546506],[-117.1418885727423,32.77799625156085],[-117.14187258803229,32.77799880775164],[-117.14185659628606,32.77800131176942],[-117.1418405910527,32.7780037691579],[-117.14182457555765,32.77800617714522],[-117.14180854980103,32.77800853573137],[-117.14179251375502,32.778010842168],[-117.14177646750304,32.77801310470011],[-117.14176041421499,32.77801531505922],[-117.14174434738435,32.77801747329231],[-117.14172827362896,32.77801959034566],[-117.14171219280975,32.7780216524777],[-117.1417066915607,32.77802234087315],[-117.14169610172905,32.77802366520856],[-117.1416898464127,32.7780244277641],[-117.141680000387,32.77802562853822],[-117.14166389206466,32.77802754519149],[-117.14164777670645,32.7780294096717],[-117.14163164783358,32.77803122477424],[-117.14161551848711,32.77803299315337],[-117.14159937885159,32.77803470938294],[-117.14158323220803,32.77803637618783],[-117.1415670785566,32.77803799356797],[-117.14155091789728,32.77803956152341],[-117.14153475025783,32.7780410828024],[-117.14151857555494,32.77804254916004],[-117.14150239712531,32.7780439688178],[-117.14148621494117,32.77804533902729],[-117.14147001924266,32.77804665985904],[-117.1414538230152,32.77804792847074],[-117.14143761980782,32.77804915040605],[-117.14142475822683,32.77805007610099],[-117.14142140631165,32.77805032019179],[-117.14141393167432,32.7780508359283],[-117.14140519884876,32.77805144320706],[-117.14138898109714,32.77805251407279],[-117.14137275959123,32.77805353549026],[-117.14135653107768,32.77805450748299],[-117.1413403020632,32.77805543000397],[-117.14132406601337,32.77805630035184],[-117.14130782949042,32.77805712397632],[-117.14129158918547,32.77805789540422],[-117.14127534515423,32.77805862013217],[-117.14125909734096,32.77805929266356],[-117.1412504853575,32.77805962420742],[-117.14124284577365,32.77805991574671],[-117.14123865022682,32.77806006422952],[-117.14122659370553,32.77806048935805],[-117.14121033785555,32.77806101077285],[-117.14119408153269,32.77806148546418],[-117.14117782145578,32.77806191070728],[-117.14116156085043,32.77806228373029],[-117.14114529649112,32.77806260730504],[-117.14112903488446,32.77806288138459],[-117.14111276952391,32.77806310601579],[-117.14109650363503,32.77806327842696],[-117.14108023727341,32.77806340411467],[-117.14106397038346,32.77806347758231],[-117.14104770299305,32.77806350157821],[-117.14103143510216,32.77806347610233],[-117.14101516996415,32.77806340113124],[-117.14099890432576,32.77806327668833],[-117.14099127728178,32.77806319982079],[-117.14078948997359,32.7780564108518],[-117.14075327873849,32.77805420953452],[-117.14058764711903,32.77804412492881],[-117.14001748848865,32.77796578243819],[-117.1393104987453,32.77786918375446],[-117.1392947873871,32.77786562769859],[-117.13927906020768,32.7778621157309],[-117.1392633172071,32.77785864785142],[-117.1392475649196,32.77785522676157],[-117.13923179681083,32.77785184975989],[-117.13921601288084,32.7778485168464],[-117.13920021966388,32.77784523072254],[-117.13918441062553,32.77784198868683],[-117.13916859227247,32.77783879069235],[-117.13915275812582,32.77783563953442],[-117.13913691141103,32.77783253244116],[-117.13912105215583,32.77782947216096],[-117.13910518358583,32.77782645592197],[-117.13908929919437,32.77782348377117],[-117.13907340551575,32.77782055840996],[-117.13905750254993,32.77781767983826],[-117.13904158376261,32.77781484535472],[-117.1390256556603,32.7778120549124],[-117.13900971501744,32.77780931128308],[-117.13899376505954,32.77780661169503],[-117.13897780581436,32.7778039588965],[-117.13896183402856,32.77780135291096],[-117.13894585292769,32.77779879096663],[-117.13892986253938,32.77779627581182],[-117.13891385632941,32.77779380474513],[-117.13889784408531,32.77779138044455],[-117.13888182577924,32.7777890001617],[-117.13887348454243,32.77778778767457],[-117.13886579493246,32.77778666669187],[-117.13886040913535,32.77778590016591],[-117.13884975479816,32.77778438001147],[-117.13883370534859,32.77778213737235],[-117.13881764661147,32.77777994152269],[-117.13880157858679,32.7777777924626],[-117.13878550450004,32.7777756874202],[-117.13876942112564,32.77777362916733],[-117.13875332846364,32.77777161770396],[-117.13873722973946,32.77776965025833],[-117.13872112172764,32.77776772960223],[-117.13870500768131,32.77776585571219],[-117.13868888431956,32.77776402586328],[-117.13867275492326,32.77776224278043],[-117.13865661949248,32.77776050646366],[-117.13864047474614,32.77775881418804],[-117.13862432724619,32.77775717140333],[-117.13860817043069,32.7777555726598],[-117.13859200758056,32.77775402068232],[-117.13857583866805,32.77775251272256],[-117.13856389391574,32.7777514360989],[-117.13855966377633,32.77775105702548],[-117.13855298492608,32.77775047295174],[-117.13854347951346,32.7777496398729],[-117.13852729575012,32.77774827218781],[-117.13851110592434,32.77774694852044],[-117.13849490683819,32.77774567439088],[-117.13847870494283,32.77774444425559],[-117.13846250026593,32.77774326086286],[-117.13844629280744,32.7777421242128],[-117.13843007280754,32.77774103437557],[-117.13841385327926,32.7777399912575],[-117.13839762768836,32.77773899215715],[-117.13838139931579,32.77773803979941],[-117.13836516816151,32.77773713418428],[-117.13834893422549,32.7777362753117],[-117.13833968634172,32.77773581416119],[-117.13833269425449,32.77773546320517],[-117.13832735596877,32.77773521303432],[-117.13831645475494,32.77773469781781],[-117.13830020919262,32.77773397644812],[-117.13828396087619,32.77773330456933],[-117.13826771300347,32.77773267666144],[-117.13825145909559,32.77773209551955],[-117.13823520565906,32.7777315610968],[-117.13821894941294,32.77773107066836],[-117.13820269041253,32.7777306297308],[-117.13818642863016,32.7777302355358],[-117.13817016403803,32.77772988533508],[-117.13815390317048,32.77772958183013],[-117.13813763952085,32.77772932506775],[-117.13812137634238,32.77772911502454],[-117.13810511038184,32.77772895172392],[-117.13808884163916,32.77772883516592],[-117.13807831281406,32.77772878999284],[-117.13807257662087,32.77772876530364],[-117.13806672347597,32.77772875794678],[-117.13805630879268,32.77772873943562],[-117.13804004146327,32.77772876303511],[-117.13802377457718,32.77772883060541],[-117.13800750818982,32.77772894764323],[-117.13799124224573,32.7777291086519],[-117.13797497677261,32.77772931637979],[-117.13795871502371,32.77772957080339],[-117.13794245046473,32.77772986922126],[-117.13792618965761,32.7777302170832],[-117.13790992932135,32.77773061166435],[-117.13789366942824,32.77773105021632],[-117.13787741000588,32.77773153548749],[-117.13786115756089,32.77773206743101],[-117.1378449055867,32.7777326460937],[-117.13783464473688,32.77773304148252],[-117.13782865733646,32.77773327145216],[-117.13782411083328,32.77773346082278],[-117.13781240955691,32.77773394352985],[-117.13779616224809,32.77773466232667],[-117.13777992188875,32.77773542504755],[-117.13776368202774,32.7777362372359],[-117.13774744911619,32.77773709334837],[-117.13773121667521,32.77773799618],[-117.13771498795808,32.7777389457074],[-117.13769876296476,32.77773994193056],[-117.13768254494846,32.77774098482615],[-117.13766632412165,32.77774207171598],[-117.13765011680611,32.77774320797976],[-117.1376339099333,32.77774438821434],[-117.13761770678417,32.77774561514476],[-117.137601510612,32.7777468887476],[-117.13758531816339,32.77774820904617],[-117.13756913266398,32.77774957326889],[-117.13755295088818,32.77775098418739],[-117.13753677611689,32.77775244452658],[-117.13753290478542,32.77775280218741],[-117.13751669426829,32.77775394395366],[-117.13750049086656,32.77775514613386],[-117.13748429127148,32.77775640325483],[-117.13746809870862,32.7777577125448],[-117.13745191323333,32.77775907950042],[-117.13743573156465,32.77776050139678],[-117.13741956018141,32.77776197543884],[-117.13740339263232,32.77776350716988],[-117.13738723536865,32.77776509104664],[-117.13737108519238,32.77776673258904],[-117.13735494207586,32.77776842904879],[-117.13733880601899,32.77777018042593],[-117.13732268027506,32.777771986697],[-117.13730656481634,32.77777384511378],[-117.13729045644487,32.77777576119625],[-117.13727435835862,32.77777772942438],[-117.13725826735953,32.77777975531822],[-117.13724759343094,32.77778113209799],[-117.13724218664561,32.77778183335774],[-117.13723517170143,32.77778276605884],[-117.13722611624438,32.77778396629127],[-117.13721005943685,32.77778615684367],[-117.13719400966106,32.77778839956523],[-117.1371779701703,32.77779069443245],[-117.13716194424538,32.77779304417032],[-117.13714592868851,32.77779545429881],[-117.13712992338883,32.77779791382471],[-117.13711393168266,32.77780043096959],[-117.13709795351461,32.77780300023679],[-117.13708198563135,32.77780562164973],[-117.13706602808826,32.777808300705],[-117.1370500873365,32.77781103185924],[-117.13703415689716,32.77781381790758],[-117.13701824327671,32.77781665880315],[-117.13700936447172,32.77781827827232],[-117.13700233996867,32.77781955459286],[-117.13699346469312,32.7778212015206],[-117.13698645345184,32.77782250248148],[-117.13697057724724,32.77782550526421],[-117.13695471786156,32.77782856289429],[-117.13693887526694,32.77783167262335],[-117.13692304298455,32.7778348372465],[-117.13690723074654,32.77783805394527],[-117.13689142882069,32.77784132553817],[-117.13687565022008,32.77784465193165],[-117.13685987865058,32.77784803049428],[-117.13684412712537,32.77785146113261],[-117.13682839244642,32.77785494936662],[-117.13681267453077,32.77785848695137],[-117.13679697343363,32.77786207938347],[-117.13678459675167,32.777864958051],[-117.13678128915505,32.77786572666301],[-117.13677755648503,32.77786660826951],[-117.13676562166725,32.7778694260416],[-117.1367499742236,32.77787317749588],[-117.13673434359838,32.7778769837976],[-117.13671873301722,32.77788084217504],[-117.13670313925444,32.7778847553999],[-117.13668756228235,32.77788872072384],[-117.13667200532657,32.77789273537524],[-117.13665646847005,32.77789680759904],[-117.1366409516575,32.77790093189856],[-117.13662545488879,32.77790510827388],[-117.13660997491066,32.77790933674837],[-117.13659451822969,32.7779136172752],[-117.13657908162016,32.7779179526262],[-117.13656366505442,32.777922340053],[-117.13654827175813,32.77792677678391],[-117.13654559543274,32.77792755459757],[-117.13652997818942,32.77793139925628],[-117.1365144747099,32.77793555642621],[-117.13649908819197,32.77794002058739],[-117.13648382836766,32.77794478892141],[-117.13646871472892,32.77794985853985],[-117.13645374076901,32.77795522948945],[-117.1364450478445,32.77795851043231],[-117.13636399856497,32.77798300183062],[-117.13633656171523,32.77799214596229],[-117.13631900034986,32.77799799928812],[-117.13632032116652,32.77799984710963],[-117.13681667461407,32.77869404150414],[-117.13743799905723,32.77956300040572],[-117.1380870000924,32.78046999992836],[-117.13808967767393,32.78047272848693],[-117.13811227767586,32.78049575781249],[-117.13855982985696,32.78095181021635],[-117.13856099853501,32.78095300084122],[-117.13856084230271,32.78095299509469],[-117.13849892117436,32.78095061401856],[-117.1372071842694,32.78094616355636],[-117.13595404945428,32.78094016917122],[-117.13538609820162,32.78093816771923],[-117.13537344771235,32.78573782468773],[-117.135367357173,32.78805828551616],[-117.13534286190955,32.78805829080496],[-117.13532521284348,32.78805829645844],[-117.13326256060687,32.78805871797864],[-117.13318231974831,32.78805873418587],[-117.13125629177414,32.78805910103122],[-117.12870483529981,32.78805966174761],[-117.12315731266514,32.78809628297704],[-117.12047309332608,32.78812073855605],[-117.11772689291809,32.78812703005482],[-117.11772991192008,32.7878074508394],[-117.1177332760833,32.78745140680804],[-117.11773353801053,32.78742366496604],[-117.11751552034275,32.7874819183797],[-117.11722667679165,32.78755815779149],[-117.1168696413712,32.7876486179875],[-117.11683539177967,32.78765695287],[-117.11677697490995,32.787671163354],[-117.11657966049646,32.78771917170607],[-117.11631131128308,32.78778446619562],[-117.11609690882361,32.78783299223561],[-117.11568470664641,32.78792628773073],[-117.1155752848788,32.78795143435056],[-117.11556133767354,32.78795463796665],[-117.11555611610463,32.78795572451157],[-117.11543794486788,32.78798023973867],[-117.11525951106915,32.78801894457154],[-117.11503207066828,32.78806828850178],[-117.11469396032686,32.78813934271196],[-117.11465082136579,32.78814840714494],[-117.11462617192902,32.78815358758961],[-117.11442156845399,32.78819349970782],[-117.11421696479353,32.78823341148689],[-117.11413898128399,32.78824495148361],[-117.11406051227824,32.78826048840993],[-117.11386960114176,32.78829828841822],[-117.11386622120874,32.78829895728489],[-117.1138659987499,32.78829900144362],[-117.11386612492522,32.78829851270064],[-117.11393755868258,32.78802238560996],[-117.11394800120661,32.78798200017086],[-117.11395426499749,32.78795513914771]]]],"type":"MultiPolygon"}
}