{
  "id": 1108801257,
  "type": "Feature",
  "properties": {
    "edtf:cessation":"uuuu",
    "edtf:deprecated":"",
    "edtf:inception":"uuuu",
    "geom:area":0.004023,
    "geom:area_square_m":41815446.217996,
    "geom:bbox":"-117.114343999,32.7754710016,-117.004990172,32.8460239754",
    "geom:latitude":32.803733,
    "geom:longitude":-117.055092,
    "iso:country":"US",
    "lbl:latitude":32.802683,
    "lbl:longitude":-117.054277,
    "mps:latitude":32.802683,
    "mps:longitude":-117.054277,
    "mz:hierarchy_label":1,
    "mz:is_current":0,
    "mz:is_funky":0,
    "mz:is_hard_boundary":0,
    "mz:is_landuse_aoi":0,
    "mz:is_official":0,
    "mz:max_zoom":14.0,
    "mz:min_zoom":12.0,
    "mz:note":"",
    "mz:tier_metro":1,
    "reversegeo:latitude":32.802683,
    "reversegeo:longitude":-117.054277,
    "src:geom":"mz",
    "src:geom_alt":[],
    "src:lbl:centroid":"mz",
    "wof:belongsto":[
        85688637,
        102191575,
        85633793,
        85922227,
        102083569
    ],
    "wof:breaches":[],
    "wof:concordances":{},
    "wof:country":"US",
    "wof:geomhash":"ca7214f9826ed034182171ea904d189e",
    "wof:hierarchy":[
        {
            "continent_id":102191575,
            "country_id":85633793,
            "county_id":102083569,
            "locality_id":85922227,
            "macrohood_id":1108801257,
            "region_id":85688637
        }
    ],
    "wof:id":1108801257,
    "wof:lastmodified":1511300775,
    "wof:name":"Navajo",
    "wof:parent_id":85922227,
    "wof:placetype":"macrohood",
    "wof:repo":"whosonfirst-data-admin-us",
    "wof:superseded_by":[],
    "wof:supersedes":[
        85887313
    ],
    "wof:tags":[]
},
  "bbox": [
    -117.11434399897898,
    32.77547100160638,
    -117.00499017170551,
    32.84602397536521
],
  "geometry": {"coordinates":[[[[-117.02659058930938,32.84515460481688],[-117.02646299871927,32.84493600134078],[-117.02646289707283,32.84493601297373],[-117.02645782952938,32.84493660895736],[-117.02644600064463,32.84493799915597],[-117.02643362309144,32.84494104601806],[-117.02638534653512,32.84495291718168],[-117.02638099959756,32.84495399992486],[-117.02634766659837,32.84489586316234],[-117.02479200019872,32.84215400068304],[-117.02371899903804,32.84026200023978],[-117.0234889992981,32.83985699999398],[-117.02330392052522,32.83953119335049],[-117.0233037893979,32.83925945943841],[-117.0231065874592,32.83915634492197],[-117.02306697246389,32.83913570438439],[-117.0229856677786,32.83909321592783],[-117.02233593933784,32.83875401653826],[-117.02160493018482,32.83837173607731],[-117.02153426919342,32.83833474036652],[-117.02123206690109,32.83817651745942],[-117.02094261254415,32.83802544001816],[-117.01864889207752,32.83708565980064],[-117.01862931720463,32.83709105322459],[-117.01857094962082,32.83710711032239],[-117.01708305609236,32.83751061723922],[-117.01649384526607,32.83767040317467],[-117.01557076981246,32.83840928720503],[-117.0138199797028,32.83981048739894],[-117.01080753329063,32.84027986260148],[-117.01043387342195,32.84031541493995],[-117.00998948708086,32.84035769540062],[-117.00943308859702,32.84041062906002],[-117.00927757255387,32.84042539908801],[-117.00911587546028,32.84044075111038],[-117.00909980324452,32.84043943442349],[-117.00909635943938,32.84043915325614],[-117.00908009019216,32.84044028392925],[-117.00906990767729,32.84044273769207],[-117.00906546949716,32.84044380939275],[-117.00905735415414,32.84044661050153],[-117.0085525387983,32.840494550734],[-117.0083920874339,32.84050978696543],[-117.007621097973,32.84058325283603],[-117.00757717896855,32.84058762297255],[-117.00590095019628,32.84128511598659],[-117.0054178895371,32.84148621242472],[-117.00542487378129,32.83899624089792],[-117.00542738370294,32.83808796487099],[-117.0054289292095,32.83743177815612],[-117.00542872462859,32.83731604485635],[-117.00499017170551,32.83744365270298],[-117.00499027477409,32.8374435228942],[-117.00512300124457,32.83727599939839],[-117.00521099852425,32.83717500149089],[-117.00534699909984,32.83702300040678],[-117.00565100024643,32.83706199973792],[-117.00583800064449,32.83708600133063],[-117.00616095862473,32.83709072797678],[-117.00714817357292,32.83678640388838],[-117.00726092098131,32.83675164722442],[-117.00738918217249,32.83671204662481],[-117.00739728352453,32.83670954529438],[-117.00741191150078,32.83670503877111],[-117.0074265164661,32.83670012835999],[-117.00744274219858,32.83669553232821],[-117.00745737337836,32.83669102028292],[-117.00745787016737,32.83669086606945],[-117.00747360280403,32.83668609715476],[-117.00748821406931,32.83668154125218],[-117.00750445307725,32.83667697536418],[-117.00751907062242,32.83667277122547],[-117.00753530630067,32.83666819710832],[-117.00754246582373,32.83666596539979],[-117.0075499175598,32.83666364119846],[-117.00756058528282,32.83666086850647],[-117.00756615951796,32.83665941884478],[-117.00757003311986,32.83665821048726],[-117.00758076751853,32.83665486295123],[-117.00759700607617,32.83665062412342],[-117.00761162693902,32.8366464281988],[-117.00761550226656,32.83664542046866],[-117.00762786889106,32.83664220583702],[-117.00763922900144,32.83663893141507],[-117.00764248309811,32.83663799345864],[-117.00765871837051,32.83663375189435],[-117.00767333925128,32.83662955871077],[-117.00768958119725,32.83662533634086],[-117.00770419835582,32.83662146749764],[-117.00772044029881,32.83661724512368],[-117.00772816311623,32.8366154002332],[-117.00773668519764,32.83661336629002],[-117.00774522487148,32.83661110686256],[-117.00775130235216,32.8366094974412],[-117.00776754429066,32.83660527506106],[-117.00778215818701,32.83660140622857],[-117.00779840633568,32.83659752736683],[-117.00780785608512,32.8365954712358],[-117.00781465418514,32.83659399206537],[-117.00781978319124,32.83659263582412],[-117.00782927133304,32.83659012320737],[-117.00784551622206,32.83658624435939],[-117.00785900192209,32.83658330868001],[-117.00786176406754,32.83658270905175],[-117.00786377797209,32.83658217448156],[-117.00787638121149,32.83657884018813],[-117.00789250244542,32.83657534688065],[-117.00789263242817,32.83657531859812],[-117.00790887689594,32.83657176956257],[-117.00791400366137,32.83657053151596],[-117.00792349697045,32.83656824148748],[-117.00793974480949,32.83656470616957],[-117.00794938303883,32.83656261039215],[-117.00795599267089,32.83656117359788],[-117.00795845858964,32.83656057853388],[-117.00797061276539,32.83655764826556],[-117.00798403592688,32.83655501254112],[-117.007986863559,32.83655445648387],[-117.00799361614708,32.8365529858284],[-117.00800311139294,32.83655092115763],[-117.00801773444236,32.83654773936217],[-117.00803398227384,32.83654420403186],[-117.0080501226129,32.83654104040465],[-117.00805023313362,32.8365410204869],[-117.00806647377604,32.83653778478127],[-117.0080811068952,32.83653463864677],[-117.00809735442502,32.83653144687054],[-117.00811360846465,32.83652825505222],[-117.00811985964441,32.83652715851309],[-117.00812986220654,32.83652540679418],[-117.00813738171092,32.83652377201095],[-117.00814448524717,32.83652222498373],[-117.00816074575832,32.8365194069134],[-117.00817698976654,32.83651618491493],[-117.00819324352783,32.83651333939689],[-117.00820949724071,32.83651048838002],[-117.00821839310102,32.83650876268756],[-117.00822412323527,32.83650765010256],[-117.00824037696978,32.83650480183],[-117.00825663070326,32.83650195355526],[-117.00827288443566,32.83649910527841],[-117.00828018368705,32.83649798030839],[-117.00828914112658,32.83649660054184],[-117.00829465349705,32.83649553051788],[-117.00830376711626,32.83649376225497],[-117.00832002378164,32.83649125476597],[-117.00833628719381,32.83648877471829],[-117.00835253422082,32.83648590448422],[-117.00836879090701,32.83648339973717],[-117.00837487202629,32.83648259282025],[-117.00838505055225,32.83648123853039],[-117.00839374665013,32.83647975591862],[-117.00839967949628,32.83647874377461],[-117.00841593617983,32.83647623902133],[-117.00843219286243,32.83647373426596],[-117.00844844568547,32.83647153736243],[-117.00844856599616,32.83647152013269],[-117.00845098530294,32.83647118370263],[-117.00846470918513,32.83646906829116],[-117.00848096882534,32.8364669070718],[-117.00849722837002,32.83646473485692],[-117.00851348810339,32.8364625846266],[-117.00851932460886,32.8364617269837],[-117.00852812000116,32.83646043339801],[-117.00854437963822,32.83645827217028],[-117.00856063927448,32.83645611094042],[-117.00857690866582,32.83645432619089],[-117.00859315824985,32.83645213203667],[-117.00860942414745,32.8364503198195],[-117.00862568669413,32.83644849662682],[-117.00863189137475,32.83644767244734],[-117.00864194632661,32.83644633538625],[-117.00865820894293,32.83644452043429],[-117.00867447151126,32.83644269998353],[-117.00869073410256,32.83644088227896],[-117.00870537191474,32.83643941811421],[-117.00872163450481,32.83643760040559],[-117.00873301062391,32.83643656854797],[-117.00873790005552,32.83643612623721],[-117.00874289266739,32.83643556785604],[-117.00875416264431,32.8364343085243],[-117.00877042819384,32.83643283435167],[-117.00878669374288,32.83643136017687],[-117.00880296280744,32.83642991621172],[-117.00881922137052,32.83642838710584],[-117.00883549038662,32.8364269376397],[-117.00885175949695,32.83642549916475],[-117.00890055553258,32.83642138443587],[-117.00917237313034,32.83639874018544],[-117.00939831161236,32.83637982679575],[-117.00948932502321,32.83637210321045],[-117.01042235471257,32.83629292106219],[-117.0107028701492,32.83626909025701],[-117.01092083833656,32.83625057222756],[-117.01154866879769,32.83619173275742],[-117.01155517383954,32.83619101102115],[-117.01157143967545,32.83618920391051],[-117.011587702279,32.83618739956621],[-117.0116039645014,32.83618555124629],[-117.0116185927392,32.83618374323408],[-117.01163485847732,32.83618192512176],[-117.01164652082025,32.83618086924234],[-117.01165112718746,32.83618045054963],[-117.01165932345437,32.83617953148094],[-117.0116673863896,32.83617862972487],[-117.01168364889408,32.83617681437454],[-117.01169991760247,32.83617533979601],[-117.011716179728,32.83617385701045],[-117.01173244227816,32.8361720471504],[-117.01174867553144,32.8361706140114],[-117.01176497318004,32.83616909801851],[-117.01178123863014,32.83616762344933],[-117.01179750407971,32.83616614887803],[-117.01181376952873,32.83616467430458],[-117.01183003497721,32.836163199729],[-117.01183572893066,32.83616280455395],[-117.01184630339857,32.83616206869362],[-117.01186256537645,32.83616056939877],[-117.01187883429292,32.83615911953174],[-117.0118951027129,32.83615798848993],[-117.01191137141426,32.83615651388355],[-117.01192600884386,32.83615539289953],[-117.01192861583046,32.83615520847146],[-117.01194227384053,32.83615424263323],[-117.01194299284693,32.83615418597617],[-117.01195854225881,32.83615311158306],[-117.01196821222783,32.83615244175933],[-117.01197481400349,32.8361519887557],[-117.0119788713593,32.83615170811379],[-117.01199108246851,32.83615086319792],[-117.01200735421237,32.83614974036627],[-117.01202361944486,32.83614861757261],[-117.01203989118791,32.83614749473669],[-117.01204033369355,32.83614746452145],[-117.01205615618163,32.83614634445539],[-117.01207242759507,32.8361455596809],[-117.01208869598626,32.83614442586524],[-117.01210496737527,32.83614363833816],[-117.01212123578949,32.83614250726657],[-117.01213750717784,32.83614171973517],[-117.01215377500107,32.83614089649333],[-117.01215400929952,32.83614088405348],[-117.01217004985851,32.83614013367263],[-117.01218632148397,32.83613937361818],[-117.01220259272837,32.83613856958819],[-117.01221886085979,32.83613778206615],[-117.0122351355019,32.83613699450182],[-117.0122514068882,32.83613620695542],[-117.01226768110651,32.83613574645919],[-117.0122839526351,32.83613497539855],[-117.01230022699582,32.83613453138805],[-117.01231649838111,32.83613374383309],[-117.01233277274142,32.8361332998183],[-117.01234904705396,32.83613285030471],[-117.01236532146157,32.83613241178233],[-117.0123815958214,32.83613196776114],[-117.0123978699668,32.83613149900271],[-117.01239955929827,32.83613145902804],[-117.01241414482621,32.83613111269234],[-117.01243041889988,32.83613063568465],[-117.01244669325904,32.83613019165487],[-117.01246297087354,32.83612974760283],[-117.01247487611619,32.83612967410339],[-117.01247924495279,32.83612964713121],[-117.01248447228043,32.83612950491923],[-117.01249551931154,32.83612920309497],[-117.01251179990162,32.83612910257885],[-117.01252082731136,32.83612904684283],[-117.01252807398072,32.83612900210078],[-117.01253111075992,32.83612891738745],[-117.01254434831527,32.83612855530979],[-117.0125606256497,32.83612845480732],[-117.01257692242163,32.83612834318877],[-117.01259318031845,32.83612825379596],[-117.01260945765274,32.83612815328708],[-117.01262573498703,32.83612805277603],[-117.01264201232125,32.83612795226286],[-117.01265829287019,32.83612822277325],[-117.0126745699901,32.83612809752071],[-117.01268077605296,32.83612819112312],[-117.01269085030101,32.83612834054342],[-117.01270130686052,32.83612827596848],[-117.01270712763524,32.83612824002165],[-117.01272340473844,32.83612848855686],[-117.01273968528047,32.836128382514],[-117.01275596559162,32.83612862552813],[-117.01277224590288,32.83612886854011],[-117.01278212510893,32.83612905213938],[-117.01278852621421,32.83612911154994],[-117.01292204799594,32.83613378377979],[-117.01292223856407,32.83615577048874],[-117.01652474759632,32.8363588397909],[-117.01958692376729,32.83655867760321],[-117.01965970444472,32.83656356712165],[-117.01973828231469,32.83656869806336],[-117.02035149321122,32.83660861685625],[-117.02044679151531,32.83661478092663],[-117.02051735286408,32.83661866134772],[-117.02087186070042,32.83663823912859],[-117.02125458473088,32.83665921182619],[-117.02164871518873,32.83668148631585],[-117.02232976047817,32.83672224674757],[-117.02235556541883,32.83672379218429],[-117.02235555683403,32.83672392691385],[-117.02228862952313,32.8378233171961],[-117.02398596628124,32.83870122376425],[-117.02422751998542,32.83851641860361],[-117.02489704862829,32.83871051897194],[-117.02503061697729,32.83860856193438],[-117.02647690356653,32.83753542788379],[-117.0264801776441,32.8375327137809],[-117.02648133793701,32.83753175001215],[-117.02648249167042,32.83753078078759],[-117.02648364542802,32.83752981431139],[-117.02648479913712,32.83752884233854],[-117.02648594959065,32.83752787038605],[-117.02648710004419,32.83752689843363],[-117.02648824719371,32.83752592100497],[-117.02648939111189,32.83752494634511],[-117.02649053498152,32.83752396618856],[-117.02649167561992,32.83752298880079],[-117.02649281620978,32.83752200591633],[-117.02649395028864,32.83752102307286],[-117.02649509087846,32.83752004018839],[-117.02649622490871,32.83751905184816],[-117.02649735570768,32.83751806627676],[-117.02649848650664,32.83751708070534],[-117.02649961397729,32.83751608690937],[-117.02650074144796,32.83751509311339],[-117.02650186566305,32.83751409933788],[-117.02650298662263,32.83751310558281],[-117.02650410755793,32.83751210907939],[-117.02650522521344,32.83751110984809],[-117.02650634286893,32.8375101106168],[-117.02650745724463,32.83750910865761],[-117.02650857162031,32.8375081066984],[-117.02650968271618,32.83750710201138],[-117.02651079378784,32.83750609457594],[-117.02651189834837,32.83750508718148],[-117.02651299965342,32.83750407980742],[-117.02651410744517,32.83750306964412],[-117.02651520870167,32.83750205677337],[-117.02651630670258,32.83750104392313],[-117.02651740467927,32.83750002832453],[-117.02651849940041,32.83749901274638],[-117.02651959409728,32.83749799441988],[-117.02652068553859,32.83749697611385],[-117.02652177370011,32.83749595507994],[-117.02652286183738,32.83749493129771],[-117.0265239499504,32.83749390476709],[-117.02652503157657,32.83749288102574],[-117.02652611317846,32.83749185453608],[-117.02652719478039,32.83749082804636],[-117.02652827307821,32.83748979608046],[-117.02652934814481,32.83748876688338],[-117.02653041990733,32.83748773221007],[-117.02653149494962,32.83748670026456],[-117.02653256343234,32.83748566286337],[-117.02653363191503,32.83748462546214],[-117.02653469714218,32.83748358808139],[-117.0265357623208,32.83748254520399],[-117.02653682426813,32.83748150509535],[-117.02653788293574,32.8374804622588],[-117.02653894160326,32.83747941942226],[-117.02653999699098,32.83747837385787],[-117.02654105235449,32.83747732554512],[-117.02654209795141,32.83747627729378],[-117.02654315329056,32.83747522623266],[-117.0265442021187,32.83747417521248],[-117.02654525094681,32.83747312419234],[-117.02654628995985,32.83747206773688],[-117.02654733222839,32.83747101126095],[-117.02654837124143,32.83746995480547],[-117.0265494102059,32.83746889285332],[-117.0265504459633,32.83746783641831],[-117.02655147841675,32.83746677450707],[-117.02655251089433,32.83746571534415],[-117.02655354004369,32.83746464795672],[-117.02655456916874,32.83746357782089],[-117.02655559508678,32.83746251320225],[-117.0265566209563,32.83746144308689],[-117.0265576370835,32.83746037578132],[-117.0265586596732,32.83745930293806],[-117.02655967575184,32.83745823013576],[-117.02656069183044,32.83745715733349],[-117.02656170462929,32.8374560818033],[-117.0265627141726,32.83745500629358],[-117.02656372366738,32.8374539252872],[-117.02656472993088,32.8374528470496],[-117.0265657361701,32.83745176606364],[-117.02656673912954,32.83745068234987],[-117.02656773883345,32.83744959865649],[-117.02656873853734,32.83744851496311],[-117.02656973496143,32.83744742854188],[-117.02657073136125,32.8374463393723],[-117.02657172124998,32.83744525024364],[-117.02657271113873,32.83744416111497],[-117.02657370100324,32.83744306923798],[-117.02657468758792,32.83744197463312],[-117.02657567091704,32.83744088004872],[-117.02657665424617,32.83743978546429],[-117.02657763429555,32.83743868815199],[-117.02657861106506,32.83743758811183],[-117.02657958785885,32.83743649081999],[-117.0265805613486,32.83743538805194],[-117.02658153158281,32.83743428530435],[-117.02658250179275,32.83743317980843],[-117.02658346874715,32.83743207433295],[-117.02658443244606,32.83743096887792],[-117.02658539612064,32.8374298606746],[-117.02658635653974,32.83742875249173],[-117.02658731693448,32.83742764156047],[-117.02658827404952,32.83742652790139],[-117.02658922790896,32.83742541426275],[-117.02659017851288,32.83742430064459],[-117.02659112909257,32.83742318427807],[-117.02659207641668,32.83742206793201],[-117.02659302371652,32.83742094883762],[-117.0265939677366,32.83741982701533],[-117.02659490852541,32.83741870796187],[-117.0265958492899,32.83741758616005],[-117.02659678679885,32.83741646437868],[-117.02659772102805,32.83741533986947],[-117.02659865523295,32.8374142126119],[-117.02659958618234,32.83741308537481],[-117.02660051385196,32.83741195540983],[-117.02660143826603,32.83741082546531],[-117.02660236268007,32.83740969552083],[-117.02660328706985,32.83740856282792],[-117.02660420494855,32.837407430176],[-117.02660512280301,32.83740629477575],[-117.02660603740193,32.83740515939594],[-117.02660695197656,32.8374040212678],[-117.02660786329571,32.83740288316012],[-117.02660877459053,32.83740174230407],[-117.02660967935007,32.83740059874065],[-117.02661058413386,32.83739945792559],[-117.02661148889337,32.8373983143621],[-117.02661192674454,32.83739775641418],[-117.02661238714181,32.83739717083962],[-117.026613285366,32.83739602456878],[-117.02661418356588,32.83739487554958],[-117.026615075279,32.83739372931966],[-117.02661596694358,32.83739257759304],[-117.0266168553769,32.83739142863529],[-117.02661774376168,32.83739027418081],[-117.02661862891519,32.8373891224951],[-117.02661951078893,32.83738796808159],[-117.02662039263832,32.83738681091968],[-117.02662127123226,32.83738565377826],[-117.02662214657062,32.83738449665731],[-117.02662301862922,32.83738333680846],[-117.02662389068783,32.83738217695968],[-117.02662476272214,32.83738101436249],[-117.02662562824536,32.83737985180625],[-117.02662649374433,32.83737868650164],[-117.02662735598783,32.83737752121755],[-117.02662821497574,32.83737635595391],[-117.02662907393938,32.83737518794194],[-117.02662992967176,32.83737402269872],[-117.02663078207583,32.83737284923102],[-117.02663163450416,32.8373716785116],[-117.02663248365269,32.83737050506431],[-117.02663333280117,32.83736933161704],[-117.02663417541443,32.83736815546236],[-117.02663501805186,32.83736698205602],[-117.02663586064077,32.83736580315299],[-117.02663669674293,32.83736462703924],[-117.02663753279653,32.83736344542883],[-117.02663836561887,32.83736226658717],[-117.02663919841692,32.83736108499721],[-117.02664002793519,32.8373599006794],[-117.02664085422218,32.83735871913037],[-117.02664167720512,32.83735753210511],[-117.02664250021235,32.83735634782823],[-117.02664331993974,32.83735516082342],[-117.02664413638736,32.83735397109079],[-117.02664495283499,32.83735278135816],[-117.02664576928255,32.83735159162545],[-117.02664657593934,32.83735039920589],[-117.02664738585163,32.83734920676583],[-117.02664818925285,32.83734801436668],[-117.02664899914085,32.83734681917829],[-117.02664979598251,32.83734562132342],[-117.02665059610392,32.83734442619642],[-117.02665139292128,32.8373432255932],[-117.02665218650741,32.8373420277588],[-117.02665298006922,32.83734082717609],[-117.02665377037553,32.83733962661379],[-117.02665455740203,32.83733842332365],[-117.02665534117301,32.83733722005395],[-117.02665612491973,32.83733601403596],[-117.02665690541093,32.83733480803838],[-117.02665768590209,32.83733360204086],[-117.02665845985797,32.83733239333589],[-117.02665923381382,32.83733118463094],[-117.02666000776968,32.83732997592595],[-117.02666077516595,32.83732876176526],[-117.02666154261074,32.83732755310126],[-117.02666230675145,32.83732633896102],[-117.02666307089221,32.83732512482074],[-117.02666382849766,32.83732390797311],[-117.02666458612731,32.83732269387382],[-117.02666534370846,32.83732147427783],[-117.02666609480282,32.83732025747112],[-117.0266668458729,32.83731903791607],[-117.02666759368745,32.8373178183815],[-117.02666833822225,32.83731659611908],[-117.026669082757,32.83731537385665],[-117.02666982401198,32.83731414886629],[-117.02667056203565,32.83731292664481],[-117.02667129675534,32.83731169894706],[-117.02667203475478,32.83731047397724],[-117.02667276621889,32.83730924629997],[-117.02667349117196,32.83730801866368],[-117.02667422258756,32.83730678548971],[-117.0266749475406,32.83730555785341],[-117.0266756692139,32.83730432748924],[-117.02667638760737,32.83730309439717],[-117.02667710600085,32.83730186130511],[-117.02667782111457,32.83730062548519],[-117.02667853948374,32.8372993896448],[-117.02667924483087,32.83729815388629],[-117.0266799534335,32.83729691810728],[-117.02668065875633,32.83729567960043],[-117.02668136405492,32.83729443834521],[-117.02668206612223,32.83729319985884],[-117.02668276490975,32.83729195864456],[-117.02668346041746,32.83729071470244],[-117.02668415269397,32.83728947352912],[-117.02668484494617,32.83728822960745],[-117.02668514297932,32.83728769177798],[-117.02668553391857,32.83728698295793],[-117.02668621963547,32.83728573632885],[-117.02668690535235,32.83728448969981],[-117.02668758781368,32.83728324309119],[-117.02668826699525,32.83728199375476],[-117.02668894292134,32.83728074443872],[-117.02668961884736,32.83727949512276],[-117.02669029149358,32.83727824307891],[-117.02669096088434,32.83727699105548],[-117.0266916302508,32.83727573628376],[-117.02669229310619,32.83727448155297],[-117.0266929527061,32.83727322684265],[-117.02669361881699,32.83727197209139],[-117.02669427513709,32.83727071465321],[-117.02669493145717,32.837269457215],[-117.02669558449755,32.83726819704894],[-117.02669623430654,32.83726693965168],[-117.02669688406704,32.83726567675776],[-117.02669753059631,32.83726441663265],[-117.0266981738458,32.83726315377966],[-117.02669881381544,32.83726188819879],[-117.02669945057811,32.83726062813506],[-117.02670008401252,32.83725935984683],[-117.0267007207509,32.83725809703477],[-117.02670135418525,32.83725682874654],[-117.02670198113286,32.83725556324754],[-117.02670260805617,32.83725429500024],[-117.02670323169973,32.83725302402505],[-117.02670385536747,32.83725175579818],[-117.02670447249996,32.83725048486396],[-117.0267050896082,32.83724921118137],[-117.02670570348511,32.83724794026758],[-117.02670631733778,32.83724666660547],[-117.02670692467949,32.83724539298432],[-117.02670753199686,32.83724411661481],[-117.02670813605869,32.83724284026577],[-117.02670874012053,32.83724156391672],[-117.02670934092687,32.83724028758817],[-117.02670993522214,32.83723901130055],[-117.02671053272442,32.83723772949576],[-117.02671112371569,32.8372364477319],[-117.02671171473119,32.83723516871641],[-117.0267122992114,32.83723388699359],[-117.02671288366733,32.83723260252231],[-117.02671346814751,32.83723132079941],[-117.02671404609238,32.83723003636916],[-117.02671462729279,32.83722875191838],[-117.02671520198213,32.83722746750855],[-117.02671577339173,32.83722618037088],[-117.02671634480124,32.83722489323318],[-117.02671690967554,32.83722360338812],[-117.02671747782958,32.83722231627094],[-117.02671803944834,32.83722102644629],[-117.02671859781157,32.83721973664218],[-117.02671915615055,32.83721844408971],[-117.02671971125824,32.83721715430602],[-117.02672026634167,32.83721586177404],[-117.02672081488981,32.83721456653464],[-117.02672136346222,32.83721327404357],[-117.02672190875481,32.83721197882466],[-117.02672245079191,32.83721068362621],[-117.02672299280474,32.83720938567942],[-117.0267235315863,32.83720809050143],[-117.0267240670881,32.83720679259559],[-117.02672459933436,32.8372054947102],[-117.02672512830088,32.83720419409696],[-117.02672565726732,32.83720289348371],[-117.02672616665231,32.83720158749665],[-117.02672670543377,32.83720029231863],[-117.02672722463366,32.83719899176683],[-117.02672774380933,32.83719768846663],[-117.02672825972948,32.83719638518694],[-117.02672877236982,32.83719507917943],[-117.02672928177897,32.83719377594065],[-117.02672978462853,32.83719246724617],[-117.02673028750236,32.83719116130002],[-117.02673078704787,32.83718984712935],[-117.02673128669043,32.837188543952],[-117.02673178302895,32.83718723529847],[-117.02673227611194,32.83718592666543],[-117.02673277242616,32.83718461526352],[-117.02673326553337,32.83718330937882],[-117.02673375859207,32.83718199799745],[-117.0267342484195,32.83718068938479],[-117.02673473168745,32.83717937531649],[-117.02673521172407,32.83717806401699],[-117.02673569173646,32.83717674996915],[-117.02673616523779,32.83717543596219],[-117.02673663871488,32.83717411920695],[-117.02673710893649,32.83717280247219],[-117.0267375759268,32.83717148850622],[-117.02673802656685,32.83717016639766],[-117.02673850334784,32.83716885511857],[-117.0267389637786,32.83716753569691],[-117.02673942420938,32.83716621627523],[-117.0267398813846,32.83716489687401],[-117.02674033204882,32.83716357751373],[-117.02674077945753,32.83716225817393],[-117.02674122684193,32.83716093608576],[-117.02674167422636,32.83715961399768],[-117.02674211509974,32.83715829195044],[-117.02674255597314,32.83715696990328],[-117.02674299356677,32.83715564512824],[-117.02674342790488,32.83715432037364],[-117.02674385898749,32.83715299563951],[-117.02674429007004,32.83715167090541],[-117.02674471787287,32.83715034344342],[-117.02674514569989,32.83714901872982],[-117.02674556373617,32.83714769132924],[-117.02674598502794,32.83714636390823],[-117.02674639978449,32.8371450337798],[-117.02674681456523,32.83714370639974],[-117.02674722606618,32.83714237629181],[-117.02674763756713,32.83714104618387],[-117.0267480425571,32.83713971611684],[-117.02674844752281,32.83713838330151],[-117.0267488492572,32.83713705325501],[-117.02674924771188,32.83713572048061],[-117.02674964614228,32.83713438495791],[-117.02675003811014,32.83713305497275],[-117.02675043002951,32.83713171949095],[-117.02675081871764,32.83713038677801],[-117.02675120738148,32.83712905131672],[-117.02675158953429,32.83712771589634],[-117.02675197168712,32.83712638047599],[-117.02675235056019,32.83712504232776],[-117.02675272620196,32.83712370694834],[-117.02675305104114,32.83712251755837],[-117.02675307968583,32.837122443169],[-117.02675309525996,32.83712236336487],[-117.02675347092598,32.8371210307338],[-117.02675384003251,32.83711969264698],[-117.02675420585928,32.83711835183232],[-117.02675456845475,32.8371170137865],[-117.02675492777044,32.83711567301278],[-117.02675528708617,32.83711433223907],[-117.02675564314639,32.8371129914858],[-117.02675599595105,32.83711165075307],[-117.02675634547596,32.8371103072924],[-117.02675669502513,32.8371089665801],[-117.02675704129454,32.83710762313993],[-117.02675738105297,32.83710627974074],[-117.02675772406684,32.83710493632103],[-117.02675806054542,32.83710359019399],[-117.02675839379282,32.83710224683571],[-117.0267587270159,32.83710090072913],[-117.02675905698348,32.83709955464298],[-117.02675938369559,32.83709820857737],[-117.02675970715214,32.83709686253217],[-117.02676002735319,32.83709551650747],[-117.02676034752999,32.83709416773441],[-117.02676066773103,32.83709282170974],[-117.02676098139682,32.8370914729776],[-117.02676129506258,32.83709012424553],[-117.02676160221736,32.83708877555441],[-117.02676190934783,32.83708742411488],[-117.02676221324708,32.83708607544422],[-117.02676251712208,32.83708472402521],[-117.02676281774154,32.83708337262671],[-117.02676311185,32.8370820212691],[-117.02676340270298,32.83708066993199],[-117.02676369681141,32.83707931857442],[-117.02676398440884,32.8370779672578],[-117.02676426872654,32.83707661321329],[-117.02676455304419,32.8370752591688],[-117.02676483410634,32.83707390514474],[-117.02676511191301,32.8370725511412],[-117.02676538646416,32.83707119715812],[-117.02676566101529,32.83706984317504],[-117.02676592905541,32.83706848923293],[-117.02676619707135,32.83706713254247],[-117.02676646183168,32.83706577587252],[-117.02676672659207,32.83706441920249],[-117.02676698484139,32.83706306257348],[-117.02676724309075,32.83706170594442],[-117.0267674980846,32.83706034933585],[-117.02676774982292,32.83705899274776],[-117.02676799825726,32.83705763068352],[-117.02676824676432,32.83705627686422],[-117.02676849196737,32.83705491756876],[-117.02676873065946,32.83705355831422],[-117.026768972607,32.83705219903921],[-117.02676920804353,32.83705083980513],[-117.02676944022461,32.83704948059158],[-117.02676967238139,32.83704811862967],[-117.02676990130693,32.83704675943656],[-117.0267701269527,32.83704539751559],[-117.02677034934297,32.83704403561513],[-117.02677057173319,32.83704267371462],[-117.02677079086794,32.83704131183459],[-117.02677100674723,32.8370399499751],[-117.02677121937096,32.83703858813601],[-117.02677142873921,32.8370372263174],[-117.0267716348277,32.83703586177098],[-117.02677184094044,32.83703449997284],[-117.02677204377339,32.83703313544689],[-117.02677224335086,32.83703177094138],[-117.02677243969708,32.83703040920467],[-117.02677263601909,32.83702904471968],[-117.02677242968758,32.83701414921001],[-117.02695854261856,32.83704168648199],[-117.02810643427733,32.83721162188503],[-117.02941293353433,32.83740789601922],[-117.02949002668846,32.8374194753412],[-117.0298976789572,32.83756797524587],[-117.03114452634964,32.83774658319779],[-117.03126732490531,32.83776417461331],[-117.03149693039627,32.83771101463065],[-117.03170458632444,32.83774151149505],[-117.03371977130232,32.83803743963153],[-117.03593633393494,32.83833668211429],[-117.03667947755562,32.83843950475904],[-117.03667989808615,32.83843956529572],[-117.03668622179472,32.83840872268469],[-117.03674897253873,32.83810273481505],[-117.03726918731489,32.83556596024786],[-117.03754664342213,32.83521139502012],[-117.03756531895135,32.83518752896899],[-117.0378493532199,32.83482325190529],[-117.03843112919148,32.83407711136854],[-117.03842964983087,32.83407623579885],[-117.03724200054701,32.83337178814374],[-117.03716123504891,32.8333238800497],[-117.03674891484896,32.83306244620187],[-117.03674869876779,32.83306231015391],[-117.03660462824833,32.83297012275972],[-117.03769549716229,32.83190774936177],[-117.03773746854637,32.83186900277916],[-117.03817316944782,32.83144570374305],[-117.03812498805659,32.83144602497836],[-117.03791186724867,32.83144734365902],[-117.03427229382805,32.83145686722462],[-117.03108595270115,32.8293632667356],[-117.02988968317342,32.82857732468408],[-117.02895006015454,32.82795991703448],[-117.02891102953544,32.82793426970787],[-117.02887147832918,32.82790828209131],[-117.0285591689362,32.8277030648677],[-117.02425698154678,32.82493216348902],[-117.0207902376704,32.82266990471138],[-117.01842001818326,32.82112387983977],[-117.01620701788143,32.81968058988589],[-117.01535841294863,32.81912703038803],[-117.01481247087551,32.81877089732152],[-117.01476782314296,32.8187436697532],[-117.01476338589553,32.81874096798835],[-117.01475543218228,32.81873552027657],[-117.01470771968812,32.81870283393463],[-117.0144816686756,32.81855537565141],[-117.01437381890251,32.81848502243987],[-117.0139130113613,32.81818543621417],[-117.01390898829135,32.81818281980818],[-117.01204323895236,32.81697951487053],[-117.01193676772223,32.81691078914372],[-117.01182393020429,32.81683794689454],[-117.01119868414735,32.81642678162157],[-117.01110047177391,32.8163614233835],[-117.01010212995234,32.81571343356519],[-117.01003890626154,32.81566998165857],[-117.01002682078544,32.81566167591714],[-117.00996984681055,32.8156249481549],[-117.00996857357006,32.81562412663603],[-117.00989589700544,32.81557727867889],[-117.00977412028924,32.81549936366589],[-117.00976825189792,32.81549560961434],[-117.00921508436078,32.81513689921508],[-117.00914934080338,32.81509441057982],[-117.00904815620289,32.81502901678045],[-117.00898696794069,32.81498907195125],[-117.00675035451533,32.81354486009533],[-117.00675023921339,32.81354498310959],[-117.00601719818728,32.81307130882201],[-117.00593345553057,32.81301735483203],[-117.00593465121878,32.81301104798439],[-117.0059384857055,32.81299251346287],[-117.00593855103199,32.81299216125684],[-117.00594560296406,32.81295411478213],[-117.00594673521007,32.81294800071672],[-117.00595721502317,32.81289144969362],[-117.00595309153115,32.8126738938881],[-117.0059512765452,32.81257850234403],[-117.005959638638,32.81241594698137],[-117.00597506438314,32.81212726162766],[-117.00598169057143,32.81195131802788],[-117.00599006200746,32.81178910616562],[-117.00599843341261,32.81162689430275],[-117.00600831407252,32.81145093077359],[-117.00602522191321,32.81114574542686],[-117.00602956097433,32.81108250645472],[-117.00604655979066,32.81078831173781],[-117.00606481468579,32.81045013631685],[-117.00607478948211,32.81028516614329],[-117.0060813445312,32.81010097751654],[-117.00609200247767,32.80982606376331],[-117.00609736977731,32.80969307293932],[-117.00609936528517,32.80964309051568],[-117.00610138712857,32.80959238507916],[-117.00611072576821,32.80954285516155],[-117.0060884395422,32.80779125031253],[-117.00605065519586,32.80482132603842],[-117.00606005821381,32.802978590755],[-117.00606035960838,32.80291931508471],[-117.0060602327699,32.80290454275536],[-117.00606145282626,32.80285712391974],[-117.0060612378939,32.80267782782612],[-117.006061236714,32.8026776904091],[-117.00606082487226,32.80233560001466],[-117.00606065594945,32.80219577463043],[-117.00606247037302,32.80105283357504],[-117.00606294058991,32.80075624169446],[-117.0060626326871,32.80053086782198],[-117.00606279260612,32.80044336607878],[-117.00606406644707,32.7997502920912],[-117.00606427765699,32.79958537895807],[-117.00603751020869,32.79840911441867],[-117.00602769845766,32.79797773934595],[-117.00602899083005,32.7977496071898],[-117.00602904904559,32.79772795976668],[-117.00602922009263,32.79766449345587],[-117.00602921940835,32.79766441375396],[-117.00603132037344,32.79688382020064],[-117.00603138063344,32.79676499733544],[-117.00603141043089,32.79670516813515],[-117.00603081683555,32.79644612707547],[-117.00602961938066,32.79630664880413],[-117.00602934213796,32.79627435580533],[-117.00602813289021,32.79613350336388],[-117.00602905823646,32.79605138671262],[-117.00602832384135,32.79596584462014],[-117.00602690519457,32.79580060065848],[-117.006025418718,32.79562745521845],[-117.00602669737479,32.795587250797],[-117.00602602787154,32.7955092666405],[-117.0060257476833,32.79547663009927],[-117.00602459451333,32.79534230771467],[-117.00602423172111,32.79530004923397],[-117.00602239428871,32.795086022232],[-117.00602376762208,32.79505646760942],[-117.0060220138263,32.79504170524442],[-117.00602213369852,32.79486614504277],[-117.00602115464336,32.79475172337064],[-117.00602129734592,32.79472627152729],[-117.00602520075392,32.79465483374042],[-117.00602599102227,32.79440309242814],[-117.0060260716602,32.79437723418915],[-117.0060221570925,32.79430030058897],[-117.00601824253165,32.79422336698869],[-117.0060213774311,32.79401995991358],[-117.00602203702134,32.79390726799692],[-117.0060231684951,32.79384954288638],[-117.00602679885083,32.79370385095773],[-117.0060276488296,32.79361182098385],[-117.0060284837233,32.79352106639927],[-117.00603151608578,32.79336106127558],[-117.00603184272089,32.7933437685572],[-117.0060318617446,32.79332627433494],[-117.00603203040502,32.79317610983485],[-117.00603391580877,32.79301668616916],[-117.0060355968436,32.79295171818374],[-117.00603635862385,32.7929221920429],[-117.00603740454564,32.79285450419886],[-117.00603945509408,32.79271431891529],[-117.00604117531311,32.79253565686773],[-117.00604461682846,32.79236797821697],[-117.0060454714707,32.79228862422649],[-117.00604643140844,32.79220030953071],[-117.00604984930608,32.79202988253971],[-117.00605187622087,32.79188694891606],[-117.00605345483066,32.79169179682727],[-117.00605534016383,32.79153237316215],[-117.00605861645003,32.79134545612972],[-117.00605838050302,32.79131797272704],[-117.00620688406462,32.79131853075711],[-117.00646880234159,32.7913195122616],[-117.00661482956863,32.79132006298865],[-117.00662208295283,32.79132009273849],[-117.00704579345607,32.79132193643784],[-117.00714317904877,32.79132235883004],[-117.0090098510899,32.79133046706992],[-117.01080937171582,32.7913382546229],[-117.01442813048638,32.7913440806901],[-117.01786732265435,32.79132341095528],[-117.02020262894602,32.79134705213261],[-117.02274841444456,32.79137363857244],[-117.0229275595765,32.79137771985991],[-117.02313582779645,32.79137882052457],[-117.02336687245642,32.79138012170356],[-117.02359466331296,32.79138144284175],[-117.02381919734745,32.791382440415],[-117.0238972978496,32.79138298147721],[-117.02406000345772,32.79138367910387],[-117.02440494358468,32.79138563832205],[-117.02450249711104,32.79138625485169],[-117.02500696496196,32.79138941839101],[-117.02516966456716,32.79138943021922],[-117.0252412513909,32.79138932146464],[-117.02538442811094,32.79138945286967],[-117.02545926876873,32.79138932629822],[-117.02559268103329,32.79138917524136],[-117.02567728312071,32.79138898720466],[-117.02578791871424,32.79138897905988],[-117.02589530052197,32.79138899401649],[-117.02598966401429,32.79138874166041],[-117.02611331484722,32.79138865140453],[-117.02620768139073,32.79138874517218],[-117.02636062862653,32.79138984468936],[-117.02642895257704,32.79138872783268],[-117.02660792118181,32.79138862993616],[-117.02663069785052,32.79138848663719],[-117.02684871222016,32.7913881482231],[-117.02685523196149,32.7913894814364],[-117.02706998340484,32.79138812973454],[-117.02710252453318,32.79138826844065],[-117.02726522108017,32.79138793121653],[-117.02734983529238,32.79138911620161],[-117.02748323845462,32.79138793247547],[-117.02761014309446,32.79138782022616],[-117.0276849837234,32.79138768955694],[-117.02785094949205,32.79138870795729],[-117.02790950874051,32.79138765181244],[-117.02808847734141,32.7913875517694],[-117.02812426924515,32.79138732615413],[-117.0283195190853,32.79138850288498],[-117.0283292714049,32.79138741071031],[-117.0285277628851,32.79138718967904],[-117.02853427050376,32.79138714863569],[-117.02873604313233,32.79138999862564],[-117.02885645838447,32.79139198740094],[-117.02894107262199,32.7913931712953],[-117.02916238048242,32.791396925249],[-117.02972535927968,32.79140161861297],[-117.02985233086379,32.79140906198168],[-117.02997927487434,32.79141375690472],[-117.0302168306003,32.79141500412236],[-117.03033722156768,32.7914142431176],[-117.03049992119485,32.79141424517211],[-117.03059429690549,32.79141536621217],[-117.03070166349438,32.79141365652971],[-117.03084158645217,32.79141380218399],[-117.03089364740823,32.79141347285179],[-117.03105959779687,32.79141311004268],[-117.03108237446467,32.79141296592232],[-117.03130689647242,32.79141257570816],[-117.03133293609307,32.79141344157242],[-117.03152816466864,32.79141220568632],[-117.03154443371636,32.79141210268188],[-117.0317234023871,32.79141200011721],[-117.03173641762507,32.79141191769325],[-117.03193165229212,32.79141136825285],[-117.03213339762652,32.79141112081246],[-117.03220173067419,32.79141103138625],[-117.03232212772252,32.79141095552947],[-117.03251085476532,32.79141044641605],[-117.03275489961538,32.79140992980717],[-117.03288505198118,32.79140910441816],[-117.03300216467279,32.79140561311569],[-117.0331192773551,32.79140212170212],[-117.03334706230225,32.79140273776019],[-117.03359111935301,32.79140359366558],[-117.03365620469859,32.79140421117298],[-117.03383191954211,32.79140412620806],[-117.03393280292617,32.7914052061211],[-117.03411177155562,32.79140509734537],[-117.03418662445014,32.7914063396501],[-117.0343493179433,32.79140564954729],[-117.03441441553555,32.79140764082229],[-117.03480815084475,32.79140788389363],[-117.03485695493667,32.79140723278351],[-117.03495926742448,32.79140874252968],[-117.03500340388163,32.79140939359432],[-117.03508799678028,32.79140816848245],[-117.03519863545961,32.79140849544508],[-117.0353678457568,32.79140879323032],[-117.0353906316077,32.79140967894048],[-117.03560864903542,32.79140966584873],[-117.03571278316659,32.79141037730864],[-117.03584294470188,32.79141057942636],[-117.03601866568835,32.79141117843231],[-117.03607839099692,32.79141244170678],[-117.03609352168144,32.79141276312254],[-117.03636039532392,32.79141793454703],[-117.03647194168903,32.79141495914585],[-117.0365263127228,32.7914135078265],[-117.0365278450211,32.79141347057815],[-117.0365295626883,32.79141342115473],[-117.03669553146648,32.79141511201966],[-117.03717085342701,32.79142509043221],[-117.0373985260634,32.79142986919167],[-117.03738075811508,32.79126232458393],[-117.037363063949,32.7911030249762],[-117.03734554184371,32.7909629637052],[-117.03737462939289,32.79094079024237],[-117.037579853358,32.79078384772158],[-117.03774305709854,32.79065843710546],[-117.03804361438846,32.79042805037148],[-117.03804413460627,32.79030436495454],[-117.03804597200428,32.79017951401386],[-117.03804717080573,32.79009820874481],[-117.03804894900438,32.7899332879316],[-117.03805067801107,32.7897628704505],[-117.03805170583509,32.78957554872925],[-117.03805187039993,32.78954557538417],[-117.03805191515845,32.78953748628937],[-117.03804367629405,32.78952585780115],[-117.03788893111411,32.7893234572914],[-117.03773582272562,32.78912207683101],[-117.03756625598297,32.78889950039191],[-117.03751194011268,32.78882907329355],[-117.03726453184954,32.7888169090343],[-117.03698945807743,32.78880354642375],[-117.03678111923338,32.78879353702555],[-117.03636769539831,32.78877349644607],[-117.03636878457296,32.78877485550717],[-117.03637098591915,32.78877759821928],[-117.0361837840596,32.78876607890982],[-117.03599499522768,32.78875903297071],[-117.03599353268213,32.78875630753551],[-117.03599334405651,32.78875595418135],[-117.03580290372032,32.78874651628409],[-117.03558566818579,32.78883344579705],[-117.03537815967226,32.78891653386166],[-117.03518037823446,32.78899578052697],[-117.0349923271782,32.78907118581912],[-117.03481075222679,32.78914379840892],[-117.03462594185444,32.78921815459921],[-117.03443788353498,32.7892932155256],[-117.03424658339846,32.78936967100524],[-117.03405852749063,32.78944507489558],[-117.03387047126076,32.78952047849945],[-117.03367592862408,32.78959832792461],[-117.03348787173942,32.78967373094564],[-117.0332965760627,32.78975087203688],[-117.03311824309672,32.78982208730184],[-117.03293018833533,32.78989783576354],[-117.03267890480713,32.78999871852697],[-117.03246653153163,32.79008423743698],[-117.03244091960207,32.79013146767652],[-117.03235452987445,32.79029658107981],[-117.03235130662497,32.79030003712116],[-117.03229344067339,32.79037942294572],[-117.03223042238156,32.7904282644433],[-117.03208338553051,32.7905429148964],[-117.0319968929463,32.79054192096374],[-117.03198575671455,32.7905417881242],[-117.03187836726103,32.79054043450911],[-117.03176691858501,32.79053927416659],[-117.03167334554475,32.79053829736448],[-117.03162127596187,32.79053759639979],[-117.0316116091489,32.79054830800805],[-117.03160194538252,32.79055936315746],[-117.03159228466265,32.79057076184805],[-117.03158262396465,32.7905821632862],[-117.03157459010501,32.790593548926],[-117.03156493242668,32.79060529115635],[-117.03155690161142,32.7906170203369],[-117.0315488708428,32.79062875501361],[-117.03154084309641,32.79064083048338],[-117.03153281534779,32.79065290595262],[-117.03152641753658,32.79066531466295],[-117.0315183928324,32.79067773367317],[-117.03151199504177,32.79069014513109],[-117.03150559717616,32.79070254834367],[-117.03149920245484,32.79071530609117],[-117.03149280765855,32.79072805559334],[-117.03148804282564,32.79074114108565],[-117.03148165130402,32.79075389331496],[-117.03147688646807,32.79076697880684],[-117.03147211837693,32.79078006431912],[-117.03146735658659,32.79079349335253],[-117.03146421863997,32.79080656854437],[-117.031459456847,32.79081999757747],[-117.03145632194666,32.79083341631102],[-117.03145507734985,32.79083727207583],[-117.03145473772999,32.79083823619722],[-117.03138609706021,32.79080397103873],[-117.03130765892448,32.79076495799899],[-117.03131242378545,32.79075187251366],[-117.03131881858521,32.79073912027249],[-117.03132521338313,32.790726368031],[-117.03132998131169,32.79071362883525],[-117.03133637608178,32.79070087384485],[-117.03134277087439,32.79068812160244],[-117.03134916566513,32.79067536935973],[-117.03135556347763,32.79066295791023],[-117.0313635882522,32.79065054440725],[-117.03136998606089,32.79063813295704],[-117.03137638389215,32.79062572425482],[-117.03138440535785,32.79061330527443],[-117.03139080948716,32.79060124009279],[-117.03139883420241,32.79058882109086],[-117.03140686196356,32.79057674563035],[-117.0314148897225,32.7905646701693],[-117.03142291747923,32.79055259470773],[-117.03143094828208,32.79054086278754],[-117.03143576188546,32.79053327396814],[-117.03109086150477,32.79053545689962],[-117.03097047499899,32.79053621861879],[-117.0309672179679,32.79053623922531],[-117.03097523992207,32.7905231358948],[-117.03106507794887,32.79037998682371],[-117.03115813920867,32.79023304086302],[-117.03124797992042,32.79008989438672],[-117.03133941369086,32.7899429585862],[-117.03143245878981,32.78979429470942],[-117.03147889497168,32.7897208771636],[-117.03150947264092,32.78967253003374],[-117.03158622102856,32.78952087716385],[-117.03166617735307,32.78936370695094],[-117.0316826578261,32.78933137654479],[-117.03174453051535,32.78920998244982],[-117.03182607938479,32.78904936643191],[-117.03189212862213,32.78891942274014],[-117.03191402558518,32.78887634163026],[-117.03196998340468,32.78876536043546],[-117.03214172228923,32.78868456614219],[-117.03237178340828,32.78857591706021],[-117.03254675999351,32.78849338387109],[-117.03271849779414,32.78841258602711],[-117.03288051394246,32.7883363213947],[-117.03289347986221,32.78833074217871],[-117.03306527203448,32.78825613035444],[-117.03324031149496,32.78818081056166],[-117.03342831345192,32.78809956770665],[-117.03356445174036,32.78804064172483],[-117.03364183404217,32.78796078782667],[-117.03378369970231,32.78781421711658],[-117.03389375782115,32.78770157221846],[-117.03390461784811,32.78769045431901],[-117.0339239018238,32.78767053172628],[-117.03402874956289,32.78756220469247],[-117.03415126632031,32.78743533944353],[-117.03427701190786,32.78730570506522],[-117.03437585002901,32.78720517215466],[-117.03440277242404,32.78717778826811],[-117.03444378855488,32.78713521735123],[-117.03452367352499,32.78705230715533],[-117.0346478003782,32.7869237133649],[-117.03481385988924,32.78675397179318],[-117.03492526971316,32.78663301417545],[-117.0349294107782,32.78662851604805],[-117.03504750082078,32.78650030929558],[-117.03510880523984,32.78644220107925],[-117.03520237627632,32.7863536541817],[-117.03572424973966,32.78613249063476],[-117.03625587757197,32.7859071894675],[-117.03657965618011,32.78536367393018],[-117.03672070262216,32.78512640481703],[-117.03697162685428,32.78470043551214],[-117.03729762471116,32.78414701207102],[-117.0373667805179,32.78351166956866],[-117.03754362235203,32.78313395412934],[-117.03754876583696,32.78312297132343],[-117.03818564750777,32.7826654049741],[-117.03894213770006,32.7821218675973],[-117.03906585570692,32.78213035288903],[-117.03919608031755,32.78213948357639],[-117.03932956181971,32.78214897259009],[-117.03946304921703,32.78215838996116],[-117.03959002064246,32.78216720022849],[-117.03965544687392,32.78217102808334],[-117.03971697969814,32.7821746279534],[-117.03975411118356,32.78214278547026],[-117.03975427259999,32.78214264426438],[-117.03994637881151,32.78197513943472],[-117.03994781545904,32.7819738879219],[-117.03977369995661,32.78196881805817],[-117.03975417304321,32.78196825588134],[-117.03976080033617,32.78180021194959],[-117.03893220271242,32.7817392037206],[-117.03892885875321,32.78136588381238],[-117.03897440294089,32.78136624408094],[-117.03902971197276,32.78136668483047],[-117.0399062121389,32.78137359235241],[-117.03990664164182,32.78137359510063],[-117.04000292673135,32.78137293762514],[-117.04000199964786,32.78131999937177],[-117.03998045241568,32.78044983234057],[-117.03997728497714,32.78033356188799],[-117.03995462861039,32.77959379107139],[-117.04056524784323,32.77953339712467],[-117.04056064098239,32.77938225960938],[-117.04102863158788,32.77932429127411],[-117.04104352470893,32.77932229936271],[-117.04105957718089,32.77932006639703],[-117.04107561269412,32.77931775658021],[-117.04109163114977,32.77931535891893],[-117.04110762934388,32.7793128789307],[-117.04112361050501,32.77931031384634],[-117.04113909708038,32.77930774368468],[-117.04113957463311,32.77930766366583],[-117.04115551524615,32.77930493117922],[-117.04117143882608,32.77930211359652],[-117.04118733889091,32.77929921370776],[-117.04120321869384,32.77929623149205],[-117.04121907498153,32.77929316697035],[-117.04123490772925,32.77929001739426],[-117.04125072021496,32.77928678549124],[-117.04126650593197,32.7792834713031],[-117.04128226810886,32.77928007206064],[-117.041298006795,32.77927659326048],[-117.04131371868758,32.77927302942685],[-117.04132940058258,32.7792693860773],[-117.04134505893731,32.77926565767345],[-117.04134533488016,32.7792655899404],[-117.0413606938011,32.77926184971196],[-117.04137629211111,32.77925795677964],[-117.04139186367672,32.77925398431058],[-117.04140740524461,32.77924993232559],[-117.04142292001866,32.77924579530726],[-117.0414384015415,32.77924157879393],[-117.04145385304177,32.77923728001643],[-117.04146927129078,32.77923290174392],[-117.04148465954179,32.77922844395564],[-117.04150001451676,32.77922390392404],[-117.04151533296231,32.77921928167006],[-117.04153061818113,32.7792145826695],[-117.04154587012378,32.77920980142569],[-117.04156108556158,32.77920494070785],[-117.04157626449454,32.77920000051599],[-117.04159141017588,32.77919498082929],[-117.04160651609895,32.77918988168944],[-117.04162158226363,32.7791847030965],[-117.04163661192331,32.77917944502957],[-117.0416516051026,32.77917411023709],[-117.04166655201676,32.77916869603322],[-117.04168146570387,32.77916320508291],[-117.04169633635438,32.77915763195212],[-117.04171116729574,32.77915198486492],[-117.04172050824208,32.77914836839768],[-117.04172595522522,32.77914625834563],[-117.0417407001674,32.77914045514257],[-117.04175540212228,32.77913457525568],[-117.04177006106518,32.77912861593673],[-117.04178467704541,32.77912258268233],[-117.04179924678495,32.77911647276512],[-117.04181377353704,32.77911028616417],[-117.04182825079504,32.7791040229213],[-117.04184268506553,32.77909768299473],[-117.0418570731199,32.77909126915367],[-117.04187141168005,32.77908477867074],[-117.04188569751734,32.77907821431512],[-117.04189994364511,32.77907157600334],[-117.0419141370499,32.77906486381893],[-117.04192828093568,32.77905807224432],[-117.04194237540125,32.77905121227295],[-117.04195641711914,32.7790442756806],[-117.04195855156294,32.77904320381541],[-117.04195863900804,32.77904315927845],[-117.04197040936728,32.77903726519484],[-117.04197986329183,32.77903246613148],[-117.04198435217049,32.77903018356398],[-117.04199823574386,32.77902302810227],[-117.04201207310086,32.77901579872637],[-117.04202585450611,32.77900849824712],[-117.04203958318818,32.77900112389539],[-117.0420532559432,32.77899368118874],[-117.04206687597504,32.77898616460966],[-117.04208043680168,32.77897857694822],[-117.04209394492985,32.77897091816266],[-117.04210739385273,32.77896318829487],[-117.0421207868485,32.77895539007219],[-117.04212635016124,32.77895210839828],[-117.04213412389231,32.77894752074639],[-117.04214239222081,32.77894257811268],[-117.04214740173089,32.77893958033832],[-117.04216061713555,32.77893157161727],[-117.04217377986632,32.77892349452058],[-117.04218688016313,32.7789153491109],[-117.04219992125465,32.77890713261903],[-117.04221289993687,32.77889885056258],[-117.04222581943849,32.7788905001723],[-117.04223867648135,32.77888207872079],[-117.04225147113965,32.77887359445309],[-117.04226420336397,32.77886504187251],[-117.04227687315425,32.77885642097911],[-117.04228588491917,32.77885021475421],[-117.04228948378857,32.77884773450033],[-117.04229324401456,32.77884510754045],[-117.04230202227819,32.77883898526807],[-117.04231449833377,32.77883016772302],[-117.04232691198004,32.77882128461355],[-117.04233925671029,32.77881233598138],[-117.04235153903113,32.77880332178493],[-117.0423637525101,32.77879425031081],[-117.04237590030165,32.77878511054486],[-117.04238797917709,32.7787759052564],[-117.04239999243931,32.77876663992114],[-117.04241193353208,32.77875730908427],[-117.04242381226493,32.7787479181798],[-117.04243561885308,32.77873846452206],[-117.04244735004318,32.77872894813196],[-117.04245183286434,32.77872527210085],[-117.04245901887336,32.77871937167431],[-117.04247061555877,32.77870973246349],[-117.04248214014899,32.77870003599613],[-117.0424935925945,32.77869027677561],[-117.04250497292004,32.77868045755026],[-117.04251628437893,32.77867057829931],[-117.04252752046456,32.77866063906443],[-117.04253868120159,32.77865064259404],[-117.04254976986807,32.77864059161558],[-117.04255127360675,32.77863921321045],[-117.04256078641465,32.77863048063241],[-117.04257172433458,32.77862030968633],[-117.04258259343736,32.77861008421139],[-117.04259338393824,32.77859980152187],[-117.04260409909058,32.77858946159697],[-117.04261473564105,32.77857906445761],[-117.04262529686768,32.77856861283117],[-117.04263578277057,32.77855810671775],[-117.04264619009631,32.77854754613821],[-117.04265516483709,32.77853831678286],[-117.04265651882018,32.77853692834429],[-117.04266677224507,32.77852625881173],[-117.04267694383947,32.77851553483401],[-117.04268704013489,32.77850475911772],[-117.04269705462468,32.77849393170469],[-117.04270698728401,32.77848304984651],[-117.04271684464439,32.77847211624987],[-117.04272661694584,32.7784611309774],[-117.04273631071966,32.7784500967356],[-117.04274592263845,32.77843900530056],[-117.04275545285061,32.77842787316212],[-117.04276260915492,32.77841940032017],[-117.04276490448572,32.77841668655788],[-117.04277426783344,32.77840545104709],[-117.0427835526536,32.77839416656715],[-117.04279275243972,32.77838283315987],[-117.04280187049446,32.778371456301],[-117.04280393572729,32.77836884296171],[-117.04281090346568,32.77836002501819],[-117.04281985142759,32.77834854755639],[-117.04282871765822,32.77833702664308],[-117.04368404707373,32.77721564153286],[-117.04369270511319,32.77745436109024],[-117.04369530856826,32.7777432795616],[-117.04369822612081,32.77788652594125],[-117.04370067794162,32.77815861362419],[-117.04370487712536,32.77844408347203],[-117.0437094509488,32.77877112460061],[-117.04371543042804,32.77920504554296],[-117.04371619311804,32.77926043649379],[-117.04372065952134,32.77945532051447],[-117.04393240532318,32.77968322064334],[-117.04395592615113,32.77970857809564],[-117.0442330288533,32.78000732910933],[-117.04427075455753,32.78004346537969],[-117.04427241111011,32.78004505228028],[-117.04428641263084,32.78005846482972],[-117.04429480640206,32.78005119876854],[-117.0443062424316,32.78004142574278],[-117.04431775383171,32.78003171269768],[-117.04432934397975,32.78002207335399],[-117.04434101280137,32.78001249946666],[-117.04435276029662,32.78000299103564],[-117.04436458328638,32.77999355632694],[-117.04437647839336,32.77998418161976],[-117.04438684001374,32.77997613330906],[-117.04438845550173,32.7799748805929],[-117.0444005015483,32.77996564783346],[-117.04441262629329,32.7799564832786],[-117.04442482325463,32.77994738971848],[-117.04443709243243,32.77993836715311],[-117.04444943710483,32.77992941830984],[-117.04446185071545,32.77992053773392],[-117.04447433654256,32.77991172815265],[-117.0444868946109,32.77990299231435],[-117.04449952166712,32.77989433023998],[-117.04451222093981,32.77988573916018],[-117.0445154291791,32.77988359942037],[-117.04452498597175,32.77987722461359],[-117.04453781996685,32.77986878108245],[-117.04455072294985,32.77986041131516],[-117.04456369494559,32.77985211806004],[-117.04457673267586,32.77984389858955],[-117.04458751956471,32.77983719153667],[-117.04458983616556,32.77983575565216],[-117.04460300541459,32.77982768924778],[-117.04461623714488,32.77981969664899],[-117.04462953463458,32.7798117805832],[-117.04464289790853,32.77980394379865],[-117.04465632368857,32.77979618356801],[-117.04466980872128,32.77978849991216],[-117.04468335953831,32.77978089553756],[-117.04469696960808,32.7797733677377],[-117.04471063895546,32.7797659192609],[-117.04472437083379,32.77975855008621],[-117.04473542578252,32.77975270706924],[-117.04473816198977,32.77975126023458],[-117.04475200916998,32.77974404972688],[-117.04476591567747,32.77973692403887],[-117.04477987815969,32.77972987219812],[-117.04479389669103,32.77972290244959],[-117.04480797777831,32.77971601475139],[-117.04482210840801,32.77970920918733],[-117.04483629506213,32.77970248296707],[-117.0448428559118,32.77969942287111],[-117.04485053453696,32.77969584160827],[-117.04485672320706,32.77969300103933],[-117.04486483006103,32.77968928234159],[-117.04487917510285,32.77968280246066],[-117.04489357624357,32.77967641016847],[-117.04490802364879,32.77967009728293],[-117.04492252712815,32.77966386923772],[-117.04493707692167,32.77965772609583],[-117.04495167951121,32.77965166506687],[-117.04496632516158,32.77964568896209],[-117.0449810203795,32.7796397977396],[-117.0449812797562,32.77963969712319],[-117.04499576191168,32.77963399142019],[-117.04501055628964,32.77962827271047],[-117.04502539370375,32.77962263617646],[-117.04504027420364,32.77961708731485],[-117.04505520101789,32.77961162335637],[-117.04507017089315,32.77960624432193],[-117.04508518385431,32.77960095295988],[-117.04508841108334,32.77959983827029],[-117.04510023990142,32.77959574927014],[-117.04510999678678,32.77959244594294],[-117.04511533903442,32.7795906332528],[-117.04513047472189,32.77958560220134],[-117.0451456534954,32.77958065882213],[-117.04516087212643,32.77957580588458],[-117.04517613056539,32.77957103789192],[-117.04519142886188,32.77956636034077],[-117.04520675720633,32.77956176779745],[-117.04522212868663,32.77955726842295],[-117.04523753346822,32.77955285403525],[-117.04524576751888,32.7795794421172],[-117.04524948348697,32.77959281982262],[-117.04525292989791,32.7796062514861],[-117.04525610667714,32.77961972886273],[-117.04525901379976,32.77963324920415],[-117.04526164798749,32.77964680978301],[-117.0452629143403,32.77965409612196],[-117.04526400919057,32.77966040510272],[-117.04526512941497,32.77966772261657],[-117.04526609738403,32.77967403241486],[-117.0452679157963,32.7796876889502],[-117.04526945787092,32.77970136925406],[-117.04527072358285,32.7797150705781],[-117.04527171611102,32.77972878465629],[-117.04527243222665,32.779742514258],[-117.04527287510854,32.77975625111725],[-117.04527293822656,32.77976143986405],[-117.04527304150329,32.77976999525505],[-117.04527298716422,32.77977694929066],[-117.04527293453994,32.77978373290872],[-117.0452725477862,32.77979747236524],[-117.04527188439593,32.77981120261028],[-117.04527095085093,32.77982492085354],[-117.04526974061963,32.77983862438862],[-117.04526825367695,32.7798523104673],[-117.04526649320179,32.77986597082342],[-117.04526446244735,32.77987960543614],[-117.04526215485713,32.7798932088507],[-117.04526100261931,32.77989928219746],[-117.04525957688817,32.7799067755284],[-117.045257555251,32.77991637529561],[-117.04525672528692,32.77992030549031],[-117.04525360325705,32.77993379321868],[-117.04525021400219,32.7799472331959],[-117.0452465509906,32.77996062271556],[-117.04524262067933,32.77997395623905],[-117.04523978974562,32.77998292906712],[-117.04523874427842,32.78000767498232],[-117.04531415303109,32.78001351336966],[-117.04559927671278,32.77997928753563],[-117.04565989869673,32.77997223989804],[-117.04584953893402,32.77995018914745],[-117.0460770366337,32.77992226776767],[-117.0463305425975,32.77989211679541],[-117.04634353127078,32.77988928449914],[-117.04657417329159,32.77984931725855],[-117.04659041207607,32.77984646396],[-117.0466066573911,32.77984361336564],[-117.04662126960559,32.77984042425124],[-117.04663751164027,32.77983757092546],[-117.04665375056662,32.77983437405607],[-117.04666998949179,32.77983117718454],[-117.04668460483417,32.77982833435246],[-117.04670084390301,32.77982479391436],[-117.04671707957131,32.77982159705763],[-117.04673331849185,32.77981840017774],[-117.04674792761476,32.77981487025516],[-117.0467641665329,32.77981167337123],[-117.04678040234209,32.77980813294365],[-117.04679501146141,32.77980460301549],[-117.04681124401468,32.77980106260488],[-117.0468274830734,32.77979752215007],[-117.04683235381476,32.77979646001954],[-117.0468420921891,32.77979399221636],[-117.0468583248838,32.77979010823699],[-117.04687456068523,32.77978656779705],[-117.04688916668901,32.77978269431622],[-117.04690539937955,32.7797788103307],[-117.04692163209354,32.77977492909137],[-117.04693623806845,32.77977105285665],[-117.04695247075479,32.77976716886494],[-117.04696707675191,32.7797632953749],[-117.04698330632691,32.77975906783764],[-117.04699953590033,32.7797548402982],[-117.04700278658073,32.7797538023648],[-117.04715648344666,32.78020011321659],[-117.04717249156988,32.78025840429974],[-117.04735178646426,32.780209845633],[-117.04736152175965,32.78020703424733],[-117.04737775139748,32.78020280665816],[-117.04739235433796,32.78019858957628],[-117.04740858086249,32.78019401844158],[-117.04742318380002,32.78018980135607],[-117.04743941032135,32.7801852302173],[-117.04745401014551,32.78018066958665],[-117.04746860996821,32.78017610895427],[-117.04748483650951,32.78017154055786],[-117.04749943319359,32.780166633632],[-117.04751565984942,32.7801617189207],[-117.04753065457021,32.78015729315388],[-117.04753350360578,32.78015645294487],[-117.04769265321985,32.78048524359364],[-117.04771049712336,32.78047962853302],[-117.04772508750592,32.78047438080834],[-117.04773968439358,32.78046913303985],[-117.04775590783832,32.78046421831797],[-117.047770501469,32.7804589705669],[-117.04778509509799,32.7804537228141],[-117.04779968561344,32.78044813151806],[-117.04781590919254,32.78044287322581],[-117.04783049319741,32.78043728196819],[-117.04784509007263,32.78043203418727],[-117.04785968058069,32.78042644288416],[-117.04787427108688,32.78042085157932],[-117.04789048829095,32.78041524975681],[-117.04790507568116,32.78040931490683],[-117.04791966618164,32.78040372359662],[-117.04792614794033,32.78040127676162],[-117.04793425356796,32.78039778874322],[-117.04794884406468,32.78039219742957],[-117.0479585669116,32.78038801183087],[-117.04796343144713,32.78038626257272],[-117.04797801882762,32.78038032771413],[-117.04799260309362,32.78037404931235],[-117.04800719047012,32.78036811445032],[-117.04802177798541,32.78036183602406],[-117.04803636210451,32.78035590117962],[-117.04805094636231,32.78034962277093],[-117.04806553061802,32.78034334436053],[-117.04808011487165,32.78033706594839],[-117.04809469912318,32.78033078753455],[-117.04810928025967,32.7803241655775],[-117.04812386450701,32.78031788716021],[-117.04813681894142,32.78031127571896],[-117.04815140009642,32.78030465650527],[-117.0481659811994,32.78029803179317],[-117.04824520845231,32.78042395009016],[-117.04844284365728,32.78033197146189],[-117.04846342050404,32.78032276831991],[-117.04864851795689,32.78023998172312],[-117.04864861193144,32.78023993988763],[-117.04866338443784,32.77953932215006],[-117.04866340409632,32.77953897846124],[-117.048794705581,32.77944257463999],[-117.04899953534714,32.77929218703847],[-117.04903176687846,32.77927015809141],[-117.04933011789379,32.77906623946541],[-117.04936491990802,32.77904245673522],[-117.04939639874286,32.7790242667146],[-117.04940984017711,32.77901649761659],[-117.04941897698259,32.77901121630003],[-117.04945877373979,32.77898821749397],[-117.04947784679817,32.77897719617296],[-117.04964327366193,32.77888159557132],[-117.04965962796462,32.7788721447352],[-117.04971123152404,32.77884232179864],[-117.04999499412023,32.77869394142505],[-117.05011039837844,32.77863359501735],[-117.05024876410135,32.77856123987561],[-117.05090901973895,32.77818041351092],[-117.05137665256679,32.77793648908274],[-117.04952391074613,32.77720268501159],[-117.04934482728873,32.7772533041318],[-117.04907608003019,32.77732926746891],[-117.04874747329768,32.77732864608487],[-117.04865317786565,32.77733475329423],[-117.04867519192052,32.77689210347926],[-117.04873128527421,32.77590228302532],[-117.04879110823425,32.77592576170225],[-117.04878682707204,32.775814765414],[-117.04878038072971,32.77564761906098],[-117.04919584352267,32.77584270135038],[-117.04922800006572,32.77585799942604],[-117.04925698232017,32.7758706334597],[-117.04948800136569,32.77597099906088],[-117.04970501289188,32.77606603428204],[-117.05018251880526,32.77625700833784],[-117.05020500041807,32.77626600131642],[-117.0502294351807,32.77627484488942],[-117.05068096710052,32.77643826413723],[-117.05068301344751,32.776438972341],[-117.05068337164113,32.77643909644792],[-117.05112968248025,32.77658630983799],[-117.05115299994219,32.77659399924346],[-117.05117509566486,32.77660051815889],[-117.05165986874303,32.7767435159444],[-117.05167499907489,32.77674799940421],[-117.05169077340572,32.77675210488388],[-117.05215700077801,32.77687400007382],[-117.05217251979713,32.77687793124802],[-117.05227469762202,32.77690370004441],[-117.052798999031,32.77703599970489],[-117.05400274162601,32.77725260251444],[-117.05602800024644,32.77761700070024],[-117.05727785334375,32.77784234605739],[-117.05835199958233,32.77803600032882],[-117.05855696493948,32.778086090313],[-117.05973100157394,32.77837299906986],[-117.05977999868881,32.77838599956092],[-117.06024415635815,32.77852475573503],[-117.06081699936156,32.77869599941408],[-117.0608252723713,32.77869848398709],[-117.06177599946301,32.77898399897285],[-117.06192800820999,32.77902989116773],[-117.06228776095939,32.77913851171962],[-117.06229599991735,32.77914099916723],[-117.062303456854,32.77914291869978],[-117.06269999910498,32.77924500049178],[-117.06304566658505,32.77932092547267],[-117.06304600151421,32.77932099335298],[-117.06304649208288,32.7793210918157],[-117.06339101574601,32.77938415903289],[-117.06341199924077,32.77938800056612],[-117.06343245545078,32.77939093856724],[-117.06378099966022,32.77944099980323],[-117.0641286020997,32.77947941608183],[-117.06415199793969,32.77948200131827],[-117.06417594534386,32.77948371576127],[-117.06452908627281,32.77950900122999],[-117.06455699915868,32.77951100000899],[-117.06459322667955,32.77951231243828],[-117.06483300011307,32.77952099945378],[-117.06558061749627,32.77949265731833],[-117.06630986962543,32.77946500655475],[-117.06631000134828,32.77946500156081],[-117.06631069338599,32.77946498461549],[-117.06747830179512,32.77943609386998],[-117.0707130010198,32.77935599927217],[-117.07181399988603,32.77932899940001],[-117.07273499882442,32.77934000034495],[-117.07421500077756,32.77939300042875],[-117.07432038973364,32.77940096261295],[-117.07471799885927,32.77943099979338],[-117.07589399883635,32.77956499984545],[-117.07627100074326,32.77962100031473],[-117.07676299846989,32.77970000114311],[-117.08033475177805,32.78033832205581],[-117.08239799858843,32.78070700108434],[-117.08315399906026,32.78084199945673],[-117.08352000099802,32.78090899938138],[-117.08396900067287,32.78097399997974],[-117.08413188425941,32.78099118574473],[-117.08440499850937,32.78102000126123],[-117.08443542834512,32.78102201220447],[-117.08485900035848,32.78105000113889],[-117.08504600034711,32.7810570008516],[-117.08554800088447,32.78109600185889],[-117.08606800114644,32.78112199942627],[-117.08706307921086,32.78112976763683],[-117.08709299851975,32.78113000104639],[-117.08729463170053,32.78112267255462],[-117.08770158537746,32.78110786930911],[-117.08828899799495,32.78106700167765],[-117.0896008533481,32.78097713105225],[-117.09063460352827,32.78090630325973],[-117.09063899873098,32.78090600190981],[-117.09074400324815,32.78089454897624],[-117.09194999836768,32.78076299937292],[-117.09195035746791,32.78076295500864],[-117.09282699811564,32.78065500032966],[-117.09340591014903,32.78057537262146],[-117.09382299838919,32.78051800112376],[-117.09465692149482,32.78038964091566],[-117.0948170006193,32.78036500025689],[-117.09580600091375,32.78019800002941],[-117.0967297298194,32.78002576124717],[-117.09786000074932,32.77981500030469],[-117.09839199958836,32.77971799990267],[-117.09876083177986,32.77965311425299],[-117.10052629744757,32.77934251244153],[-117.10110153611498,32.77924130358718],[-117.10112600114444,32.77923699906644],[-117.10122261721867,32.77922159665604],[-117.10126396893087,32.7792150105082],[-117.10126389770902,32.77921487907124],[-117.10126288117949,32.77921296487814],[-117.10124199977157,32.77917500089177],[-117.10120382967371,32.77910268440164],[-117.10115787853306,32.77901771797593],[-117.1011380165228,32.7789821243984],[-117.10074700561782,32.77824822123275],[-117.10072370157411,32.77819341179061],[-117.10070049663332,32.77813841751145],[-117.10070042344148,32.77813825035719],[-117.10069477164248,32.77812540432739],[-117.10068922974067,32.77811248333024],[-117.10068365864043,32.77809957077962],[-117.10067805191477,32.77808667496533],[-117.10067241593761,32.77807378210091],[-117.10066675078859,32.77806090043131],[-117.10066104996108,32.77804803000142],[-117.10065531993521,32.77803516801799],[-117.10064956073748,32.77802231722944],[-117.10064389206123,32.77800974341559],[-117.10064376908808,32.7780094749098],[-117.10063794501355,32.77799664380737],[-117.10063209176727,32.77798382389976],[-117.10062620606934,32.77797101246107],[-117.1006202879463,32.77795821223956],[-117.10061434062494,32.77794542046456],[-117.10060836087857,32.77793263990678],[-117.10060235196042,32.7779198705438],[-117.10059631061723,32.77790711239799],[-117.1005902400758,32.77789436269864],[-117.10058413710935,32.77788162421646],[-117.1005780082245,32.77786889690668],[-117.100571840355,32.7778561753623],[-117.10056564339342,32.77784347325758],[-117.10055941720709,32.77783077685103],[-117.10055316184908,32.77781809163918],[-117.10054700674551,32.77780568058655],[-117.10054687406615,32.77780541764453],[-117.1005405571116,32.77779275484463],[-117.1005342077321,32.77778010326185],[-117.100527829181,32.77776746287383],[-117.10052141817849,32.77775483095466],[-117.10051946489101,32.77775100200701],[-117.10051497477755,32.77774221300089],[-117.10050850543183,32.77772960347114],[-117.10050200368778,32.77771700790686],[-117.10049546951886,32.77770442355967],[-117.10049203534446,32.77769784257021],[-117.10048890617838,32.77769185040721],[-117.10048231363989,32.77767928570112],[-117.10047568870306,32.77766673496046],[-117.10046903459471,32.77765419541449],[-117.10046234806153,32.77764166708562],[-117.10045563238342,32.77762915269978],[-117.10044888750726,32.77761664676028],[-117.10044211023288,32.77760415478615],[-117.10043544617253,32.77759193138496],[-117.10043530378698,32.77759167400674],[-117.10042846816967,32.77757920442198],[-117.10042160012762,32.77756674605424],[-117.10041469966086,32.77755429890366],[-117.10040777655571,32.77754186565113],[-117.10040082102591,32.77752944361568],[-117.10039383309793,32.77751703554565],[-117.10038681274523,32.77750463869258],[-117.10037976647446,32.77749225301181],[-117.10037268777901,32.777479878548],[-117.10036557993871,32.77746751802717],[-117.10035844295356,32.77745517144928],[-117.10035127351728,32.77744283334008],[-117.10034407818947,32.77743050915136],[-117.10033685046355,32.777418198928],[-117.10032959031301,32.77740589992162],[-117.10032230427099,32.77739361483573],[-117.10074102108977,32.77729178316591],[-117.10095083749393,32.77711992946999],[-117.10206001612828,32.77579717890085],[-117.10208699950307,32.77576499933382],[-117.10263800003786,32.77597600053276],[-117.10336400104433,32.77598700106518],[-117.10368999844931,32.77547100160638],[-117.10369284966578,32.77547758928866],[-117.10434951178497,32.7769947548525],[-117.10564081847036,32.77699221668505],[-117.10827300064345,32.77698700042372],[-117.10901674454736,32.77704333352128],[-117.1092500003073,32.77706100019161],[-117.10930115230262,32.77705807695439],[-117.10942499859158,32.77705100024652],[-117.110770999487,32.77651000131488],[-117.11077292661943,32.7765095295609],[-117.11102355967283,32.77644814626332],[-117.1111950006775,32.77633899977031],[-117.11148003063545,32.77622511404989],[-117.11148004612153,32.77622528366199],[-117.11148048880328,32.77622796654956],[-117.11151599846652,32.77644300022979],[-117.1115560001065,32.77661500010466],[-117.11164948508271,32.77692828115551],[-117.11168700101599,32.77705400044702],[-117.11172458565675,32.77717875039991],[-117.1117810014569,32.77736600043886],[-117.11178112891973,32.77736639189809],[-117.11180534443925,32.77744076985606],[-117.11182300064232,32.77749499965049],[-117.11182748256232,32.77750799077611],[-117.112136039078,32.77840241981656],[-117.11213895984777,32.77841088680135],[-117.11213898662747,32.77841096357245],[-117.11213901258037,32.77841103897509],[-117.11213964813489,32.77841289802278],[-117.11214972253522,32.77844238096286],[-117.1121745966154,32.77851517248761],[-117.11219781862194,32.77858313130641],[-117.11219993214428,32.77858931579767],[-117.11219997652188,32.77858944535458],[-117.11220587246733,32.77860669982935],[-117.11220700040664,32.77861000046416],[-117.11221288273495,32.7786258636024],[-117.11223997864288,32.77869894192895],[-117.11224000621591,32.77869901663314],[-117.11224776414696,32.77872284832888],[-117.11225399833407,32.77874199896923],[-117.11231300006921,32.77891799963228],[-117.11231310068263,32.778918306762],[-117.11242099888948,32.77924900073825],[-117.11250149514235,32.77949368952418],[-117.11257199868244,32.77970800151861],[-117.11263294844117,32.7798802106027],[-117.11276099815169,32.78024200160614],[-117.11287889988863,32.78057172445831],[-117.11287899857628,32.78057200068042],[-117.11292798683721,32.78071100540313],[-117.11297800024127,32.78085500109896],[-117.11300854733791,32.78094262840535],[-117.11317988797536,32.78143412408986],[-117.11318500335047,32.78144879763516],[-117.11319100003136,32.78146599982691],[-117.11324257445045,32.78162684590593],[-117.11324999928763,32.78165000099147],[-117.11342798378463,32.78220700314277],[-117.11346336248609,32.78231667942091],[-117.11355599814831,32.78260399993022],[-117.1137600010894,32.78324000063689],[-117.11383049615443,32.78343574516969],[-117.11383599813443,32.78345099935462],[-117.11403799870592,32.78391300018489],[-117.11413353117128,32.78419284399832],[-117.11413699844653,32.78420300019295],[-117.11413997428181,32.78421397269906],[-117.114213325497,32.78448459177964],[-117.11421700041373,32.78449800075047],[-117.11421832914556,32.78450566665246],[-117.11431502462381,32.78506337417525],[-117.11431599983706,32.78506899972405],[-117.11431678293337,32.78507925235525],[-117.1143390003775,32.78537000080621],[-117.11434399897898,32.78563200020393],[-117.11433240235009,32.78592383679094],[-117.11433199855928,32.78593399947417],[-117.11433069157171,32.78594695340674],[-117.11433066205919,32.78594734458846],[-117.1143099909152,32.78615203047065],[-117.11430982522566,32.78615321692448],[-117.11429799894161,32.78623500116394],[-117.11429792510994,32.78623543525789],[-117.11429769280713,32.78623679670831],[-117.11422699914169,32.78665100107801],[-117.11419979233223,32.78681606968401],[-117.11419700153284,32.78683300009907],[-117.11419265134944,32.78685449227212],[-117.11407900058163,32.78741600118806],[-117.11395426499749,32.78795513914771],[-117.11394800120661,32.78798200017086],[-117.11393755868258,32.78802238560996],[-117.11386612492522,32.78829851270064],[-117.1138659987499,32.78829900144362],[-117.11386594477185,32.78829913787249],[-117.11372645321178,32.78864972478423],[-117.11239103660506,32.79200577890904],[-117.11239096383298,32.79200599036531],[-117.11228599850763,32.79233799907108],[-117.1122006843122,32.79265644809499],[-117.11219999992598,32.79265900142789],[-117.11219942481948,32.79266166531207],[-117.11212982608055,32.79298374385765],[-117.11212700116251,32.79299700039449],[-117.11212572894325,32.7930053228248],[-117.11206786793846,32.79338382796091],[-117.11203799942875,32.7936249987973],[-117.11199555389376,32.79389004783587],[-117.1119929993848,32.79390600151446],[-117.1119916545576,32.79391954180268],[-117.11198309173099,32.79400352174424],[-117.11198121714889,32.79400516194998],[-117.11078157558745,32.79505467266694],[-117.11050534655027,32.79529303325677],[-117.1059633000942,32.79527077078688],[-117.10580780595635,32.79527000463479],[-117.10580704421534,32.7952699769337],[-117.10565228565623,32.79526922472572],[-117.1047093756799,32.7952645677016],[-117.10471007420831,32.7949110666546],[-117.10405189401916,32.79534781617203],[-117.10399681600371,32.79542115627508],[-117.10394964751039,32.79548396433779],[-117.10362662220925,32.79591221671591],[-117.1030243354718,32.79671069787415],[-117.10301494188616,32.79672191896398],[-117.10300554499086,32.79673313457895],[-117.10299613835788,32.79674435300894],[-117.10298672838864,32.7967555632158],[-117.10297731185577,32.79676676797026],[-117.10296788878587,32.79677797002061],[-117.10295845592502,32.79678916938939],[-117.10294901975455,32.79680036328328],[-117.10293957704702,32.79681155447309],[-117.1029301245219,32.79682274023301],[-117.10292066871379,32.79683392326636],[-117.10291120634204,32.79684510084729],[-117.10290173420597,32.79685627849496],[-117.10289225870693,32.79686744517111],[-117.10288277344357,32.796878611914],[-117.10287328489714,32.79688977593027],[-117.10286378653315,32.79690093451666],[-117.10285428485946,32.79691208762809],[-117.10284477339479,32.79692323805799],[-117.10283525539307,32.79693438578373],[-117.10282573730919,32.79694552526379],[-117.10281620620684,32.79695666483305],[-117.10280667179485,32.79696779892744],[-117.10279712759183,32.79697893034016],[-117.10278758007915,32.79699005627801],[-117.10277802277551,32.79700117953425],[-117.10276846216217,32.79701229731555],[-117.10275889175787,32.79702341241524],[-117.10274931804386,32.79703452204004],[-117.10273973453886,32.79704562898315],[-117.10273014772424,32.79705673045142],[-117.10272055111851,32.79706782923802],[-117.10271094469519,32.79707892259471],[-117.10270133824282,32.79709001320229],[-117.10269172522679,32.79710109835745],[-117.10268210567376,32.79711218080849],[-117.10267247632966,32.79712326057791],[-117.10266284364931,32.79713433212407],[-117.10265320120449,32.79714540373688],[-117.10264355545007,32.79715646987482],[-117.10263389987797,32.79716753058278],[-117.10262424102282,32.79717858856411],[-117.10261457560398,32.79718964109298],[-117.10260490039416,32.79720069094024],[-117.10259522190127,32.79721173806087],[-117.10258553359073,32.79722277975153],[-117.10257584197048,32.79723381596729],[-117.1025661405592,32.79724484950133],[-117.10255643258427,32.79725587758297],[-117.10254672458029,32.79726690291547],[-117.10253700353122,32.7972779255888],[-117.10252727917253,32.79728894278723],[-117.10251754825018,32.79729995453317],[-117.10250780753668,32.79731096359745],[-117.10249806351359,32.79732196718674],[-117.10249356325535,32.7973270445185],[-117.10248831295344,32.79733296807191],[-117.10247855257558,32.79734396352712],[-117.10247452221276,32.79734850165481],[-117.10246878891469,32.79735495625566],[-117.10245901871674,32.79736594628009],[-117.1024492419285,32.7973769281037],[-117.10243945862977,32.79738790997144],[-117.10242966551338,32.79739888640923],[-117.10242230609127,32.79740712502189],[-117.10241986908733,32.79740985737204],[-117.10241006612416,32.79742082563071],[-117.10240025659735,32.79743178843691],[-117.10239044053347,32.79744274853891],[-117.10238061790591,32.79745370318843],[-117.10237078871467,32.79746465238549],[-117.10236095301292,32.79747560162666],[-117.10235111072092,32.79748654266705],[-117.10234126189182,32.79749748100325],[-117.10233140652565,32.79750841663532],[-117.10232154459581,32.79751934681487],[-117.10231167938291,32.79753027426778],[-117.1023018076063,32.79754119626819],[-117.10229192275794,32.79755211286103],[-117.10228203462655,32.7975630267272],[-117.1022721432121,32.79757393786677],[-117.10226224197989,32.79758484357627],[-117.102252334184,32.79759574383325],[-117.10224242310507,32.79760664136366],[-117.10223250220842,32.79761753346396],[-117.10222257802869,32.79762842283762],[-117.10221264403127,32.79763930678119],[-117.10220270677729,32.79765019074646],[-117.10219275962591,32.79766106103675],[-117.10218281255179,32.79767193957117],[-117.10217285232612,32.79768280445303],[-117.10216288881742,32.79769366660823],[-117.10215291551758,32.79770452608172],[-117.10214884826338,32.79770895451306],[-117.10072864180673,32.79925241513802],[-117.10071908399745,32.79926353823491],[-117.10070970950299,32.79927477275641],[-117.10070053133974,32.799286118613],[-117.10069314073826,32.7992955419405],[-117.10069154950772,32.79929757580459],[-117.10068275416508,32.79930913615362],[-117.10067703964772,32.79931688783395],[-117.10067415510071,32.79932080234116],[-117.10066575228798,32.79933257161888],[-117.10065755218216,32.79934443844541],[-117.10064954502091,32.799356402888],[-117.1006417437942,32.79936846210868],[-117.10063414522143,32.79938061338164],[-117.10062675253013,32.79939285393613],[-117.10061956246631,32.79940518379461],[-117.10061258473925,32.79941759739324],[-117.10060975832688,32.79942281428922],[-117.10060819804744,32.79942569447822],[-117.10060581606832,32.79943009200612],[-117.1006026561259,32.79943615499077],[-117.10059964313677,32.7994419338669],[-117.10059925645362,32.79944266763329],[-117.10059290912272,32.79945532150407],[-117.1005867740227,32.79946804812185],[-117.10058085118007,32.79948085023492],[-117.10057514702353,32.79949371955355],[-117.10056965829908,32.79950665610021],[-117.10056929270613,32.79950755188297],[-117.10056438823423,32.79951965710414],[-117.10055934008329,32.79953272254305],[-117.10055809382361,32.79953610629256],[-117.1005545039513,32.79954583874245],[-117.10054989298742,32.79955901935447],[-117.10054550708557,32.7995722533857],[-117.10054133968458,32.7995855353845],[-117.10053904548268,32.79959329372673],[-117.10053739731924,32.79959886805423],[-117.10053453849416,32.79960915341319],[-117.10053367668255,32.79961224592085],[-117.10053018428263,32.79962566893938],[-117.10052691678602,32.79963912888739],[-117.10052387421932,32.79965262851321],[-117.10052106306421,32.79966616502366],[-117.10051847347887,32.79967973024105],[-117.10051611527892,32.79969332959487],[-117.10051554516205,32.79969697254202],[-117.10051398510403,32.79970695211417],[-117.10051296860526,32.79971424540148],[-117.10051208298091,32.79972060054729],[-117.10051041211065,32.79973426937528],[-117.10050896921275,32.79974795587209],[-117.10050775754142,32.7997616600154],[-117.10050677378955,32.79977537633102],[-117.10050602446547,32.79978910477408],[-117.10050550300797,32.79980283989273],[-117.10050521264472,32.79981657891634],[-117.10050515337585,32.79983032184484],[-117.10050532514832,32.79984406318159],[-117.10050549915474,32.7998499492784],[-117.10050572793577,32.79985780017828],[-117.10050616383954,32.79986721629849],[-117.10050636173828,32.79987153283491],[-117.10050690493711,32.7998806019044],[-117.10050909644811,32.79989421938614],[-117.1005103003997,32.79990195362745],[-117.10051121970315,32.79990784558363],[-117.10051328766559,32.79992147491051],[-117.10051529708123,32.79993510738925],[-117.10051724480221,32.7999487540355],[-117.10051913397639,32.79996240383362],[-117.10052096460373,32.79997605678356],[-117.10052273348319,32.7999897184044],[-117.10052444381574,32.80000338317711],[-117.10052609240034,32.80001705662065],[-117.10052768243803,32.80003073321611],[-117.10052921718291,32.80004441294102],[-117.10053068364492,32.80005809863331],[-117.10053209484056,32.80007179020338],[-117.10053344423511,32.80008548494773],[-117.10053473508252,32.80009918284394],[-117.10053596740937,32.8001128866403],[-117.10053713790845,32.80012659086267],[-117.10053731552833,32.80012880768167],[-117.10053824663277,32.8001403010076],[-117.10053905111245,32.80015081399002],[-117.10053929680994,32.80015401430443],[-117.10054028843984,32.80016773075312],[-117.10054121826839,32.80018145037612],[-117.10054208954971,32.80019517315097],[-117.10054289905609,32.80020890184842],[-117.10054364993552,32.80022262545278],[-117.10054433904004,32.80023635497975],[-117.10054496959717,32.8002500876586],[-117.10054553832622,32.80026382076348],[-117.10054604850782,32.80027755702018],[-117.10054649686131,32.80029129370286],[-117.10054688664073,32.80030503078913],[-117.10054722112679,32.80031877100482],[-117.10054748727632,32.80033251169136],[-117.10054769485176,32.80034625278146],[-117.10054784385308,32.80035999427508],[-117.10054793102606,32.80037373619472],[-117.10054795962482,32.8003874785179],[-117.10054792962279,32.8004012184963],[-117.1005478467938,32.80041353236512],[-117.10054732531255,32.80042726473566],[-117.10054674525691,32.80044099750974],[-117.10054610662677,32.80045473068742],[-117.10054541262319,32.80046845874958],[-117.10054466007163,32.80048218996364],[-117.10054385209348,32.80049591056549],[-117.1005429855673,32.80050963431923],[-117.10054206041345,32.80052335297992],[-117.10054107993909,32.80053707202169],[-117.10054004409113,32.80055078594797],[-117.10053894961537,32.80056449478116],[-117.10053779979246,32.80057820124712],[-117.10053659139491,32.80059190811665],[-117.10053532434289,32.8006056071448],[-117.10053400194371,32.80061930380569],[-117.10053262419727,32.8006329980994],[-117.1005311877698,32.80064668180338],[-117.10052969604818,32.80066036863672],[-117.1005281456986,32.800674050377],[-117.10052653994856,32.80068772425346],[-117.10052487557047,32.80070139303675],[-117.10052315584507,32.80071505945286],[-117.100522855851,32.80071735652053],[-117.10052137746499,32.8007287180275],[-117.10051954371092,32.80074237148663],[-117.10051765786352,32.80075602255609],[-117.10051570685313,32.80076966582897],[-117.10051550551188,32.80077105795914],[-117.10035989194601,32.80184404650991],[-117.10035716215641,32.80185759344962],[-117.10035388804215,32.80187105343791],[-117.10035236445489,32.80187639053315],[-117.10035007597872,32.80188441268835],[-117.10034859649575,32.80188892492854],[-117.10034573231496,32.80189765466609],[-117.10034086017217,32.80191076560716],[-117.10033546589929,32.80192372897665],[-117.1003295558717,32.80193653098804],[-117.10032488986286,32.80194571289637],[-117.1003231364915,32.80194916060319],[-117.10032073730966,32.80195347029142],[-117.10031621405443,32.80196159579062],[-117.10030880149756,32.80197382821566],[-117.10030090191563,32.80198584136581],[-117.10029740532238,32.80199075503742],[-117.10029252168415,32.80199762145457],[-117.1002882536031,32.80200318908651],[-117.10028367694132,32.80200915462816],[-117.10027438059753,32.80202042980358],[-117.10026463577417,32.80203143321672],[-117.10025445212769,32.80204215380689],[-117.10025119361944,32.80204543597458],[-117.10022932314246,32.80247710172345],[-117.10042425565969,32.80406956159049],[-117.10056577942751,32.80525343649975],[-117.09793425630723,32.8068180119128],[-117.09654033647838,32.80803687701829],[-117.09651766956057,32.80805667049054],[-117.09592050588581,32.80857814443947],[-117.09573448247399,32.80882877404176],[-117.09529716774009,32.80941795860682],[-117.09437424128305,32.81024279179708],[-117.0935673088382,32.81097211486507],[-117.09344664521244,32.81432066749417],[-117.0926263151354,32.81505735639931],[-117.08809057130398,32.81551970303814],[-117.08770663269668,32.81512828058325],[-117.08524695126907,32.81278929117295],[-117.08376560787778,32.81135606638266],[-117.0820370240687,32.80969767813586],[-117.0815565335659,32.81017940642248],[-117.08083019777004,32.80942270960701],[-117.08052129698663,32.8091087104276],[-117.08051042438824,32.80909848768481],[-117.08049967458014,32.80908817066619],[-117.08048904758822,32.80907776211997],[-117.08047854669287,32.80906726477269],[-117.0804759472264,32.8090646107161],[-117.08047571059888,32.80906436769126],[-117.08046817189405,32.80905667862438],[-117.08045792319177,32.80904600367504],[-117.08044780386638,32.80903524265116],[-117.0804378138919,32.80902439280446],[-117.08042795657467,32.80901345960969],[-117.08040567879119,32.80898864757454],[-117.07955599833002,32.8093060008767],[-117.07929400095603,32.80939099926138],[-117.07865600025434,32.80946800001553],[-117.07817400044765,32.80955700102124],[-117.07774399780678,32.809678001382],[-117.07747099989285,32.80979900075851],[-117.07705517958432,32.80993062554934],[-117.07705400001328,32.80993099900129],[-117.0770545510254,32.80998411555152],[-117.07703951267912,32.81126216940104],[-117.07509177069997,32.81250103127272],[-117.07261978695179,32.81441948643677],[-117.07056791955183,32.81497734230454],[-117.06916036148432,32.81657311299659],[-117.06860426659503,32.81655809748006],[-117.06886175689773,32.81701156326369],[-117.06807089297891,32.81737136169331],[-117.06836760719985,32.8184770398714],[-117.06783420930903,32.81852250497194],[-117.06766833545615,32.8185366423693],[-117.06634562021101,32.8226214149645],[-117.06533722051925,32.8226967897649],[-117.06537541222595,32.82336690138163],[-117.06544605199772,32.82460627619957],[-117.06528934300384,32.82449670868823],[-117.06465709832908,32.82405465470003],[-117.06408306480961,32.82365329554089],[-117.06432644742586,32.82533102200227],[-117.06379237375096,32.82606342194091],[-117.06181905778278,32.82876940847868],[-117.06179043900011,32.82743107921441],[-117.06299964087583,32.82477082847281],[-117.06142947545226,32.8239401135892],[-117.05883251535855,32.82507853708463],[-117.05711590196444,32.82608403961073],[-117.05617091135196,32.82723940472504],[-117.0549749025392,32.82719809665969],[-117.05413800918241,32.82823698569423],[-117.05358443974997,32.82800102764303],[-117.05312817622263,32.82780654400886],[-117.0528298816003,32.82775181517609],[-117.05273380877441,32.82773418972232],[-117.05226102897501,32.82767200731831],[-117.05225844417517,32.82768557418471],[-117.05225562144834,32.82769910961478],[-117.05225256397441,32.82771260534241],[-117.05224927177834,32.8277260641159],[-117.05224574480985,32.8277394804386],[-117.05224198627398,32.82775284879262],[-117.05223799619567,32.82776617192633],[-117.05223635694026,32.82777133050426],[-117.05223377452471,32.82777944434303],[-117.05223261449781,32.82778289299304],[-117.05222932121089,32.82779266054597],[-117.05222463953432,32.82780582326239],[-117.05222321952134,32.82780967762986],[-117.05207761441771,32.82826412488762],[-117.05196758948854,32.82869360446397],[-117.0519641798253,32.82870704200413],[-117.05196094296114,32.82872050865549],[-117.05195788217641,32.82873400714521],[-117.05195499088569,32.82874752927059],[-117.05195363001248,32.82875430489945],[-117.05195227236928,32.82876107775883],[-117.05195097467113,32.82876799864757],[-117.05194972988238,32.82877465258883],[-117.0519473601199,32.82878824828507],[-117.05194516633708,32.82880186482641],[-117.05194314525376,32.82881549948566],[-117.05194129687001,32.82882915226284],[-117.05193962769631,32.82884282311569],[-117.05193813117228,32.82885650658986],[-117.05193681055319,32.82887020266418],[-117.05193651109714,32.82887378039901],[-117.05193566583911,32.8288839113386],[-117.0519350027471,32.82889331274439],[-117.05193469698007,32.8288976271165],[-117.05193390400117,32.82891135274627],[-117.05193328687746,32.82892508547957],[-117.05193284558402,32.828938822568],[-117.05193258012086,32.82895256401167],[-117.05193248718284,32.82896630433496],[-117.05193257656067,32.82898004622281],[-117.05193283846378,32.82899378699036],[-117.05193327612245,32.82900752386804],[-117.0519333212934,32.82900855151135],[-117.05193389279191,32.8290212568348],[-117.05193458125302,32.82903322205394],[-117.05193462324435,32.82903390065916],[-117.05193468191185,32.82903498043622],[-117.05193564678754,32.82904870014782],[-117.05193678734396,32.82906240772458],[-117.05193810360629,32.82907610591485],[-117.05193959552449,32.82908978922197],[-117.05194126309867,32.82910345764593],[-117.05194310307365,32.82911711120785],[-117.05194512844538,32.82913074707486],[-117.05194555399747,32.82913350654749],[-117.05195955127058,32.82924060690264],[-117.05198411543704,32.82943559043059],[-117.05198463368995,32.82943887701186],[-117.05198515877882,32.8294421992792],[-117.0519862643952,32.82944921175191],[-117.05198803281988,32.82946287127488],[-117.05198941740551,32.82947656352395],[-117.05199041482169,32.82949028027535],[-117.05199094954796,32.82950216403776],[-117.05199103150342,32.82950401324175],[-117.05199126409531,32.82951775145103],[-117.05199110931676,32.82953149217596],[-117.05199057034783,32.82954522715043],[-117.05199025218622,32.82954996761968],[-117.05198964711316,32.82955894812943],[-117.05198863959453,32.82956949239715],[-117.05198833951241,32.82957264411964],[-117.05198665077555,32.82958631235156],[-117.0519845775471,32.82959994185298],[-117.05198373459405,32.82960460877251],[-117.05198212303202,32.82961352710613],[-117.05198120272988,32.82961792242707],[-117.05197929038513,32.82962705709645],[-117.05197607632608,32.82964052909682],[-117.05197248728999,32.82965393481984],[-117.0519685264067,32.82966726050272],[-117.0519641904209,32.82968050616657],[-117.05195948576768,32.82969366352406],[-117.05195722220839,32.82969962321523],[-117.05192870664231,32.82978022931377],[-117.05170966945123,32.83039934517898],[-117.05170383197225,32.83041216082167],[-117.05169590019415,32.8304241462722],[-117.05169364677663,32.83042693413085],[-117.05088115095049,32.83129248440326],[-117.05087084322092,32.83130311920655],[-117.05086022130665,32.83131357189734],[-117.05084935937909,32.83132376503676],[-117.05083819293263,32.83133376500695],[-117.0508267542201,32.83134353861667],[-117.05081504649672,32.83135308584485],[-117.0508030794533,32.83136239838298],[-117.05079085632019,32.83137147346154],[-117.05077838353299,32.83138030279337],[-117.05076946622778,32.83138632484572],[-117.05076567088248,32.83138888906327],[-117.05076301367116,32.83139059661642],[-117.05075272470437,32.8313972129907],[-117.05073955158417,32.83140528277836],[-117.05072615470235,32.83141309016005],[-117.05071255031025,32.83142063228188],[-117.05069873835802,32.8314279036471],[-117.05068472856158,32.83143489869562],[-117.05067053066186,32.83144161461576],[-117.05065875791939,32.83144688009784],[-117.05065614788923,32.83144804863808],[-117.05064945753411,32.83145087348848],[-117.05064158998464,32.83145419795074],[-117.05062686666413,32.83146005699381],[-117.05062225342134,32.83146182120077],[-117.05048432858153,32.83151551659361],[-117.05011758144062,32.83165829728308],[-117.04887048495506,32.83214379775309],[-117.04885585066653,32.83214980717466],[-117.04884429375652,32.83215484296132],[-117.04884138506553,32.83215610959206],[-117.04883864565068,32.83215737512778],[-117.04882710442864,32.83216270490008],[-117.04881301521652,32.83216958755999],[-117.0487991271699,32.8321767547604],[-117.04878544674966,32.83218420096259],[-117.04877627163448,32.83218946045613],[-117.04877198364669,32.8321919178584],[-117.04876068385475,32.83219874124304],[-117.04875874119107,32.83219991367195],[-117.04875058709389,32.83220504012906],[-117.04854341884649,32.83233555903926],[-117.04838413352037,32.83244793033544],[-117.04837610148054,32.83245359743156],[-117.04671896121484,32.83362264319225],[-117.04670649098044,32.83363147483995],[-117.04669408975305,32.83364037750201],[-117.04669136003362,32.83364236303208],[-117.04668176076301,32.83364934840912],[-117.04666949747484,32.83365838485499],[-117.04665730970429,32.83366749227327],[-117.04664519091578,32.83367666795769],[-117.04663314759523,32.83368590911792],[-117.0466211700013,32.83369521856527],[-117.04660926787521,32.83370459348851],[-117.04660283900854,32.83370972516467],[-117.0465974412171,32.83371403388761],[-117.04658568677148,32.83372353978355],[-117.04657400781858,32.83373311390378],[-117.04656240430874,32.83374275075161],[-117.04655087626675,32.83375245307538],[-117.04653942364291,32.83376221537846],[-117.04652804651181,32.83377204590588],[-117.04651674805426,32.83378193639166],[-117.04650552831993,32.83379189233246],[-117.04649438400374,32.83380190825268],[-117.04648331838595,32.83381198687965],[-117.04648034488123,32.83381473530964],[-117.04647233472194,32.83382212819242],[-117.04646431897072,32.83382962280496],[-117.04646142647613,32.83383232948464],[-117.04645060015918,32.83384259071433],[-117.04643985577115,32.83385291188153],[-117.04642919005667,32.83386329300728],[-117.0464186062711,32.83387373407055],[-117.04640810438967,32.83388423232309],[-117.04639768115688,32.83389478778591],[-117.0463873463887,32.83390540589264],[-117.04637709349973,32.83391607844036],[-117.04636692251488,32.83392680817746],[-117.0463568366647,32.83393759233453],[-117.04634683599888,32.83394843640833],[-117.04634437643719,32.83395113754509],[-117.04633691718743,32.83395933217485],[-117.046329072164,32.83396806799612],[-117.04632708676607,32.83397028234044],[-117.04631734152909,32.83398129242282],[-117.04630768137713,32.83399235142863],[-117.04629810635983,32.83400346485466],[-117.04628862298804,32.83401463265879],[-117.04627922472612,32.83402585213484],[-117.0462699116239,32.83403712877941],[-117.04626069006768,32.83404844880887],[-117.04625155690167,32.83405982323762],[-117.046242512101,32.83407124931726],[-117.04623355564085,32.83408272429958],[-117.04622469077653,32.83409424816355],[-117.04622084946662,32.83409931641265],[-117.04621591753302,32.83410582365753],[-117.04621060042174,32.83411293805384],[-117.0462072326052,32.83411744530589],[-117.04619863927337,32.83412911583594],[-117.04619013428207,32.83414083526873],[-117.04618172411735,32.83415260081392],[-117.04617340554864,32.83416441524091],[-117.04616518175679,32.83417627028374],[-117.046157049561,32.83418817420837],[-117.04614900893651,32.83420012426649],[-117.04614106311377,32.8342121176888],[-117.04613320883749,32.83422415449635],[-117.04612544936303,32.83423623466811],[-117.04611855502202,32.83424714115319],[-117.04611778469044,32.83424835820413],[-117.04611021481976,32.83426052510442],[-117.04610274623698,32.83427273257868],[-117.04609914422272,32.83427870353535],[-117.04609536266511,32.83428498073188],[-117.04608808366142,32.83429727218648],[-117.04608089943483,32.83430960425704],[-117.04607380993578,32.83432197144697],[-117.04606681523882,32.83433438200127],[-117.04605991852479,32.834346827654],[-117.04605312309886,32.83435931388082],[-117.04604642568071,32.83437183795443],[-117.04604261379947,32.83437908281408],[-117.04603981975976,32.83438439991679],[-117.04603331507721,32.83439699695662],[-117.04602690837783,32.83440962909495],[-117.04602503141132,32.83441339563361],[-117.04602059968637,32.83442229908014],[-117.04601439220866,32.8344350013945],[-117.04600828271417,32.83444773880743],[-117.04600227445835,32.8344605112979],[-117.04599636741635,32.83447331611761],[-117.04599055835764,32.83448615603589],[-117.04598485046311,32.83449902278684],[-117.0459792405272,32.834511921888],[-117.04597373506058,32.83452485329754],[-117.04596995264062,32.83453391746686],[-117.04596832755264,32.83453781705733],[-117.04596302446446,32.83455080762881],[-117.04595782259034,32.83456383052964],[-117.04595392781889,32.8345737914311],[-117.04595272188067,32.83457688026319],[-117.04594772233547,32.83458995682943],[-117.04594282723501,32.83460306295575],[-117.04593803329912,32.8346161959148],[-117.04593334050298,32.83462935295824],[-117.04592875215177,32.8346425395618],[-117.04592426819573,32.83465575022881],[-117.04591988863501,32.83466898495927],[-117.04591560695879,32.83468224379518],[-117.04591439490456,32.83468609674713],[-117.04591143290848,32.83469552392526],[-117.04590736002304,32.83470883088815],[-117.04590339476353,32.83472215914521],[-117.04589953061935,32.83473550873849],[-117.04589576756555,32.83474887691958],[-117.04589211867358,32.83476226910124],[-117.0458885676167,32.83477567989181],[-117.04588537259143,32.83478814015796],[-117.04588512418607,32.83478911197655],[-117.04588178510141,32.83480256262823],[-117.04587855033805,32.83481602909846],[-117.04587542317616,32.83482951411466],[-117.04587240036045,32.83484301769776],[-117.04586948186609,32.83485653709947],[-117.0458666709485,32.83487007229879],[-117.04586396435245,32.83488362331672],[-117.0458613620778,32.83489719015332],[-117.04585886735534,32.8349107700392],[-117.04585648018498,32.83492436297442],[-117.0458541973114,32.83493796897989],[-117.0458520219901,32.83495158803476],[-117.04584995419627,32.83496521739062],[-117.04584970919407,32.83496692578315],[-117.04584799069936,32.8349788598168],[-117.04584626293443,32.83499156898502],[-117.04584620518149,32.83499202285838],[-117.04584613472996,32.83499251254401],[-117.0458443830328,32.83500617559322],[-117.04584274209385,32.83501984617413],[-117.04584120542715,32.83503352707707],[-117.04583977626338,32.8350472155327],[-117.04583845462737,32.83506091428939],[-117.04583724046955,32.83507461785045],[-117.04583613378988,32.83508832621587],[-117.04583513135796,32.83510204215503],[-117.04583423968455,32.8351157656259],[-117.04583345220924,32.8351294911738],[-117.04583277221235,32.83514322152612],[-117.04583220294931,32.83515695666187],[-117.04583212596037,32.83515924390352],[-117.04583173785963,32.83517069112626],[-117.04583138024852,32.83518443039511],[-117.04583132152395,32.83518765750348],[-117.04583113006635,32.8351981689717],[-117.04583098736276,32.83521191235265],[-117.0458309520634,32.83522565229301],[-117.04583102421789,32.83523939428945],[-117.04583120380153,32.83525313559362],[-117.04583149081427,32.83526687620552],[-117.04583188523142,32.83528061337682],[-117.04583225296214,32.8352906787344],[-117.04583238707778,32.83529434985585],[-117.04583299632863,32.83530808289428],[-117.04583371295912,32.83532180974378],[-117.04583453701903,32.835335535901],[-117.04583546845871,32.8353492558693],[-117.04583650727817,32.83536296964864],[-117.04583765022207,32.83537667726004],[-117.04583890380131,32.83539037866147],[-117.04584026148021,32.83540407114662],[-117.04584172653914,32.83541775744284],[-117.0458432989533,32.83543143480171],[-117.045844982003,32.83544510595068],[-117.0458467658474,32.83545876270765],[-117.04584746921674,32.83546382089788],[-117.04584866032747,32.83547241325468],[-117.04585027422104,32.83548347653005],[-117.04586657932744,32.83560132300415],[-117.04587117356,32.83563450892719],[-117.04587309404148,32.83564815380929],[-117.04587494948927,32.83566180735597],[-117.04587673987847,32.83567546681886],[-117.04587846843965,32.83568912942862],[-117.04588013196708,32.83570280070294],[-117.04588173041097,32.83571647514518],[-117.04588326056557,32.8357301582729],[-117.04588473214751,32.83574384452662],[-117.04588613864584,32.83575753394822],[-117.04588747685483,32.83577123205534],[-117.04588862346525,32.83578354340855],[-117.04588875318582,32.83578492781269],[-117.0458899644829,32.83579863223463],[-117.04589111069622,32.83581233982448],[-117.04589219510611,32.83582605330959],[-117.04589321115192,32.83583976723525],[-117.04589416539419,32.83585348705618],[-117.04589505127232,32.83586720731768],[-117.04589587534691,32.83588093347445],[-117.04589663431275,32.83589466005076],[-117.04589732819466,32.83590838979502],[-117.04589795694288,32.83592211721049],[-117.04589838631377,32.8359325174867],[-117.04589852391224,32.83593585326957],[-117.04589902251732,32.83594958976922],[-117.04589945926895,32.83596332666753],[-117.04589982768097,32.8359770667547],[-117.04590003635253,32.835986462505],[-117.04590013421475,32.83599080449213],[-117.04590037568914,32.83600454814582],[-117.04590055200485,32.83601828672242],[-117.0459006632363,32.83603202846697],[-117.04590070935875,32.83604577063111],[-117.04590069037204,32.83605951321482],[-117.04590060950676,32.83607325344878],[-117.0459004603017,32.83608699687166],[-117.04590024921811,32.83610073794485],[-117.04589996974488,32.83611447671025],[-117.0458996284179,32.83612821587423],[-117.04589922195676,32.83614195270953],[-117.04589892824409,32.83615051615573],[-117.04589875038629,32.83615568996436],[-117.04589821368155,32.83616942489047],[-117.04589761509814,32.83618315746687],[-117.0458974969073,32.83618556865621],[-117.04589694812493,32.83619688773546],[-117.04589621927289,32.83621061565432],[-117.04589542528655,32.83622434124445],[-117.04589456291033,32.83623806452685],[-117.04589363865524,32.83625178545944],[-117.04589265575177,32.83626550127305],[-117.04589159794742,32.83627921482076],[-117.04589047823924,32.83629292327045],[-117.04588929665206,32.83630662937044],[-117.04588804990541,32.83632033039328],[-117.04588673802424,32.8363340290874],[-117.0458853609836,32.83634772270436],[-117.04588391878347,32.83636141124427],[-117.04588241465443,32.83637509193773],[-117.04588221559825,32.83637684126161],[-117.04588084539074,32.83638877030247],[-117.04587921099228,32.83640244633843],[-117.04587751138452,32.83641611180055],[-117.04587574336168,32.8364297722066],[-117.04587391994563,32.83644342747254],[-117.04587202808952,32.83645707493409],[-117.04587007107369,32.83647071731845],[-117.04586805215357,32.83648435460474],[-117.04586596804887,32.83649798406555],[-117.04586381875949,32.83651160570091],[-117.04586160431019,32.83652522225915],[-117.04585932788201,32.83653882547429],[-117.04585830707643,32.8365447495562],[-117.04585698631878,32.83655242636054],[-117.04585457954593,32.83656601667308],[-117.04585211084374,32.83657959913908],[-117.04585125681287,32.83658416439111],[-117.04584957695671,32.83659317377968],[-117.04584698114031,32.83660674057376],[-117.04584432011416,32.83662029679403],[-117.04584159387822,32.83663384244047],[-117.04583880573767,32.83664738298876],[-117.04583595238729,32.8366609129632],[-117.04583303708256,32.83667443234283],[-117.04583005659271,32.83668794389694],[-117.04582701086819,32.83670144212888],[-117.04582390646951,32.83671493249337],[-117.04582073358047,32.83672840955661],[-117.04581749876178,32.83674187877336],[-117.04581507167819,32.83675178348773],[-117.04581420196374,32.83675533464691],[-117.04581083998049,32.83676878269488],[-117.04580741601778,32.83678221739973],[-117.04580617639392,32.83678698577591],[-117.04580392682008,32.83679563878234],[-117.04580037566774,32.83680904957006],[-117.04579676581621,32.83682244974194],[-117.04579308421867,32.83683583663353],[-117.04578934387214,32.83684920741263],[-117.04578553836511,32.8368625731145],[-117.04578167408422,32.8368759199554],[-117.04577774459301,32.83688925622248],[-117.04577374986663,32.83690257916724],[-117.04576969644083,32.8369158914961],[-117.04576557770528,32.83692918225771],[-117.04576393829745,32.83693438472265],[-117.04576139701483,32.83694246242438],[-117.04575715111389,32.83695573201712],[-117.04575284969444,32.83696898272797],[-117.04574848306449,32.83698222286484],[-117.04574747174465,32.83698523623133],[-117.04574405114947,32.83699544418271],[-117.04573956048523,32.837008649388],[-117.04573500466005,32.83702184951596],[-117.04573039001107,32.83703502528635],[-117.04572571010175,32.83704818498601],[-117.04572096821242,32.8370613313424],[-117.04571616757373,32.83707446158616],[-117.04571130167466,32.8370875757592],[-117.04570637377063,32.83710067384057],[-117.04570138711713,32.83711375580931],[-117.04569633843387,32.83712681893801],[-117.04569122774554,32.83713986597501],[-117.04568605505223,32.83715289692033],[-117.04568082035387,32.83716591177389],[-117.04567552357588,32.83717890229077],[-117.04567016807319,32.83719187944332],[-117.04566475054048,32.83720483775575],[-117.04565927100265,32.83721777997649],[-117.04565373266543,32.83723070058777],[-117.04564813232305,32.83724360510731],[-117.04564762831355,32.83724475447556],[-117.04564246992575,32.83725648803847],[-117.04563674877872,32.83726935485684],[-117.04563096557678,32.83728220008676],[-117.04562512360012,32.83729502645559],[-117.04561921956855,32.83730783123599],[-117.04561326004264,32.83732061988259],[-117.0456072319258,32.83733338423432],[-117.04560114831462,32.8373461324523],[-117.04559500587905,32.83735885631244],[-117.04558880141317,32.83737156133247],[-117.04558253814767,32.83738424474294],[-117.04557620959638,32.83739690933425],[-117.04557139292717,32.83740646938396],[-117.04552340486561,32.83750022723037],[-117.04552024871249,32.83751124152856],[-117.045517070975,32.83751950747349],[-117.04546622144991,32.83765726235078],[-117.04539578882061,32.83784547371427],[-117.04538992684985,32.83786113939258],[-117.0453846528751,32.83787414074346],[-117.04537906549925,32.8378870479152],[-117.04537566497282,32.83789444127063],[-117.0453731744639,32.83789985809654],[-117.04537169772964,32.83790289094804],[-117.04536697971933,32.83791256579077],[-117.04536047793528,32.83792516277376],[-117.04535368213389,32.83793764896169],[-117.04534658572936,32.83795001615137],[-117.04533919846345,32.83796226153156],[-117.04533151700602,32.83797437687819],[-117.04532354786798,32.83798636214924],[-117.04531747657347,32.83799507823541],[-117.04531529743618,32.83799820356111],[-117.04530676252955,32.83800990937963],[-117.04529795276558,32.83802146305192],[-117.04528886814417,32.83803286457791],[-117.04527951189601,32.83804411118819],[-117.04526988720208,32.83805519461685],[-117.04526000380407,32.83806611205251],[-117.04524985839672,32.83807685801946],[-117.04523946072185,32.83808742970638],[-117.04523436808824,32.83809239878903],[-117.04522881075451,32.83809782436488],[-117.04522455571859,32.83810180959082],[-117.0452179149313,32.83810803370797],[-117.04520677976323,32.83811805769373],[-117.0451954051758,32.838127888077],[-117.04518405623583,32.83813731426575],[-117.04469934899066,32.8385417139106],[-117.04456363314107,32.83865527526986],[-117.04455206484623,32.83866494192961],[-117.04454035221288,32.8386744885832],[-117.04453623398641,32.83867776654248],[-117.0445285016777,32.83868390694362],[-117.04451651003484,32.83869320252856],[-117.0445043837457,32.83870236979936],[-117.04449212278551,32.83871140600762],[-117.04447972717912,32.83872031390167],[-117.0444672001573,32.83872909071222],[-117.04445454495077,32.83873773366993],[-117.04444176483995,32.83874624550209],[-117.04443618460755,32.83874986542976],[-117.04442885649483,32.83875461798474],[-117.04442013203298,32.83876013260771],[-117.04441582645143,32.83876285382419],[-117.04440267468493,32.83877095027207],[-117.04438940447574,32.8387789100558],[-117.04437601574946,32.83878672493029],[-117.04436251509166,32.83879440309867],[-117.04434889917236,32.83880193633673],[-117.04433856680214,32.83880749977427],[-117.04433517775837,32.83880932458175],[-117.04433155493427,32.83881121960499],[-117.04432134105819,32.83881656514811],[-117.04430740214369,32.83882366344871],[-117.04429335768498,32.83883061125943],[-117.04427921093769,32.83883740855933],[-117.04426496518212,32.83884405807575],[-117.04426219283856,32.83884531272591],[-117.04425062364922,32.83885055703939],[-117.0442434568601,32.83885370617502],[-117.04423618303377,32.83885689997445],[-117.04422165320183,32.8388630978115],[-117.04420703077376,32.83886913682974],[-117.04419231903002,32.83887501975652],[-117.04417752450669,32.83888074929828],[-117.04416264389853,32.83888631997928],[-117.04414768374161,32.83889173450592],[-117.04413263750007,32.83889699017175],[-117.04412244871584,32.8389004280836],[-117.04411752473213,32.83890208959939],[-117.04411289233545,32.83890359257619],[-117.04410233234118,32.8389070246277],[-117.04408707014368,32.83891180069033],[-117.04407173811479,32.83891641503911],[-117.04405633622984,32.83892086492556],[-117.04404087104967,32.83892515580445],[-117.04402534249988,32.83892927943084],[-117.04400976039686,32.83893324123852],[-117.04400940302867,32.83893332599075],[-117.04399411166885,32.83893703581452],[-117.04397841261863,32.83894066580258],[-117.04396265999056,32.8389441312235],[-117.04394685701557,32.83894742930808],[-117.04393965833685,32.83894884982963],[-117.04393100694938,32.83895056003532],[-117.04392538720194,32.83895160760537],[-117.04391510979194,32.83895352340529],[-117.04389917205457,32.83895631937597],[-117.04388319366291,32.83895893970251],[-117.04386717802142,32.83896140085384],[-117.04385112826175,32.83896368906741],[-117.04383504440884,32.83896580709153],[-117.04382467637691,32.83896706107981],[-117.0438189297183,32.83896775490529],[-117.04381763201212,32.83896790341917],[-117.04366151359831,32.8389853976965],[-117.04364538853886,32.83898727959038],[-117.04362927038638,32.83898920541363],[-117.04361316239638,32.83899117514533],[-117.04359705805768,32.83899318882738],[-117.0435911491624,32.83899394415144],[-117.04358096390618,32.83899524916617],[-117.04357172845722,32.83899645737698],[-117.04356487666155,32.83899735343437],[-117.04354879957931,32.83899950161104],[-117.04353272942858,32.83900169646542],[-117.0435166694154,32.83900393247997],[-117.04350061633379,32.83900621517226],[-117.04348457341443,32.83900854177301],[-117.04346854063259,32.83901090953393],[-117.04345251483169,32.83901332946927],[-117.04343649914347,32.83901578781644],[-117.0434204936422,32.83901829282041],[-117.04340449830312,32.83902084173292],[-117.04338850987061,32.83902343457485],[-117.04337253485583,32.83902607130435],[-117.04335657000307,32.83902875194241],[-117.04334061531245,32.83903147648896],[-117.04332467078385,32.83903424494405],[-117.04330873644207,32.839037060056],[-117.04329281551782,32.83903991905554],[-117.0432769047556,32.83904282196366],[-117.04326100413054,32.83904576603196],[-117.04324511694776,32.83904875673624],[-117.04322923992686,32.83905179134908],[-117.0432133730679,32.83905486987048],[-117.04319752288191,32.8390579922586],[-117.04318168283304,32.83906115580697],[-117.04316585297076,32.83906436601222],[-117.04315003652577,32.83906762010515],[-117.04314948083899,32.8390677363619],[-117.04313423349824,32.83907091808575],[-117.04311844386321,32.83907425720568],[-117.04310266767023,32.83907764296162],[-117.04308690489458,32.83908107260525],[-117.0430711555114,32.83908454338827],[-117.04305541954545,32.83908805805893],[-117.04303969376592,32.83909161938658],[-117.04302398788992,32.83909522181172],[-117.04300829217556,32.83909886814556],[-117.04299260987838,32.83910255836706],[-117.04297694422907,32.83910628970709],[-117.04296129202172,32.83911006768316],[-117.04296101912328,32.83911013265057],[-117.04294565646218,32.8391138867777],[-117.04293003431974,32.83911774975997],[-117.04291442884993,32.83912165660914],[-117.04289883677234,32.83912560459769],[-117.04288326139213,32.83912959920144],[-117.04286769940411,32.8391336349446],[-117.04285215406388,32.83913771180631],[-117.04283662542088,32.83914183528321],[-117.04282111342569,32.83914599987868],[-117.0428056181029,32.83915020834103],[-117.04279013619701,32.83915446069113],[-117.04277467416958,32.83915875139061],[-117.04275922558375,32.83916308872619],[-117.04274379690121,32.8391674671595],[-117.04272838489095,32.83917188945969],[-117.04271905869859,32.83917459336837],[-117.0427129895283,32.83917635287845],[-117.04270297843878,32.83917928655816],[-117.04269761083799,32.83918086016413],[-117.04269631848624,32.83918124225363],[-117.0425242433036,32.83923456789246],[-117.04235221739408,32.83929338995701],[-117.04220631790605,32.83934596453846],[-117.04191735478591,32.83945009454676],[-117.04190220874429,32.83945513894543],[-117.04188700937526,32.83946004625958],[-117.04187174370607,32.83946482206936],[-117.04185642145404,32.83946946081543],[-117.04184104261918,32.83947396249778],[-117.04182560722631,32.83947832986478],[-117.04181011848172,32.8394825573988],[-117.04179457641003,32.83948664784816],[-117.04177899077823,32.83949060115029],[-117.04176334851449,32.83949441189187],[-117.04174848474671,32.83949790156442],[-117.04124798940616,32.83959730619097],[-117.04123215597309,32.83960049967924],[-117.04122971552249,32.839601015539],[-117.04121636612146,32.83960383305934],[-117.04120061334014,32.83960730637295],[-117.04118491065127,32.83961091953674],[-117.04116924826343,32.83961466986491],[-117.04115363596792,32.83961856004326],[-117.04113807374009,32.83962258732351],[-117.04112256157973,32.83962675170561],[-117.04110709948691,32.83963105318963],[-117.04109169397265,32.83963549173383],[-117.04108127410404,32.83963859830619],[-117.04107634503693,32.83964006733832],[-117.04107106900479,32.83964169250807],[-117.041061052655,32.8396447772547],[-117.04104582008235,32.83964962146216],[-117.04103064734359,32.83965460270911],[-117.04101553764492,32.83965971547801],[-117.0410004942666,32.83966496249636],[-117.04098551395293,32.83967034378504],[-117.04097060319025,32.83967585655405],[-117.04095575872313,32.8396815008243],[-117.04094099029341,32.83968727378486],[-117.04092629143931,32.83969318097414],[-117.04091216810689,32.8396990047699],[-117.04091193779951,32.83969909969346],[-117.04091166534225,32.83969921412634],[-117.04089711856284,32.83970537869647],[-117.04088264456507,32.83971167197789],[-117.04088112038794,32.83971234412432],[-117.04008984272679,32.84006096991489],[-117.0400753686375,32.84006726585002],[-117.04006086803258,32.84007350973175],[-117.04004633763176,32.84007969883248],[-117.04003177427815,32.84008584416646],[-117.04001718440892,32.84009193744698],[-117.04000256148828,32.84009797596737],[-117.03998791207673,32.84010396518256],[-117.03997323291873,32.84010990511348],[-117.03995852070935,32.84011579028417],[-117.03994378200913,32.84012162614975],[-117.03992901353786,32.84012740998259],[-117.03992441607716,32.84012919292403],[-117.03991422180675,32.84013314174109],[-117.0399067980828,32.84013598718418],[-117.039899397049,32.84013882148773],[-117.03988454575119,32.84014444643247],[-117.03986966801196,32.84015002756868],[-117.03985476368345,32.84015554840629],[-117.0398398296086,32.84016101995952],[-117.03982487229874,32.84016644218669],[-117.03980988516862,32.84017180688438],[-117.03979487477886,32.84017711950767],[-117.03977983789849,32.84018238282566],[-117.03976477447823,32.84018759134172],[-117.03974968454277,32.84019274780416],[-117.03973456483655,32.84019785223377],[-117.03971943161292,32.84020290177813],[-117.03970426536291,32.84020789931046],[-117.03968907910904,32.8402128447475],[-117.03968589435414,32.84021386830935],[-117.03967386631544,32.84021773538252],[-117.03966412342113,32.84022082926069],[-117.03965863026235,32.84022257394303],[-117.03964337094983,32.84022736042905],[-117.03962808832858,32.84023208934389],[-117.03961277921698,32.84023676895331],[-117.03959745007704,32.84024139371907],[-117.03958210090865,32.84024596364117],[-117.03956672522536,32.84025048150945],[-117.03955132625812,32.84025494455491],[-117.03953591051823,32.84025935273581],[-117.03952047151903,32.84026370884215],[-117.03950501249165,32.84026801010474],[-117.03948953018036,32.84027225654443],[-117.0394740278409,32.8402764481404],[-117.03945850549792,32.8402805876409],[-117.03944296312679,32.84028467229766],[-117.03942739747193,32.8402887021314],[-117.03941181504455,32.8402926771006],[-117.03940233598937,32.84029506016101],[-117.03939621584473,32.84029659720521],[-117.03939139493875,32.84029779062929],[-117.03938059336127,32.84030046248687],[-117.03936495413005,32.84030427565221],[-117.03934929482151,32.84030802847708],[-117.03933361881461,32.84031173468237],[-117.03931792273046,32.84031538054715],[-117.03931505373986,32.84031603653214],[-117.03930221312959,32.84031897152648],[-117.03928648026991,32.84032251043112],[-117.03927073386893,32.84032599170195],[-117.03925497069572,32.84032941810819],[-117.03923919075039,32.84033278964973],[-117.03922339077725,32.84033610634741],[-117.03920758054323,32.84033936813879],[-117.03919174700118,32.84034257235881],[-117.03917590322297,32.84034572442085],[-117.03916004264806,32.84034881886986],[-117.03914416855677,32.8403518584334],[-117.03912827766885,32.84035484038386],[-117.03911656958883,32.84035699579687],[-117.03911237326457,32.84035776744884],[-117.03910755595508,32.8403586365169],[-117.03909645211301,32.84036064239744],[-117.03908052067611,32.84036345969138],[-117.03907473990384,32.84086262529721],[-117.03899074119352,32.84602397536521],[-117.02769373984583,32.8459718868094],[-117.0271332283334,32.84597453515815],[-117.02707172554189,32.84589376749055],[-117.02704200941724,32.8458529944056],[-117.02693603544522,32.84570398249853],[-117.0269359637396,32.84570388194262],[-117.02663487749106,32.84522761341391],[-117.02661299957555,32.84519300115208],[-117.02659058930938,32.84515460481688]]]],"type":"MultiPolygon"}
}